tuition_in_state_usd,tuition_out_of_state_usd,admission_rate,sat_average,act_midpoint,name,city,state,country,source
10024.0,18634.0,0.5795,938.0,18.0,Alabama A & M University,Normal,AL,United States,collegescorecard.ed.gov
9098.0,22562.0,0.8818,1258.0,27.0,University of Alabama at Birmingham,Birmingham,AL,United States,collegescorecard.ed.gov
7590.0,7590.0,,,,Amridge University,Montgomery,AL,United States,collegescorecard.ed.gov
12132.0,26408.0,0.6857,1319.0,28.0,University of Alabama in Huntsville,Huntsville,AL,United States,collegescorecard.ed.gov
11248.0,19576.0,0.9755,976.0,18.0,Alabama State University,Montgomery,AL,United States,collegescorecard.ed.gov
12180.0,34172.0,0.7665,1285.0,26.0,The University of Alabama,Tuscaloosa,AL,United States,collegescorecard.ed.gov
5110.0,8980.0,,,,Central Alabama Community College,Alexander City,AL,United States,collegescorecard.ed.gov
,,,,,Athens State University,Athens,AL,United States,collegescorecard.ed.gov
9700.0,20668.0,0.9157,1093.0,21.0,Auburn University at Montgomery,Montgomery,AL,United States,collegescorecard.ed.gov
12890.0,34922.0,0.4592,1345.0,,Auburn University,Auburn,AL,United States,collegescorecard.ed.gov
5100.0,8970.0,,,,Chattahoochee Valley Community College,Phenix City,AL,United States,collegescorecard.ed.gov
18145.0,18145.0,,,,South University-Montgomery,Montgomery,AL,United States,collegescorecard.ed.gov
5100.0,8970.0,,,,Enterprise State Community College,Enterprise,AL,United States,collegescorecard.ed.gov
5040.0,8910.0,,,,Coastal Alabama Community College,Bay Minette,AL,United States,collegescorecard.ed.gov
23920.0,23920.0,0.7307,1020.0,20.0,Faulkner University,Montgomery,AL,United States,collegescorecard.ed.gov
4272.0,7368.0,,,,Gadsden State Community College,Gadsden,AL,United States,collegescorecard.ed.gov
,,,,,New Beginning College of Cosmetology,Albertville,AL,United States,collegescorecard.ed.gov
4980.0,8850.0,,,,George C Wallace Community College-Dothan,Dothan,AL,United States,collegescorecard.ed.gov
5220.0,9090.0,,,,George C Wallace State Community College-Hanceville,Hanceville,AL,United States,collegescorecard.ed.gov
4740.0,8610.0,,,,George C Wallace State Community College-Selma,Selma,AL,United States,collegescorecard.ed.gov
13450.0,13450.0,0.9326,,,Herzing University-Birmingham,Birmingham,AL,United States,collegescorecard.ed.gov
29070.0,29070.0,0.6949,1142.0,22.0,Huntingdon College,Montgomery,AL,United States,collegescorecard.ed.gov
11982.0,11982.0,0.9,1020.0,,Heritage Christian University,Florence,AL,United States,collegescorecard.ed.gov
5190.0,9060.0,,,,J. F. Drake State Community and Technical College,Huntsville,AL,United States,collegescorecard.ed.gov
6084.0,6084.0,,,,J F Ingram State Technical College,Deatsville,AL,United States,collegescorecard.ed.gov
12894.0,23334.0,0.7769,1059.0,20.0,Jacksonville State University,Jacksonville,AL,United States,collegescorecard.ed.gov
5100.0,8970.0,,,,Jefferson State Community College,Birmingham,AL,United States,collegescorecard.ed.gov
5120.0,8990.0,,,,John C Calhoun State Community College,Tanner,AL,United States,collegescorecard.ed.gov
5040.0,8910.0,,,,Lawson State Community College,Birmingham,AL,United States,collegescorecard.ed.gov
10990.0,20090.0,0.4265,1015.0,19.0,University of West Alabama,Livingston,AL,United States,collegescorecard.ed.gov
5190.0,9060.0,,,,Lurleen B Wallace Community College,Andalusia,AL,United States,collegescorecard.ed.gov
9538.0,15538.0,0.9703,1068.0,22.0,Marion Military Institute,Marion,AL,United States,collegescorecard.ed.gov
13314.0,13314.0,,,,Miles College,Fairfield,AL,United States,collegescorecard.ed.gov
26910.0,26910.0,0.7789,1220.0,,University of Mobile,Mobile,AL,United States,collegescorecard.ed.gov
13948.0,26968.0,0.5385,,23.0,University of Montevallo,Montevallo,AL,United States,collegescorecard.ed.gov
5131.0,9001.0,,,,Northwest Shoals Community College,Muscle Shoals,AL,United States,collegescorecard.ed.gov
12120.0,22320.0,0.8731,,,University of North Alabama,Florence,AL,United States,collegescorecard.ed.gov
5040.0,8910.0,,,,Northeast Alabama Community College,Rainsville,AL,United States,collegescorecard.ed.gov
22512.0,22512.0,0.4522,,,Oakwood University,Huntsville,AL,United States,collegescorecard.ed.gov
5454.0,9324.0,,,,Reid State Technical College,Evergreen,AL,United States,collegescorecard.ed.gov
5340.0,9210.0,,,,Bishop State Community College,Mobile,AL,United States,collegescorecard.ed.gov
40150.0,40150.0,0.8236,1201.0,26.0,Samford University,Birmingham,AL,United States,collegescorecard.ed.gov
4800.0,4800.0,,,,Selma University,Selma,AL,United States,collegescorecard.ed.gov
5127.0,8997.0,,,,Shelton State Community College,Tuscaloosa,AL,United States,collegescorecard.ed.gov
5278.0,9664.0,,,,Snead State Community College,Boaz,AL,United States,collegescorecard.ed.gov
10116.0,19092.0,0.7096,1147.0,23.0,University of South Alabama,Mobile,AL,United States,collegescorecard.ed.gov
24054.0,24054.0,0.7657,1120.0,19.0,Spring Hill College,Mobile,AL,United States,collegescorecard.ed.gov
12126.0,12126.0,0.6225,,,Stillman College,Tuscaloosa,AL,United States,collegescorecard.ed.gov
15650.0,15650.0,0.8542,,,Talladega College,Talladega,AL,United States,collegescorecard.ed.gov
5190.0,9060.0,,,,H Councill Trenholm State Community College,Montgomery,AL,United States,collegescorecard.ed.gov
10176.0,20352.0,0.9604,1088.0,21.0,Troy University,Troy,AL,United States,collegescorecard.ed.gov
25386.0,25386.0,0.4868,1120.0,22.0,Tuskegee University,Tuskegee,AL,United States,collegescorecard.ed.gov
13800.0,13800.0,0.6137,,,United States Sports University,Daphne,AL,United States,collegescorecard.ed.gov
4734.0,8346.0,,,,Bevill State Community College,Jasper,AL,United States,collegescorecard.ed.gov
7738.0,21322.0,,,,University of Alaska Anchorage,Anchorage,AK,United States,collegescorecard.ed.gov
9730.0,9730.0,,,,Alaska Bible College,Palmer,AK,United States,collegescorecard.ed.gov
8736.0,22320.0,,,22.0,University of Alaska Fairbanks,Fairbanks,AK,United States,collegescorecard.ed.gov
7056.0,20640.0,0.6329,,,University of Alaska Southeast,Juneau,AK,United States,collegescorecard.ed.gov
20760.0,20760.0,0.9645,,,Alaska Pacific University,Anchorage,AK,United States,collegescorecard.ed.gov
,,,,,Alaska Vocational Technical Center,Seward,AK,United States,collegescorecard.ed.gov
18375.0,18375.0,,,,Charter College,Anchorage,AK,United States,collegescorecard.ed.gov
,,,,,Alaska Career College,Anchorage,AK,United States,collegescorecard.ed.gov
,,,,,Empire Beauty School-Tucson,Tucson,AZ,United States,collegescorecard.ed.gov
,,,,,Carrington College-Phoenix North,Phoenix,AZ,United States,collegescorecard.ed.gov
,,,,,Carrington College-Mesa,Mesa,AZ,United States,collegescorecard.ed.gov
,,,,,Carrington College-Tucson,Tucson,AZ,United States,collegescorecard.ed.gov
,,,,,Miller-Motte College-Arizona Automotive Institute,Glendale,AZ,United States,collegescorecard.ed.gov
,,,,,Brookline College-Phoenix,Phoenix,AZ,United States,collegescorecard.ed.gov
12223.0,33139.0,0.8989,,,Arizona State University Campus Immersion,Tempe,AZ,United States,collegescorecard.ed.gov
3060.0,9870.0,,,,Arizona Western College,Yuma,AZ,United States,collegescorecard.ed.gov
13926.0,42278.0,0.8614,1246.0,25.0,University of Arizona,Tucson,AZ,United States,collegescorecard.ed.gov
2250.0,4500.0,,,,Central Arizona College,Coolidge,AZ,United States,collegescorecard.ed.gov
,,,,,Charles of Italy Beauty College,Lake Havasu City,AZ,United States,collegescorecard.ed.gov
2280.0,6120.0,,,,Cochise County Community College District,Sierra Vista,AZ,United States,collegescorecard.ed.gov
,,,,,Empire Beauty School-Chandler,Chandler,AZ,United States,collegescorecard.ed.gov
,,,,,Avalon Institute-Mesa,Mesa,AZ,United States,collegescorecard.ed.gov
2352.0,9552.0,,,,Eastern Arizona College,Thatcher,AZ,United States,collegescorecard.ed.gov
44149.0,44149.0,0.7658,1250.0,26.0,Embry-Riddle Aeronautical University-Prescott,Prescott,AZ,United States,collegescorecard.ed.gov
,,,,,The School of Architecture,Scottsdale,AZ,United States,collegescorecard.ed.gov
2358.0,8958.0,,,,Glendale Community College,Glendale,AZ,United States,collegescorecard.ed.gov
17850.0,17850.0,0.7891,1077.0,,Grand Canyon University,Phoenix,AZ,United States,collegescorecard.ed.gov
2358.0,8958.0,,,,GateWay Community College,Phoenix,AZ,United States,collegescorecard.ed.gov
2358.0,8958.0,,,,Mesa Community College,Mesa,AZ,United States,collegescorecard.ed.gov
2208.0,7968.0,,,,Mohave Community College,Kingman,AZ,United States,collegescorecard.ed.gov
,,,,,Universal Technical Institute-Phoenix,Avondale,AZ,United States,collegescorecard.ed.gov
1410.0,1410.0,,,,Dine College,Tsaile,AZ,United States,collegescorecard.ed.gov
13009.0,29881.0,0.8961,,,Northern Arizona University,Flagstaff,AZ,United States,collegescorecard.ed.gov
2232.0,10320.0,,,,Northland Pioneer College,Holbrook,AZ,United States,collegescorecard.ed.gov
2358.0,8958.0,,,,Phoenix College,Phoenix,AZ,United States,collegescorecard.ed.gov
2442.0,7758.0,,,,Pima Community College,Tucson,AZ,United States,collegescorecard.ed.gov
,,,,,Pima Medical Institute-Tucson,Tucson,AZ,United States,collegescorecard.ed.gov
,,,,,Pima Medical Institute-Albuquerque,Albuquerque,NM,United States,collegescorecard.ed.gov
35685.0,35685.0,0.9451,,,Prescott College,Prescott,AZ,United States,collegescorecard.ed.gov
,,,,,Refrigeration School Inc,Phoenix,AZ,United States,collegescorecard.ed.gov
2358.0,8958.0,,,,Rio Salado College,Tempe,AZ,United States,collegescorecard.ed.gov
,,,,,Roberto-Venn School of Luthiery,Phoenix,AZ,United States,collegescorecard.ed.gov
2358.0,8958.0,,,,Scottsdale Community College,Scottsdale,AZ,United States,collegescorecard.ed.gov
2358.0,8958.0,,,,South Mountain Community College,Phoenix,AZ,United States,collegescorecard.ed.gov
35098.0,35098.0,0.7062,,20.0,Arizona Christian University,Glendale,AZ,United States,collegescorecard.ed.gov
,,,,,Universal Technical Institute of Arizona Inc,Avondale,AZ,United States,collegescorecard.ed.gov
2948.0,9486.0,,,,Yavapai College,Prescott,AZ,United States,collegescorecard.ed.gov
9748.0,22158.0,0.5878,1049.0,22.0,University of Arkansas at Little Rock,Little Rock,AR,United States,collegescorecard.ed.gov
,,,,,University of Arkansas for Medical Sciences,Little Rock,AR,United States,collegescorecard.ed.gov
8760.0,8760.0,,,,Arkansas Baptist College,Little Rock,AR,United States,collegescorecard.ed.gov
,,,,,Arkansas Beauty School-Little Rock,Little Rock,AR,United States,collegescorecard.ed.gov
,,,,,Arkansas Beauty College,Russellville,AR,United States,collegescorecard.ed.gov
31000.0,31000.0,0.6276,,24.0,Lyon College,Batesville,AR,United States,collegescorecard.ed.gov
,,,,,Arkansas Technical School,North Little Rock,AR,United States,collegescorecard.ed.gov
10104.0,29966.0,0.743,1169.0,25.0,University of Arkansas,Fayetteville,AR,United States,collegescorecard.ed.gov
9412.0,17992.0,0.4118,922.0,16.0,University of Arkansas at Pine Bluff,Pine Bluff,AR,United States,collegescorecard.ed.gov
3336.0,5232.0,,,,Arkansas State University-Beebe,Beebe,AR,United States,collegescorecard.ed.gov
8090.0,14522.0,0.8226,1090.0,23.0,Arkansas State University,Jonesboro,AR,United States,collegescorecard.ed.gov
8674.0,14668.0,0.9589,1049.0,,Arkansas Tech University,Russellville,AR,United States,collegescorecard.ed.gov
9292.0,14857.0,,,,University of Arkansas at Monticello,Monticello,AR,United States,collegescorecard.ed.gov
,,,,,Arthur's Beauty College,Jacksonville,AR,United States,collegescorecard.ed.gov
13987.0,13987.0,0.9545,,,Baptist Health College Little Rock,Little Rock,AR,United States,collegescorecard.ed.gov
4776.0,7488.0,,,,Black River Technical College,Pocahontas,AR,United States,collegescorecard.ed.gov
10523.0,18023.0,0.8949,1118.0,23.0,University of Central Arkansas,Conway,AR,United States,collegescorecard.ed.gov
21330.0,21330.0,0.6346,1046.0,21.0,Central Baptist College,Conway,AR,United States,collegescorecard.ed.gov
4200.0,5070.0,,,,Cossatot Community College of the University of Arkansas,De Queen,AR,United States,collegescorecard.ed.gov
16670.0,16670.0,,,,Crowley's Ridge College,Paragould,AR,United States,collegescorecard.ed.gov
3300.0,4380.0,,,,University of Arkansas-East Arkansas Community College,Forrest City,AR,United States,collegescorecard.ed.gov
,,,,,Paul Mitchell the School-Little Rock,North Little Rock,AR,United States,collegescorecard.ed.gov
5600.0,7280.0,,,,National Park College,Hot Springs,AR,United States,collegescorecard.ed.gov
3630.0,4662.0,,,,University of Arkansas Community College-Batesville,Batesville,AR,United States,collegescorecard.ed.gov
26262.0,26262.0,0.7052,1182.0,24.0,Harding University,Searcy,AR,United States,collegescorecard.ed.gov
8244.0,10620.0,,,21.0,Henderson State University,Arkadelphia,AR,United States,collegescorecard.ed.gov
38200.0,38200.0,0.5565,1282.0,28.0,Hendrix College,Conway,AR,United States,collegescorecard.ed.gov
,,,,,Hot Springs Beauty College,Hot Springs,AR,United States,collegescorecard.ed.gov
,,,,,Jefferson Regional School of Nursing,Pine Bluff,AR,United States,collegescorecard.ed.gov
31756.0,31756.0,0.7614,1195.0,26.0,John Brown University,Siloam Springs,AR,United States,collegescorecard.ed.gov
,,,,,Career Academy of Hair Design,Springdale,AR,United States,collegescorecard.ed.gov
,,,,,Academy of Salon and Spa,Fort Smith,AR,United States,collegescorecard.ed.gov
3216.0,4824.0,,,,Arkansas State University Mid-South,West Memphis,AR,United States,collegescorecard.ed.gov
2570.0,4250.0,,,,Arkansas Northeastern College,Blytheville,AR,United States,collegescorecard.ed.gov
,,,,,New Tyler Barber College Inc,North Little Rock,AR,United States,collegescorecard.ed.gov
3504.0,5592.0,,,,North Arkansas College,Harrison,AR,United States,collegescorecard.ed.gov
6277.0,6277.0,,,,Northwest Technical Institute,Springdale,AR,United States,collegescorecard.ed.gov
34500.0,34500.0,0.6752,1211.0,,Ouachita Baptist University,Arkadelphia,AR,United States,collegescorecard.ed.gov
3788.0,4388.0,,,,Arkansas State University Three Rivers,Malvern,AR,United States,collegescorecard.ed.gov
3820.0,6820.0,,,,Ozarka College,Melbourne,AR,United States,collegescorecard.ed.gov
25950.0,25950.0,0.5951,1105.0,21.0,University of the Ozarks,Clarksville,AR,United States,collegescorecard.ed.gov
3648.0,4728.0,1.0,1020.0,,University of Arkansas Community College-Morrilton,Morrilton,AR,United States,collegescorecard.ed.gov
13014.0,13014.0,,,,Philander Smith University,Little Rock,AR,United States,collegescorecard.ed.gov
3380.0,4550.0,,,,Phillips Community College of the University of Arkansas,Helena,AR,United States,collegescorecard.ed.gov
5200.0,8650.0,,,,Southeast Arkansas College,Pine Bluff,AR,United States,collegescorecard.ed.gov
,,,,,University of Aesthetics & Cosmetology,El Dorado,AR,United States,collegescorecard.ed.gov
6300.0,9450.0,,,,University of Arkansas-Pulaski Technical College,North Little Rock,AR,United States,collegescorecard.ed.gov
3880.0,5560.0,,,,University of Arkansas Hope-Texarkana,Hope,AR,United States,collegescorecard.ed.gov
3696.0,4272.0,,,,University of Arkansas Community College Rich Mountain,Mena,AR,United States,collegescorecard.ed.gov
,,,,,Paul Mitchell the School-Arkansas,Fayetteville,AR,United States,collegescorecard.ed.gov
,,,,,Searcy Beauty College,Searcy,AR,United States,collegescorecard.ed.gov
6246.0,6246.0,,,,Shorter College,N Little Rock,AR,United States,collegescorecard.ed.gov
21070.0,21070.0,0.8342,980.0,22.0,Williams Baptist University,Walnut Ridge,AR,United States,collegescorecard.ed.gov
3324.0,5532.0,,,,South Arkansas College,El Dorado,AR,United States,collegescorecard.ed.gov
9960.0,15690.0,0.7533,1047.0,22.0,Southern Arkansas University Main Campus,Magnolia,AR,United States,collegescorecard.ed.gov
5040.0,6480.0,,,,Southern Arkansas University Tech,Camden,AR,United States,collegescorecard.ed.gov
,,,,,Velvatex College of Beauty Culture,Little Rock,AR,United States,collegescorecard.ed.gov
7334.0,12182.0,0.8046,1050.0,,University of Arkansas-Fort Smith,Fort Smith,AR,United States,collegescorecard.ed.gov
30736.0,30736.0,,,,Academy of Art University,San Francisco,CA,United States,collegescorecard.ed.gov
,,,,,Academy of Chinese Culture and Health Sciences,Oakland,CA,United States,collegescorecard.ed.gov
1258.0,9898.0,,,,College of Alameda,Alameda,CA,United States,collegescorecard.ed.gov
1156.0,9892.0,,,,Allan Hancock College,Santa Maria,CA,United States,collegescorecard.ed.gov
2856.0,2856.0,0.8889,,,Berkeley School of Theology,Berkeley,CA,United States,collegescorecard.ed.gov
,,,,,American Film Institute Conservatory,Los Angeles,CA,United States,collegescorecard.ed.gov
,,,,,American Beauty College,West Covina,CA,United States,collegescorecard.ed.gov
,,,,,American Career College-Los Angeles,Los Angeles,CA,United States,collegescorecard.ed.gov
1288.0,12616.0,,,,American River College,Sacramento,CA,United States,collegescorecard.ed.gov
1124.0,9548.0,,,,Antelope Valley Community College District,Lancaster,CA,United States,collegescorecard.ed.gov
54170.0,54170.0,0.7454,,,Art Center College of Design,Pasadena,CA,United States,collegescorecard.ed.gov
,,,,,Associated Technical College-Los Angeles,Los Angeles,CA,United States,collegescorecard.ed.gov
44458.0,44458.0,0.8843,1195.0,22.0,Azusa Pacific University,Azusa,CA,United States,collegescorecard.ed.gov
1430.0,11300.0,,,,Bakersfield College,Bakersfield,CA,United States,collegescorecard.ed.gov
1104.0,9744.0,,,,Barstow Community College,Barstow,CA,United States,collegescorecard.ed.gov
,,,,,Bellus Academy-Chula Vista,Chula Vista,CA,United States,collegescorecard.ed.gov
7220.0,7220.0,,,,Bethesda University,Anaheim,CA,United States,collegescorecard.ed.gov
48984.0,48984.0,0.7435,1261.0,26.0,Biola University,La Mirada,CA,United States,collegescorecard.ed.gov
,,,,,Brownson Technical School,Anaheim,CA,United States,collegescorecard.ed.gov
12219.0,12219.0,,,,Bryan University,Tempe,AZ,United States,collegescorecard.ed.gov
1356.0,9276.0,,,,Butte College,Oroville,CA,United States,collegescorecard.ed.gov
,,,,,California Institute of Integral Studies,San Francisco,CA,United States,collegescorecard.ed.gov
1270.0,9862.0,,,,Cabrillo College,Aptos,CA,United States,collegescorecard.ed.gov
41228.0,41228.0,0.8488,,,California Baptist University,Riverside,CA,United States,collegescorecard.ed.gov
60226.0,60226.0,0.911,,,California College of the Arts,San Francisco,CA,United States,collegescorecard.ed.gov
,,,,,University of California College of the Law-San Francisco,San Francisco,CA,United States,collegescorecard.ed.gov
65898.0,65898.0,0.0257,,,California Institute of Technology,Pasadena,CA,United States,collegescorecard.ed.gov
52560.0,52560.0,0.7567,1266.0,26.0,California Lutheran University,Thousand Oaks,CA,United States,collegescorecard.ed.gov
13596.0,34665.0,0.3132,,,California Polytechnic State University-San Luis Obispo,San Luis Obispo,CA,United States,collegescorecard.ed.gov
14304.0,14304.0,0.0,,,Alliant International University-San Diego,San Diego,CA,United States,collegescorecard.ed.gov
8090.0,20690.0,0.9385,,,California State University-Bakersfield,Bakersfield,CA,United States,collegescorecard.ed.gov
8246.0,20846.0,0.9814,,,California State University-Stanislaus,Turlock,CA,United States,collegescorecard.ed.gov
8093.0,20693.0,0.9374,,,California State University-San Bernardino,San Bernardino,CA,United States,collegescorecard.ed.gov
7780.0,20380.0,0.7517,,,California State Polytechnic University-Pomona,Pomona,CA,United States,collegescorecard.ed.gov
8472.0,21072.0,0.9272,,,California State University-Chico,Chico,CA,United States,collegescorecard.ed.gov
7449.0,20049.0,0.933,,,California State University-Dominguez Hills,Carson,CA,United States,collegescorecard.ed.gov
7350.0,19950.0,0.9526,,,California State University-Fresno,Fresno,CA,United States,collegescorecard.ed.gov
7470.0,20070.0,0.9052,,,California State University-Fullerton,Fullerton,CA,United States,collegescorecard.ed.gov
7583.0,20183.0,0.9739,,,California State University-East Bay,Hayward,CA,United States,collegescorecard.ed.gov
7350.0,19950.0,0.4627,,,California State University-Long Beach,Long Beach,CA,United States,collegescorecard.ed.gov
7160.0,19760.0,0.9125,,,California State University-Los Angeles,Los Angeles,CA,United States,collegescorecard.ed.gov
7458.0,20058.0,0.9345,,,California State University-Northridge,Northridge,CA,United States,collegescorecard.ed.gov
8018.0,20618.0,0.9399,,,California State University-Sacramento,Sacramento,CA,United States,collegescorecard.ed.gov
16347.0,50547.0,0.1098,,,University of California-Berkeley,Berkeley,CA,United States,collegescorecard.ed.gov
16774.0,50974.0,0.4183,,,University of California-Davis,Davis,CA,United States,collegescorecard.ed.gov
15722.0,49922.0,0.2857,,,University of California-Irvine,Irvine,CA,United States,collegescorecard.ed.gov
15203.0,49403.0,0.0897,,,University of California-Los Angeles,Los Angeles,CA,United States,collegescorecard.ed.gov
15606.0,49806.0,0.7639,,,University of California-Riverside,Riverside,CA,United States,collegescorecard.ed.gov
16758.0,50958.0,0.2671,,,University of California-San Diego,La Jolla,CA,United States,collegescorecard.ed.gov
,,,,,University of California-San Francisco,San Francisco,CA,United States,collegescorecard.ed.gov
16414.0,50614.0,0.3297,,,University of California-Santa Barbara,Santa Barbara,CA,United States,collegescorecard.ed.gov
16005.0,50205.0,0.6579,,,University of California-Santa Cruz,Santa Cruz,CA,United States,collegescorecard.ed.gov
,,,,,Sofia University,Palo Alto,CA,United States,collegescorecard.ed.gov
,,,,,California Beauty College,Modesto,CA,United States,collegescorecard.ed.gov
7010.0,7010.0,,,,Haven University,Garden Grove,CA,United States,collegescorecard.ed.gov
,,,,,California Hair Design Academy,La Mesa,CA,United States,collegescorecard.ed.gov
58996.0,58996.0,0.3234,,,California Institute of the Arts,Valencia,CA,United States,collegescorecard.ed.gov
9944.0,22544.0,0.9501,,,Cal Poly Maritime Academy,Vallejo,CA,United States,collegescorecard.ed.gov
,,,,,California Western School of Law,San Diego,CA,United States,collegescorecard.ed.gov
1332.0,11384.0,,,,Canada College,Redwood City,CA,United States,collegescorecard.ed.gov
1166.0,10958.0,,,,College of the Canyons,Santa Clarita,CA,United States,collegescorecard.ed.gov
,,,,,Career Academy of Beauty,Garden Grove,CA,United States,collegescorecard.ed.gov
,,0.4255,,,Casa Loma College-Los Angeles,Sherman Oaks,CA,United States,collegescorecard.ed.gov
,,,,,CET-San Diego,San Diego,CA,United States,collegescorecard.ed.gov
,,,,,CET-San Jose,San Jose,CA,United States,collegescorecard.ed.gov
,,,,,CET-El Centro,El Centro,CA,United States,collegescorecard.ed.gov
,,,,,CET-Colton,Colton,CA,United States,collegescorecard.ed.gov
,,,,,CET-Watsonville,Watsonville,CA,United States,collegescorecard.ed.gov
,,,,,CET-Salinas,Salinas,CA,United States,collegescorecard.ed.gov
1364.0,12004.0,,,,Cerritos College,Norwalk,CA,United States,collegescorecard.ed.gov
1384.0,11254.0,,,,Cerro Coso Community College,Ridgecrest,CA,United States,collegescorecard.ed.gov
1150.0,8686.0,,,,Chabot College,Hayward,CA,United States,collegescorecard.ed.gov
1184.0,11120.0,,,,Chaffey College,Rancho Cucamonga,CA,United States,collegescorecard.ed.gov
64984.0,64984.0,0.6543,1357.0,29.0,Chapman University,Orange,CA,United States,collegescorecard.ed.gov
23000.0,23000.0,0.3874,,,Charles R Drew University of Medicine and Science,Los Angeles,CA,United States,collegescorecard.ed.gov
43480.0,43480.0,0.6599,,25.0,Concordia University-Irvine,Irvine,CA,United States,collegescorecard.ed.gov
28012.0,28012.0,0.3081,,,San Diego Christian College,Santee,CA,United States,collegescorecard.ed.gov
,,,,,Church Divinity School of the Pacific,Berkeley,CA,United States,collegescorecard.ed.gov
1204.0,10636.0,,,,Citrus College,Glendora,CA,United States,collegescorecard.ed.gov
,,,,,Citrus Heights Beauty College,Citrus Heights,CA,United States,collegescorecard.ed.gov
1696.0,14656.0,,,,City College of San Francisco,San Francisco,CA,United States,collegescorecard.ed.gov
,,,,,Claremont Graduate University,Claremont,CA,United States,collegescorecard.ed.gov
67980.0,67980.0,0.0959,1527.0,34.0,Claremont McKenna College,Claremont,CA,United States,collegescorecard.ed.gov
,,,,,Milan Institute-Visalia,Visalia,CA,United States,collegescorecard.ed.gov
,,,,,Clovis Adult Education,Clovis,CA,United States,collegescorecard.ed.gov
1364.0,11612.0,,,,Coastline Community College,Fountain Valley,CA,United States,collegescorecard.ed.gov
22480.0,22480.0,0.5118,,,University of Silicon Valley,San Jose,CA,United States,collegescorecard.ed.gov
,,,,,Coba Academy,Anaheim,CA,United States,collegescorecard.ed.gov
,,,,,Western University of Health Sciences,Pomona,CA,United States,collegescorecard.ed.gov
1282.0,9264.0,,,,Columbia College,Sonora,CA,United States,collegescorecard.ed.gov
25186.0,25186.0,,,,California College of ASU,Los Angeles,CA,United States,collegescorecard.ed.gov
1142.0,8822.0,,,,Compton College,Compton,CA,United States,collegescorecard.ed.gov
1312.0,10320.0,,,,Contra Costa College,San Pablo,CA,United States,collegescorecard.ed.gov
1288.0,12616.0,,,,Cosumnes River College,Sacramento,CA,United States,collegescorecard.ed.gov
1188.0,14556.0,,,,Crafton Hills College,Yucaipa,CA,United States,collegescorecard.ed.gov
1350.0,11010.0,,,,Cuesta College,San Luis Obispo,CA,United States,collegescorecard.ed.gov
1346.0,11314.0,,,,Cuyamaca College,El Cajon,CA,United States,collegescorecard.ed.gov
1150.0,12379.0,,,,Cypress College,Cypress,CA,United States,collegescorecard.ed.gov
1571.0,12596.0,,,,De Anza College,Cupertino,CA,United States,collegescorecard.ed.gov
,,,,,International School of Beauty Inc,Palm Desert,CA,United States,collegescorecard.ed.gov
1326.0,10174.0,,,,College of the Desert,Palm Desert,CA,United States,collegescorecard.ed.gov
29300.0,29300.0,1.0,,,Design Institute of San Diego,San Diego,CA,United States,collegescorecard.ed.gov
1312.0,10320.0,,,,Diablo Valley College,Pleasant Hill,CA,United States,collegescorecard.ed.gov
52161.0,52161.0,0.835,1290.0,23.0,Dominican University of California,San Rafael,CA,United States,collegescorecard.ed.gov
,,,,,Dominican School of Philosophy & Theology,Berkeley,CA,United States,collegescorecard.ed.gov
1238.0,10572.0,,,,East Los Angeles College,Monterey Park,CA,United States,collegescorecard.ed.gov
1144.0,7630.0,,,,El Camino Community College District,Torrance,CA,United States,collegescorecard.ed.gov
1366.0,8718.0,,,,Evergreen Valley College,San Jose,CA,United States,collegescorecard.ed.gov
1465.0,10435.0,,,,Feather River Community College District,Quincy,CA,United States,collegescorecard.ed.gov
,,,,,Federico Beauty Institute,Sacramento,CA,United States,collegescorecard.ed.gov
,,,,,Fielding Graduate University,Santa Barbara,CA,United States,collegescorecard.ed.gov
,,,,,Five Branches University,Santa Cruz,CA,United States,collegescorecard.ed.gov
,,,,,Redondo Beach Beauty College,Torrance,CA,United States,collegescorecard.ed.gov
1565.0,12590.0,,,,Foothill College,Los Altos Hills,CA,United States,collegescorecard.ed.gov
,,,,,Franciscan School of Theology,San Diego,CA,United States,collegescorecard.ed.gov
,,,,,Fredrick and Charles Beauty College,Eureka,CA,United States,collegescorecard.ed.gov
1334.0,10154.0,,,,Fresno City College,Fresno,CA,United States,collegescorecard.ed.gov
36660.0,36660.0,0.6407,,21.0,Fresno Pacific University,Fresno,CA,United States,collegescorecard.ed.gov
,,,,,Fuller Theological Seminary,Pasadena,CA,United States,collegescorecard.ed.gov
1150.0,12379.0,,,,Fullerton College,Fullerton,CA,United States,collegescorecard.ed.gov
1508.0,12249.0,,,,Gavilan College,Gilroy,CA,United States,collegescorecard.ed.gov
,,,,,Gemological Institute of America-Carlsbad,Carlsbad,CA,United States,collegescorecard.ed.gov
1191.0,10935.0,,,,Glendale Community College,Glendale,CA,United States,collegescorecard.ed.gov
,,,,,Glendale Career College,Glendale,CA,United States,collegescorecard.ed.gov
,,,,,Golden Gate University,San Francisco,CA,United States,collegescorecard.ed.gov
1380.0,11628.0,,,,Golden West College,Huntington Beach,CA,United States,collegescorecard.ed.gov
,,,,,Graduate Theological Union,Berkeley,CA,United States,collegescorecard.ed.gov
1332.0,10628.0,,,,Grossmont College,El Cajon,CA,United States,collegescorecard.ed.gov
,,,,,Salon Success Academy-Riverside,Riverside,CA,United States,collegescorecard.ed.gov
1404.0,10374.0,,,,Hartnell College,Salinas,CA,United States,collegescorecard.ed.gov
68613.0,68613.0,0.1266,1545.0,35.0,Harvey Mudd College,Claremont,CA,United States,collegescorecard.ed.gov
,,,,,Hilltop Beauty School,Daly City,CA,United States,collegescorecard.ed.gov
,,,,,Pacifica Graduate Institute,Santa Barbara CA,CA,United States,collegescorecard.ed.gov
8250.0,20850.0,0.982,,,California State Polytechnic University-Humboldt,Arcata,CA,United States,collegescorecard.ed.gov
13500.0,13500.0,,,,Humphreys University,Stockton,CA,United States,collegescorecard.ed.gov
1148.0,8852.0,,,,Imperial Valley College,Imperial,CA,United States,collegescorecard.ed.gov
,,,,,Institute for Business and Technology,San Jose,CA,United States,collegescorecard.ed.gov
20250.0,20250.0,,,,Interior Designers Institute,Newport Beach,CA,United States,collegescorecard.ed.gov
1156.0,11860.0,,,,Irvine Valley College,Irvine,CA,United States,collegescorecard.ed.gov
,,,,,Bellus Academy-El Cajon,El Cajon,CA,United States,collegescorecard.ed.gov
,,,,,American Jewish University,Los Angeles,CA,United States,collegescorecard.ed.gov
1334.0,10154.0,,,,Reedley College,Reedley,CA,United States,collegescorecard.ed.gov
22118.0,22118.0,0.958,,,Life Pacific University,San Dimas,CA,United States,collegescorecard.ed.gov
49470.0,49470.0,0.7117,1083.0,21.0,University of La Verne,La Verne,CA,United States,collegescorecard.ed.gov
37500.0,37500.0,0.9432,,,Laguna College of Art and Design,Laguna Beach,CA,United States,collegescorecard.ed.gov
1131.0,11103.0,,,,Lake Tahoe Community College,South Lake Tahoe,CA,United States,collegescorecard.ed.gov
,,,,,Lancaster Beauty School,Lancaster,CA,United States,collegescorecard.ed.gov
1258.0,9898.0,,,,Laney College,Oakland,CA,United States,collegescorecard.ed.gov
1144.0,9280.0,,,,Lassen Community College,Susanville,CA,United States,collegescorecard.ed.gov
14050.0,14050.0,0.5455,,,Latin American Bible Institute,La Puente,CA,United States,collegescorecard.ed.gov
,,,,,Life Chiropractic College West,Hayward,CA,United States,collegescorecard.ed.gov
13150.0,13150.0,,,,Lincoln University,Oakland,CA,United States,collegescorecard.ed.gov
19080.0,19080.0,,,,Southern California Seminary,El Cajon,CA,United States,collegescorecard.ed.gov
37710.0,37710.0,0.915,,23.0,La Sierra University,Riverside,CA,United States,collegescorecard.ed.gov
,,,,,Loma Linda University,Loma Linda,CA,United States,collegescorecard.ed.gov
1556.0,12544.0,,,,Long Beach City College,Long Beach,CA,United States,collegescorecard.ed.gov
10476.0,10476.0,,,,Southern California University of Health Sciences,Whittier,CA,United States,collegescorecard.ed.gov
1238.0,10568.0,,,,Los Angeles Harbor College,Wilmington,CA,United States,collegescorecard.ed.gov
1238.0,10572.0,,,,Los Angeles Pierce College,Woodland Hills,CA,United States,collegescorecard.ed.gov
1238.0,10572.0,,,,Los Angeles Southwest College,Los Angeles,CA,United States,collegescorecard.ed.gov
1238.0,10572.0,,,,Los Angeles Trade Technical College,Los Angeles,CA,United States,collegescorecard.ed.gov
1238.0,10572.0,,,,Los Angeles Valley College,Valley Glen,CA,United States,collegescorecard.ed.gov
39020.0,39020.0,0.8402,,,The Master's University and Seminary,Santa Clarita,CA,United States,collegescorecard.ed.gov
1238.0,10572.0,,,,Los Angeles City College,Los Angeles,CA,United States,collegescorecard.ed.gov
,,,,,Los Angeles County College of Nursing and Allied Health,Los Angeles,CA,United States,collegescorecard.ed.gov
1238.0,10572.0,,,,Los Angeles Mission College,Sylmar,CA,United States,collegescorecard.ed.gov
1312.0,10320.0,,,,Los Medanos College,Pittsburg,CA,United States,collegescorecard.ed.gov
62357.0,62357.0,0.4508,1359.0,30.0,Loyola Marymount University,Los Angeles,CA,United States,collegescorecard.ed.gov
,,,,,Lu Ross Academy,Ventura,CA,United States,collegescorecard.ed.gov
,,,,,Lyle's College of Beauty,Bakersfield,CA,United States,collegescorecard.ed.gov
,,,,,Lyle's College of  Beauty,Fresno,CA,United States,collegescorecard.ed.gov
,,,,,Lytles Redwood Empire Beauty College,Santa Rosa,CA,United States,collegescorecard.ed.gov
,,0.6338,,,MTI College,Sacramento,CA,United States,collegescorecard.ed.gov
1558.0,9334.0,,,,College of Marin,Kentfield,CA,United States,collegescorecard.ed.gov
1423.0,10003.0,,,,Mendocino College,Ukiah,CA,United States,collegescorecard.ed.gov
53630.0,53630.0,0.6847,,,Menlo College,Atherton,CA,United States,collegescorecard.ed.gov
1200.0,8520.0,,,,Merced College,Merced,CA,United States,collegescorecard.ed.gov
1258.0,9898.0,,,,Merritt College,Oakland,CA,United States,collegescorecard.ed.gov
67778.0,67778.0,0.1665,1472.0,31.0,Northeastern University Oakland,Oakland,CA,United States,collegescorecard.ed.gov
1158.0,9750.0,,,,MiraCosta College,Oceanside,CA,United States,collegescorecard.ed.gov
1438.0,12500.0,,,,Mission College,Santa Clara,CA,United States,collegescorecard.ed.gov
,,,,,Modern Beauty Academy,Oxnard,CA,United States,collegescorecard.ed.gov
1282.0,9264.0,,,,Modesto Junior College,Modesto,CA,United States,collegescorecard.ed.gov
,,,,,Moler Barber College,Oakland,CA,United States,collegescorecard.ed.gov
,,,,,Middlebury Institute of International Studies at Monterey,Monterey,CA,United States,collegescorecard.ed.gov
1188.0,10572.0,,,,Monterey Peninsula College,Monterey,CA,United States,collegescorecard.ed.gov
1426.0,9615.0,,,,Moorpark College,Moorpark,CA,United States,collegescorecard.ed.gov
1364.0,10464.0,,,,Mt San Antonio College,Walnut,CA,United States,collegescorecard.ed.gov
49564.0,49564.0,0.7313,,,Mount Saint Mary's University,Los Angeles,CA,United States,collegescorecard.ed.gov
1448.0,12728.0,,,,Mt San Jacinto Community College District,San Jacinto,CA,United States,collegescorecard.ed.gov
34322.0,34322.0,0.7795,,,Musicians Institute,Hollywood,CA,United States,collegescorecard.ed.gov
1156.0,11908.0,,,,Napa Valley College,Napa,CA,United States,collegescorecard.ed.gov
,,,,,National Holistic Institute,Emeryville,CA,United States,collegescorecard.ed.gov
13284.0,13284.0,,,,National University,San Diego,CA,United States,collegescorecard.ed.gov
,,,,,Naval Postgraduate School,Monterey,CA,United States,collegescorecard.ed.gov
30291.0,30291.0,1.0,,,Newschool of Architecture and Design,San Diego,CA,United States,collegescorecard.ed.gov
,,,,,North Adrian's College of Beauty Inc,Modesto,CA,United States,collegescorecard.ed.gov
,,,,,North-West College-Pomona,Pomona,CA,United States,collegescorecard.ed.gov
,,,,,North-West College-West Covina,West Covina,CA,United States,collegescorecard.ed.gov
,,,,,North-West College-Van Nuys,Van Nuys,CA,United States,collegescorecard.ed.gov
8830.0,8830.0,0.9578,,,San Francisco Bay University,Fremont,CA,United States,collegescorecard.ed.gov
,,,,,Notre Dame de Namur University,Belmont,CA,United States,collegescorecard.ed.gov
66274.0,66274.0,0.4417,1452.0,32.0,Occidental College,Los Angeles,CA,United States,collegescorecard.ed.gov
1202.0,8714.0,,,,Ohlone College,Fremont,CA,United States,collegescorecard.ed.gov
1392.0,11640.0,,,,Orange Coast College,Costa Mesa,CA,United States,collegescorecard.ed.gov
56488.0,56488.0,0.8176,1310.0,25.0,Otis College of Art and Design,Los Angeles,CA,United States,collegescorecard.ed.gov
1426.0,9615.0,,,,Oxnard College,Oxnard,CA,United States,collegescorecard.ed.gov
38050.0,38050.0,0.3298,1020.0,,Hope International University,Fullerton,CA,United States,collegescorecard.ed.gov
,,1.0,,,Concorde Career College-San Diego,San Diego,CA,United States,collegescorecard.ed.gov
,,,,,Palo Alto University,Palo Alto,CA,United States,collegescorecard.ed.gov
32520.0,32520.0,0.3438,,,Pacific Oaks College,Pasadena,CA,United States,collegescorecard.ed.gov
,,,,,Pacific School of Religion,Berkeley,CA,United States,collegescorecard.ed.gov
10159.0,10159.0,,,,Pacific States University,Los Angeles,CA,United States,collegescorecard.ed.gov
37173.0,37173.0,0.473,,,Pacific Union College,Angwin,CA,United States,collegescorecard.ed.gov
57080.0,57080.0,0.7132,1346.0,28.0,University of the Pacific,Stockton,CA,United States,collegescorecard.ed.gov
1288.0,12880.0,,,,Palo Verde College,Blythe,CA,United States,collegescorecard.ed.gov
1354.0,10650.0,,,,Palomar College,San Marcos,CA,United States,collegescorecard.ed.gov
1180.0,9820.0,,,,Pasadena City College,Pasadena,CA,United States,collegescorecard.ed.gov
69918.0,69918.0,0.6286,1384.0,28.0,Pepperdine University,Malibu,CA,United States,collegescorecard.ed.gov
65192.0,65192.0,0.2516,,,Pitzer College,Claremont,CA,United States,collegescorecard.ed.gov
46250.0,46250.0,0.8368,1287.0,26.0,Point Loma Nazarene University,San Diego,CA,United States,collegescorecard.ed.gov
65420.0,65420.0,0.0709,1534.0,34.0,Pomona College,Claremont,CA,United States,collegescorecard.ed.gov
1438.0,11308.0,,,,Porterville College,Porterville,CA,United States,collegescorecard.ed.gov
,,,,,Professional Institute of Beauty,El Monte,CA,United States,collegescorecard.ed.gov
1180.0,10756.0,,,,Santa Ana College,Santa Ana,CA,United States,collegescorecard.ed.gov
,,,,,RAND School of Public Policy,Santa Monica,CA,United States,collegescorecard.ed.gov
,,,,,Shasta School of Cosmetology,Redding,CA,United States,collegescorecard.ed.gov
60878.0,60878.0,0.8271,1241.0,29.0,University of Redlands,Redlands,CA,United States,collegescorecard.ed.gov
1198.0,8854.0,,,,College of the Redwoods,Eureka,CA,United States,collegescorecard.ed.gov
,,,,,Salon Success Academy-Upland,Upland,CA,United States,collegescorecard.ed.gov
,,,,,Salon Success Academy-Corona,Corona,CA,United States,collegescorecard.ed.gov
1388.0,9884.0,,,,Rio Hondo College,Whittier,CA,United States,collegescorecard.ed.gov
1428.0,12498.0,,,,Riverside City College,Riverside,CA,United States,collegescorecard.ed.gov
,,,,,Dongguk University Los Angeles,Los Angeles,CA,United States,collegescorecard.ed.gov
1288.0,12616.0,,,,Sacramento City College,Sacramento,CA,United States,collegescorecard.ed.gov
1156.0,11860.0,,,,Saddleback College,Mission Viejo,CA,United States,collegescorecard.ed.gov
,,,,,Samuel Merritt University,Oakland,CA,United States,collegescorecard.ed.gov
1146.0,10002.0,,,,San Diego City College,San Diego,CA,United States,collegescorecard.ed.gov
1146.0,10002.0,,,,San Diego Mesa College,San Diego,CA,United States,collegescorecard.ed.gov
1146.0,10002.0,,,,San Diego Miramar College,San Diego,CA,United States,collegescorecard.ed.gov
8728.0,21328.0,0.3619,,,San Diego State University,San Diego,CA,United States,collegescorecard.ed.gov
59486.0,59486.0,0.5238,,,University of San Diego,San Diego,CA,United States,collegescorecard.ed.gov
56150.0,56150.0,0.5491,,,San Francisco Conservatory of Music,San Francisco,CA,United States,collegescorecard.ed.gov
7950.0,20550.0,0.9644,,,San Francisco State University,San Francisco,CA,United States,collegescorecard.ed.gov
60492.0,60492.0,0.6171,1295.0,29.0,University of San Francisco,San Francisco,CA,United States,collegescorecard.ed.gov
,,,,,San Joaquin College of Law,Clovis,CA,United States,collegescorecard.ed.gov
1180.0,9772.0,,,,San Joaquin Delta College,Stockton,CA,United States,collegescorecard.ed.gov
,,,,,San Joaquin Valley College-Visalia,Visalia,CA,United States,collegescorecard.ed.gov
,,,,,San Joaquin Valley College-Bakersfield,Bakersfield,CA,United States,collegescorecard.ed.gov
37150.0,37150.0,0.9333,1150.0,,William Jessup University,Rocklin,CA,United States,collegescorecard.ed.gov
1366.0,11922.0,,,,San Jose City College,San Jose,CA,United States,collegescorecard.ed.gov
8410.0,21010.0,0.8461,,,San Jose State University,San Jose,CA,United States,collegescorecard.ed.gov
1332.0,11384.0,,,,College of San Mateo,San Mateo,CA,United States,collegescorecard.ed.gov
1240.0,10432.0,,,,Santa Barbara City College,Santa Barbara,CA,United States,collegescorecard.ed.gov
61293.0,61293.0,0.48,1426.0,32.0,Santa Clara University,Santa Clara,CA,United States,collegescorecard.ed.gov
1156.0,10708.0,,,,Santa Monica College,Santa Monica,CA,United States,collegescorecard.ed.gov
1318.0,11308.0,,,,Santa Rosa Junior College,Santa Rosa,CA,United States,collegescorecard.ed.gov
,,,,,Saybrook University,Pasadena,CA,United States,collegescorecard.ed.gov
65950.0,65950.0,0.3829,1492.0,33.0,Scripps College,Claremont,CA,United States,collegescorecard.ed.gov
1394.0,9038.0,,,,College of the Sequoias,Visalia,CA,United States,collegescorecard.ed.gov
14535.0,14535.0,1.0,,,Shasta Bible College and Graduate School,Redding,CA,United States,collegescorecard.ed.gov
1197.0,8853.0,,,,Shasta College,Redding,CA,United States,collegescorecard.ed.gov
1446.0,1446.0,,,,Sierra College,Rocklin,CA,United States,collegescorecard.ed.gov
,,,,,Sierra College of Beauty,Merced,CA,United States,collegescorecard.ed.gov
,,,,,Trinity Law School,Santa Ana,CA,United States,collegescorecard.ed.gov
39708.0,39708.0,0.8603,,,Simpson University,Redding,CA,United States,collegescorecard.ed.gov
1444.0,9394.0,,,,College of the Siskiyous,Weed,CA,United States,collegescorecard.ed.gov
,,,,,Charles A Jones Career and Education Center,Sacramento,CA,United States,collegescorecard.ed.gov
1272.0,9956.0,,,,Skyline College,San Bruno,CA,United States,collegescorecard.ed.gov
1196.0,14382.0,,,,San Bernardino Valley College,San Bernardino,CA,United States,collegescorecard.ed.gov
57803.0,57803.0,0.8653,,,Saint Mary's College of California,Moraga,CA,United States,collegescorecard.ed.gov
1172.0,9812.0,,,,Solano Community College,Fairfield,CA,United States,collegescorecard.ed.gov
8624.0,21224.0,0.9343,,,Sonoma State University,Rohnert Park,CA,United States,collegescorecard.ed.gov
,,,,,South Baylo University,Anaheim,CA,United States,collegescorecard.ed.gov
13494.0,13494.0,,,,South Coast College,Orange,CA,United States,collegescorecard.ed.gov
41700.0,41700.0,0.6244,,22.0,Vanguard University of Southern California,Costa Mesa,CA,United States,collegescorecard.ed.gov
,,0.9742,,,Concorde Career College-Garden Grove,Garden Grove,CA,United States,collegescorecard.ed.gov
1344.0,10640.0,,,,Southwestern College,Chula Vista,CA,United States,collegescorecard.ed.gov
,,,,,Starr King School for the Ministry,Oakland,CA,United States,collegescorecard.ed.gov
,,,,,Marshall B Ketchum University,Fullerton,CA,United States,collegescorecard.ed.gov
56162.0,56162.0,0.766,,,Southern California Institute of Architecture,Los Angeles,CA,United States,collegescorecard.ed.gov
72097.0,72097.0,0.0981,1495.0,34.0,University of Southern California,Los Angeles,CA,United States,collegescorecard.ed.gov
,,,,,Southwestern Law School,Los Angeles,CA,United States,collegescorecard.ed.gov
1108.0,10852.0,,,,Taft College,Taft,CA,United States,collegescorecard.ed.gov
,,,,,Claremont School of Theology,Los Angeles,CA,United States,collegescorecard.ed.gov
30200.0,30200.0,0.8309,1329.0,28.0,Thomas Aquinas College,Santa Paula,CA,United States,collegescorecard.ed.gov
15072.0,15072.0,,,,Epic Bible College & Graduate School,Sacramento,CA,United States,collegescorecard.ed.gov
,,,,,UEI College-Huntington Park,Huntington Park,CA,United States,collegescorecard.ed.gov
,,0.9834,,,Concorde Career College-San Bernardino,San Bernardino,CA,United States,collegescorecard.ed.gov
,,1.0,,,Concorde Career College-North Hollywood,North Hollywood,CA,United States,collegescorecard.ed.gov
1426.0,9615.0,,,,Ventura College,Ventura,CA,United States,collegescorecard.ed.gov
,,,,,The Colleges of Law at Ventura,Ventura,CA,United States,collegescorecard.ed.gov
,,,,,Bridges Beauty College,Victorville,CA,United States,collegescorecard.ed.gov
1425.0,10125.0,,,,Victor Valley College,Victorville,CA,United States,collegescorecard.ed.gov
1258.0,9898.0,,,,Berkeley City College,Berkeley,CA,United States,collegescorecard.ed.gov
12762.0,12762.0,,,,Walden University,Minneapolis,MN,United States,collegescorecard.ed.gov
,,,,,Waynes College of Beauty,Salinas,CA,United States,collegescorecard.ed.gov
1384.0,10954.0,,,,Coalinga College,Coalinga,CA,United States,collegescorecard.ed.gov
1238.0,10572.0,,,,West Los Angeles College,Culver City,CA,United States,collegescorecard.ed.gov
0.0,8702.0,,,,West Valley College,Saratoga,CA,United States,collegescorecard.ed.gov
,,,,,Carrington College-Sacramento,Sacramento,CA,United States,collegescorecard.ed.gov
,,,,,Westminster Theological Seminary in California,Escondido,CA,United States,collegescorecard.ed.gov
53584.0,53584.0,0.7705,1328.0,29.0,Westmont College,Santa Barbara,CA,United States,collegescorecard.ed.gov
51350.0,51350.0,0.8079,,26.0,Whittier College,Whittier,CA,United States,collegescorecard.ed.gov
47056.0,47056.0,0.8165,,,Woodbury University,Burbank,CA,United States,collegescorecard.ed.gov
,,,,,The Wright Institute,Berkeley,CA,United States,collegescorecard.ed.gov
,,,,,Thomas Jefferson School of Law,San Diego,CA,United States,collegescorecard.ed.gov
16900.0,16900.0,0.5821,,,Yeshiva Ohr Elchonon Chabad West Coast Talmudical Seminary,Los Angeles,CA,United States,collegescorecard.ed.gov
1128.0,8208.0,,,,Yuba College,Marysville,CA,United States,collegescorecard.ed.gov
9824.0,21944.0,,,21.0,Adams State University,Alamosa,CO,United States,collegescorecard.ed.gov
2258.0,11786.0,,,,Aims Community College,Greeley,CO,United States,collegescorecard.ed.gov
4434.0,17034.0,,,,Arapahoe Community College,Littleton,CO,United States,collegescorecard.ed.gov
13819.0,13819.0,,,,Bel-Rea Institute of Animal Technology,Denver,CO,United States,collegescorecard.ed.gov
10383.0,29391.0,0.7468,1116.0,25.0,University of Colorado Denver/Anschutz Medical Campus,Denver,CO,United States,collegescorecard.ed.gov
10149.0,24336.0,0.9735,1133.0,,University of Colorado Colorado Springs,Colorado Springs,CO,United States,collegescorecard.ed.gov
20235.0,20235.0,,,,Spartan College of Aeronautics and Technology,Broomfield,CO,United States,collegescorecard.ed.gov
15666.0,44918.0,0.7808,1357.0,28.0,University of Colorado Boulder,Boulder,CO,United States,collegescorecard.ed.gov
41342.0,41342.0,,,,Colorado Christian University,Lakewood,CO,United States,collegescorecard.ed.gov
70734.0,70734.0,0.1847,1365.0,,Colorado College,Colorado Springs,CO,United States,collegescorecard.ed.gov
,,0.9046,,,Concorde Career College-Aurora,Aurora,CO,United States,collegescorecard.ed.gov
2616.0,12840.0,,,,Colorado Mountain College,Glenwood Springs,CO,United States,collegescorecard.ed.gov
4594.0,7304.0,,,,Colorado Northwestern Community College,Rangely,CO,United States,collegescorecard.ed.gov
21914.0,45824.0,0.6069,1412.0,31.0,Colorado School of Mines,Golden,CO,United States,collegescorecard.ed.gov
,,0.9091,,,Colorado School of Trades,Lakewood,CO,United States,collegescorecard.ed.gov
13373.0,34783.0,0.8854,,26.0,Colorado State University-Fort Collins,Fort Collins,CO,United States,collegescorecard.ed.gov
12750.0,12750.0,,,,Colorado Technical University-Colorado Springs,Colorado Springs,CO,United States,collegescorecard.ed.gov
4470.0,17070.0,,,,Community College of Aurora,Aurora,CO,United States,collegescorecard.ed.gov
,,,,,Technical College of the Rockies,Delta,CO,United States,collegescorecard.ed.gov
4902.0,17136.0,,,,Community College of Denver,Denver,CO,United States,collegescorecard.ed.gov
,,,,,Lincoln College of Technology-Denver,Denver,CO,United States,collegescorecard.ed.gov
,,,,,Denver Seminary,Littleton,CO,United States,collegescorecard.ed.gov
61398.0,61398.0,0.7781,1355.0,29.0,University of Denver,Denver,CO,United States,collegescorecard.ed.gov
,,,,,Emily Griffith Technical College,Denver,CO,United States,collegescorecard.ed.gov
9958.0,21526.0,0.773,1111.0,20.0,Fort Lewis College,Durango,CO,United States,collegescorecard.ed.gov
4663.0,17263.0,,,,Front Range Community College,Westminster,CO,United States,collegescorecard.ed.gov
,,,,,Iliff School of Theology,Denver,CO,United States,collegescorecard.ed.gov
,,,,,International Salon and Spa Academy,Colorado Springs,CO,United States,collegescorecard.ed.gov
4550.0,7260.0,,,,Lamar Community College,Lamar,CO,United States,collegescorecard.ed.gov
9927.0,25124.0,0.8203,1055.0,23.0,Colorado Mesa University,Grand Junction,CO,United States,collegescorecard.ed.gov
11124.0,30684.0,0.988,1019.0,21.0,Metropolitan State University of Denver,Denver,CO,United States,collegescorecard.ed.gov
4252.0,16852.0,,,,Morgan Community College,Fort  Morgan,CO,United States,collegescorecard.ed.gov
36620.0,36620.0,1.0,,,Naropa University,Boulder,CO,United States,collegescorecard.ed.gov
10482.0,10482.0,,,,Nazarene Bible College,Colorado Springs,CO,United States,collegescorecard.ed.gov
5730.0,8267.0,,,,Northeastern Junior College,Sterling,CO,United States,collegescorecard.ed.gov
12416.0,27266.0,0.8585,1082.0,23.0,University of Northern Colorado,Greeley,CO,United States,collegescorecard.ed.gov
4576.0,7286.0,,,,Otero College,La Junta,CO,United States,collegescorecard.ed.gov
4510.0,17110.0,,,,Pikes Peak State College,Colorado Springs,CO,United States,collegescorecard.ed.gov
5049.0,17649.0,,,,Pueblo Community College,Pueblo,CO,United States,collegescorecard.ed.gov
4859.0,17459.0,,,,Red Rocks Community College,Lakewood,CO,United States,collegescorecard.ed.gov
46340.0,46340.0,0.8646,1220.0,25.0,Regis University,Denver,CO,United States,collegescorecard.ed.gov
20190.0,20190.0,,,,Rocky Mountain College of Art and Design,Lakewood,CO,United States,collegescorecard.ed.gov
,,1.0,,,Montessori Education Center of the Rockies,Denver,CO,United States,collegescorecard.ed.gov
9720.0,17944.0,0.949,1120.0,22.0,Colorado State University Pueblo,Pueblo,CO,United States,collegescorecard.ed.gov
5140.0,9250.0,,,,Pickens Technical College,Aurora,CO,United States,collegescorecard.ed.gov
,,,,,Intellitec College-Colorado Springs,Colorado Springs,CO,United States,collegescorecard.ed.gov
,,,,,Intellitec College-Grand Junction,Grand Junction,CO,United States,collegescorecard.ed.gov
4608.0,7318.0,,,,Trinidad State College,Trinidad,CO,United States,collegescorecard.ed.gov
,,0.1409,1350.0,32.0,United States Air Force Academy,USAF Academy,CO,United States,collegescorecard.ed.gov
,,,,,Empire Beauty School-Thornton,Thornton,CO,United States,collegescorecard.ed.gov
11318.0,24434.0,0.9971,1230.0,24.0,Western Colorado University,Gunnison,CO,United States,collegescorecard.ed.gov
41908.0,41908.0,0.5931,,,Albertus Magnus College,New Haven,CT,United States,collegescorecard.ed.gov
9450.0,9450.0,1.0,,,Bais Binyomin Academy,Monsey,NY,United States,collegescorecard.ed.gov
35760.0,35760.0,0.8302,,,University of Bridgeport,Bridgeport,CT,United States,collegescorecard.ed.gov
13050.0,16550.0,0.7333,1080.0,23.0,Central Connecticut State University,New Britain,CT,United States,collegescorecard.ed.gov
8506.0,8506.0,,,,Charter Oak State College,New Britain,CT,United States,collegescorecard.ed.gov
,,,,,Cortiva Institute,Cromwell,CT,United States,collegescorecard.ed.gov
67242.0,67242.0,0.3704,1432.0,32.0,Connecticut College,New London,CT,United States,collegescorecard.ed.gov
14337.0,14337.0,,,,Porter & Chester Institute of Hamden,Hamden,CT,United States,collegescorecard.ed.gov
21044.0,43712.0,0.5239,1348.0,30.0,University of Connecticut,Storrs,CT,United States,collegescorecard.ed.gov
21198.0,21198.0,,,,Goodwin University,East Hartford,CT,United States,collegescorecard.ed.gov
,,,,,Lincoln Technical Institute-East Windsor,East Windsor,CT,United States,collegescorecard.ed.gov
13928.0,17428.0,0.8298,1160.0,,Eastern Connecticut State University,Willimantic,CT,United States,collegescorecard.ed.gov
58350.0,58350.0,0.3329,1335.0,29.0,Fairfield University,Fairfield,CT,United States,collegescorecard.ed.gov
,,,,,Paul Mitchell the School-North Haven,North Haven,CT,United States,collegescorecard.ed.gov
5338.0,15596.0,,,,Connecticut State Community College,New Britain,CT,United States,collegescorecard.ed.gov
,,,,,American Institute-West Hartford,West Hartford,CT,United States,collegescorecard.ed.gov
,,,,,Hartford International University for Religion and Peace,Hartford,CT,United States,collegescorecard.ed.gov
49075.0,49075.0,0.9575,1219.0,26.0,University of Hartford,West Hartford,CT,United States,collegescorecard.ed.gov
9580.0,9580.0,,,,Holy Apostles College and Seminary,Cromwell,CT,United States,collegescorecard.ed.gov
40490.0,40490.0,0.9466,,,Mitchell College,New London,CT,United States,collegescorecard.ed.gov
,,,,,Lincoln Technical Institute-New Britain,New Britain,CT,United States,collegescorecard.ed.gov
,,,,,New England Tractor Trailer Training School of Connecticut,Somers,CT,United States,collegescorecard.ed.gov
47332.0,47332.0,0.6038,1160.0,27.0,University of New Haven,West Haven,CT,United States,collegescorecard.ed.gov
14349.0,14349.0,,,,Porter & Chester Institute,Bridgeport,CT,United States,collegescorecard.ed.gov
16327.0,16327.0,,,,Post University,Waterbury,CT,United States,collegescorecard.ed.gov
55480.0,55480.0,0.7215,1242.0,,Quinnipiac University,Hamden,CT,United States,collegescorecard.ed.gov
50404.0,50404.0,0.6536,,,Sacred Heart University,Fairfield,CT,United States,collegescorecard.ed.gov
47278.0,47278.0,0.7859,950.0,,University of Saint Joseph,West Hartford,CT,United States,collegescorecard.ed.gov
13438.0,27378.0,0.9147,,,Southern Connecticut State University,New Haven,CT,United States,collegescorecard.ed.gov
70770.0,70770.0,0.2925,1415.0,31.0,Trinity College,Hartford,CT,United States,collegescorecard.ed.gov
,,0.2244,1339.0,27.0,United States Coast Guard Academy,New London,CT,United States,collegescorecard.ed.gov
70342.0,70342.0,0.1649,1501.0,33.0,Wesleyan University,Middletown,CT,United States,collegescorecard.ed.gov
13401.0,16901.0,0.8701,1110.0,,Western Connecticut State University,Danbury,CT,United States,collegescorecard.ed.gov
67250.0,67250.0,0.0387,1534.0,34.0,Yale University,New Haven,CT,United States,collegescorecard.ed.gov
,,,,,Margaret H Rollins School of Nursing at Beebe Medical Center,Lewes,DE,United States,collegescorecard.ed.gov
,,,,,Dawn Career Institute LLC,Newark,DE,United States,collegescorecard.ed.gov
5445.0,12308.0,,,,Delaware Technical Community College-Terry,Dover,DE,United States,collegescorecard.ed.gov
10670.0,20634.0,0.4658,940.0,,Delaware State University,Dover,DE,United States,collegescorecard.ed.gov
16810.0,41400.0,0.706,1292.0,29.0,University of Delaware,Newark,DE,United States,collegescorecard.ed.gov
14940.0,14940.0,0.8451,,,Goldey-Beacom College,Wilmington,DE,United States,collegescorecard.ed.gov
,,,,,Schilling-Douglas School of Hair Design,Newark,DE,United States,collegescorecard.ed.gov
12630.0,12630.0,,,,Wilmington University,New Castle,DE,United States,collegescorecard.ed.gov
58771.0,58771.0,0.6196,1381.0,31.0,American University,Washington,DC,United States,collegescorecard.ed.gov
58378.0,58378.0,0.8278,,,The Catholic University of America,Washington,DC,United States,collegescorecard.ed.gov
5662.0,12514.0,,,,University of the District of Columbia,Washington,DC,United States,collegescorecard.ed.gov
,,,,,Pontifical Faculty of the Immaculate Conception at the Dominican House of Studies,Washington,DC,United States,collegescorecard.ed.gov
19654.0,19654.0,0.5806,868.0,17.0,Gallaudet University,Washington,DC,United States,collegescorecard.ed.gov
67710.0,67710.0,0.4709,1433.0,32.0,George Washington University,Washington,DC,United States,collegescorecard.ed.gov
68017.0,68017.0,0.1291,1487.0,34.0,Georgetown University,Washington,DC,United States,collegescorecard.ed.gov
35810.0,35810.0,0.4134,1213.0,24.0,Howard University,Washington,DC,United States,collegescorecard.ed.gov
13920.0,13920.0,,,,Strayer University-District of Columbia,Washington,DC,United States,collegescorecard.ed.gov
11600.0,11600.0,1.0,,,National Conservatory of Dramatic Arts,Washington,DC,United States,collegescorecard.ed.gov
26610.0,26610.0,0.9952,,,Trinity Washington University,Washington,DC,United States,collegescorecard.ed.gov
,,,,,Wesley Theological Seminary,Washington,DC,United States,collegescorecard.ed.gov
,,,,,Atlantic Technical College,Coconut Creek,FL,United States,collegescorecard.ed.gov
15000.0,15000.0,0.3599,,20.0,Baptist University of Florida,Graceville,FL,United States,collegescorecard.ed.gov
34350.0,34350.0,0.7724,,,Barry University,Miami,FL,United States,collegescorecard.ed.gov
14794.0,14794.0,0.8824,880.0,17.0,Bethune-Cookman University,Daytona Beach,FL,United States,collegescorecard.ed.gov
44480.0,44480.0,0.7347,1134.0,23.0,Lynn University,Boca Raton,FL,United States,collegescorecard.ed.gov
,,,,,North Florida Technical College,Starke,FL,United States,collegescorecard.ed.gov
2496.0,9739.0,,,,Eastern Florida State College,Melbourne,FL,United States,collegescorecard.ed.gov
2830.0,8952.0,,,,Broward College,Fort Lauderdale,FL,United States,collegescorecard.ed.gov
13818.0,13818.0,0.7571,,,Albizu University-Miami,Miami,FL,United States,collegescorecard.ed.gov
2710.0,10517.0,,,,College of Central Florida,Ocala,FL,United States,collegescorecard.ed.gov
6368.0,22467.0,0.4011,1269.0,28.0,University of Central Florida,Orlando,FL,United States,collegescorecard.ed.gov
3110.0,12110.0,,,,Charlotte Technical College,Port Charlotte,FL,United States,collegescorecard.ed.gov
3120.0,8950.0,,,,Chipola College,Marianna,FL,United States,collegescorecard.ed.gov
,,,,,Lorenzo Walker Technical College,Naples,FL,United States,collegescorecard.ed.gov
3106.0,11994.0,,,,Daytona State College,Daytona Beach,FL,United States,collegescorecard.ed.gov
18145.0,18145.0,,,,South University-West Palm Beach,Royal Palm Beach,FL,United States,collegescorecard.ed.gov
51884.0,51884.0,0.758,1250.0,,Eckerd College,Saint Petersburg,FL,United States,collegescorecard.ed.gov
3401.0,12979.0,,,,Florida SouthWestern State College,Fort Myers,FL,United States,collegescorecard.ed.gov
16366.0,16366.0,0.8495,,,Edward Waters University,Jacksonville,FL,United States,collegescorecard.ed.gov
44249.0,44249.0,0.6481,1257.0,26.0,Embry-Riddle Aeronautical University-Daytona Beach,Daytona Beach,FL,United States,collegescorecard.ed.gov
5785.0,17725.0,0.2056,1107.0,20.0,Florida Agricultural and Mechanical University,Tallahassee,FL,United States,collegescorecard.ed.gov
4879.0,17324.0,0.6613,1127.0,23.0,Florida Atlantic University,Boca Raton,FL,United States,collegescorecard.ed.gov
2878.0,9992.0,,,,Florida State College at Jacksonville,Jacksonville,FL,United States,collegescorecard.ed.gov
29900.0,29900.0,0.8076,1084.0,23.0,Flagler College,Saint Augustine,FL,United States,collegescorecard.ed.gov
20360.0,20360.0,0.6966,1108.0,23.0,Florida College,Temple Terrace,FL,United States,collegescorecard.ed.gov
,,0.9404,,,Concorde Career Institute-Jacksonville,Jacksonville,FL,United States,collegescorecard.ed.gov
,,0.9959,,,Concorde Career Institute-Miramar,Miramar,FL,United States,collegescorecard.ed.gov
,,0.957,,,Concorde Career Institute-Tampa,Tampa,FL,United States,collegescorecard.ed.gov
21420.0,21420.0,,,,AdventHealth University,Orlando,FL,United States,collegescorecard.ed.gov
45900.0,45900.0,0.577,1225.0,27.0,Florida Institute of Technology,Melbourne,FL,United States,collegescorecard.ed.gov
6565.0,18964.0,0.5466,1163.0,24.0,Florida International University,Miami,FL,United States,collegescorecard.ed.gov
3276.0,13162.0,,,,The College of the Florida Keys,Key West,FL,United States,collegescorecard.ed.gov
20174.0,20174.0,0.8526,,,Florida Memorial University,Miami Gardens,FL,United States,collegescorecard.ed.gov
,,,,,Florida School of Massage,Gainesville,FL,United States,collegescorecard.ed.gov
44040.0,44040.0,0.6442,1252.0,28.0,Florida Southern College,Lakeland,FL,United States,collegescorecard.ed.gov
5656.0,18786.0,0.2422,1361.0,28.0,Florida State University,Tallahassee,FL,United States,collegescorecard.ed.gov
6381.0,28659.0,0.242,1403.0,31.0,University of Florida,Gainesville,FL,United States,collegescorecard.ed.gov
,,,,,Fort Pierce Beauty Academy,Fort Pierce,FL,United States,collegescorecard.ed.gov
26906.0,26906.0,,,,Full Sail University,Winter Park,FL,United States,collegescorecard.ed.gov
,,,,,George Stone Technical College,Pensacola,FL,United States,collegescorecard.ed.gov
,,,,,George T Baker Aviation Technical College,Miami,FL,United States,collegescorecard.ed.gov
2370.0,8635.0,,,,Gulf Coast State College,Panama City,FL,United States,collegescorecard.ed.gov
2506.0,9111.0,,,,Hillsborough College,Tampa,FL,United States,collegescorecard.ed.gov
9068.0,9068.0,,,,Hobe Sound Bible College,Hobe Sound,FL,United States,collegescorecard.ed.gov
,,,,,Hollywood Institute of Beauty Careers,Hollywood,FL,United States,collegescorecard.ed.gov
,,,,,Cortiva Institute,St. Petersburg,FL,United States,collegescorecard.ed.gov
2764.0,10201.0,,,,Indian River State College,Fort Pierce,FL,United States,collegescorecard.ed.gov
,,,,,International Academy,South Daytona,FL,United States,collegescorecard.ed.gov
47830.0,47830.0,0.5694,1205.0,23.0,Jacksonville University,Jacksonville,FL,United States,collegescorecard.ed.gov
25056.0,25056.0,0.9697,,,Keiser University-Ft Lauderdale,Fort Lauderdale,FL,United States,collegescorecard.ed.gov
,,,,,La Belle Beauty School,Hialeah,FL,United States,collegescorecard.ed.gov
3100.0,11747.0,,,,Florida Gateway College,Lake City,FL,United States,collegescorecard.ed.gov
,,,,,Lake Technical College,Eustis,FL,United States,collegescorecard.ed.gov
3292.0,13276.0,,,,Lake-Sumter State College,Leesburg,FL,United States,collegescorecard.ed.gov
,,,,,Fort Myers Technical College,Fort Myers,FL,United States,collegescorecard.ed.gov
,,,,,Lively Technical College,Tallahassee,FL,United States,collegescorecard.ed.gov
,,,,,Lindsey Hopkins Technical College,Miami,FL,United States,collegescorecard.ed.gov
,,,,,Loraines Academy & Spa,Saint Petersburg,FL,United States,collegescorecard.ed.gov
11320.0,11320.0,0.9167,,,Luther Rice College & Seminary,Lithonia,GA,United States,collegescorecard.ed.gov
3074.0,11595.0,,,,State College of Florida-Manatee-Sarasota,Bradenton,FL,United States,collegescorecard.ed.gov
,,,,,Manatee Technical College,Bradenton,FL,United States,collegescorecard.ed.gov
,,,,,Traviss Technical College,Lakeland,FL,United States,collegescorecard.ed.gov
,,,,,Merryfield Academy,Oakland Park,FL,United States,collegescorecard.ed.gov
,,,,,Miami Lakes Educational Center and Technical College,Miami Lakes,FL,United States,collegescorecard.ed.gov
2838.0,9661.0,,,,Miami Dade College,Miami,FL,United States,collegescorecard.ed.gov
62616.0,62616.0,0.189,1415.0,32.0,University of Miami,Coral Gables,FL,United States,collegescorecard.ed.gov
,,,,,Orange Technical College-South Campus,Orlando,FL,United States,collegescorecard.ed.gov
,,,,,Paul Mitchell the School-Jacksonville,Jacksonville,FL,United States,collegescorecard.ed.gov
3054.0,11400.0,,,,North Florida College,Madison,FL,United States,collegescorecard.ed.gov
6389.0,20793.0,0.5324,1153.0,23.0,University of North Florida,Jacksonville,FL,United States,collegescorecard.ed.gov
38700.0,38700.0,0.7321,1157.0,25.0,Nova Southeastern University,Fort Lauderdale,FL,United States,collegescorecard.ed.gov
2583.0,10612.0,,,,Northwest Florida State College,Niceville,FL,United States,collegescorecard.ed.gov
,,,,,Orange Technical College,Orlando,FL,United States,collegescorecard.ed.gov
40650.0,40650.0,0.8199,1075.0,23.0,Palm Beach Atlantic University,West Palm Beach,FL,United States,collegescorecard.ed.gov
3050.0,10910.0,,,,Palm Beach State College,Lake Worth,FL,United States,collegescorecard.ed.gov
3155.0,12032.0,,,,Pasco-Hernando State College,New Port Richey,FL,United States,collegescorecard.ed.gov
,,,,,PENSACOLA CHRISTIAN COLLEGE,Pensacola,FL,United States,collegescorecard.ed.gov
2361.0,9460.0,,,,Pensacola State College,Pensacola,FL,United States,collegescorecard.ed.gov
,,,,,Pinellas Technical College-Clearwater,Clearwater,FL,United States,collegescorecard.ed.gov
2694.0,9817.0,,,,Polk State College,Winter Haven,FL,United States,collegescorecard.ed.gov
,,,,,Radford M Locklin Technical College,Milton,FL,United States,collegescorecard.ed.gov
,,,,,Saint Vincent de Paul Regional Seminary,Boynton Beach,FL,United States,collegescorecard.ed.gov
3930.0,10530.0,,,,Ridge Technical College,Winter Haven,FL,United States,collegescorecard.ed.gov
57900.0,57900.0,0.6965,,,Ringling College of Art and Design,Sarasota,FL,United States,collegescorecard.ed.gov
,,,,,Robert Morgan Educational Center and Technical College,Miami,FL,United States,collegescorecard.ed.gov
60580.0,60580.0,0.4754,1271.0,,Rollins College,Winter Park,FL,United States,collegescorecard.ed.gov
,,,,,First Coast Technical College,Saint Augustine,FL,United States,collegescorecard.ed.gov
30000.0,30000.0,0.784,,22.0,Saint Leo University,Saint Leo,FL,United States,collegescorecard.ed.gov
2682.0,9286.0,,,,St Petersburg College,St. Petersburg,FL,United States,collegescorecard.ed.gov
,,,,,Pinellas Technical College-St. Petersburg,Saint Petersburg,FL,United States,collegescorecard.ed.gov
2563.0,9189.0,,,,Santa Fe College,Gainesville,FL,United States,collegescorecard.ed.gov
,,,,,Suncoast Technical College,Sarasota,FL,United States,collegescorecard.ed.gov
3122.0,11447.0,,,,Seminole State College of Florida,Sanford,FL,United States,collegescorecard.ed.gov
,,,,,Sheridan Technical College,Hollywood,FL,United States,collegescorecard.ed.gov
25500.0,25500.0,0.9286,,,St. John Vianney College Seminary,Miami,FL,United States,collegescorecard.ed.gov
2591.0,9335.0,,,,Saint Johns River State College,Palatka,FL,United States,collegescorecard.ed.gov
3165.0,11859.0,,,,South Florida State College,Avon Park,FL,United States,collegescorecard.ed.gov
6410.0,17324.0,0.4319,1227.0,27.0,University of South Florida,Tampa,FL,United States,collegescorecard.ed.gov
34770.0,34770.0,0.9791,,19.0,St. Thomas University,Miami Gardens,FL,United States,collegescorecard.ed.gov
57410.0,57410.0,0.716,1176.0,26.0,Stetson University,DeLand,FL,United States,collegescorecard.ed.gov
32950.0,32950.0,0.5298,,22.0,Southeastern University,Lakeland,FL,United States,collegescorecard.ed.gov
,,,,,Bene's Career Academy,New Port Richey,FL,United States,collegescorecard.ed.gov
,,,,,Riveroak Technical College,Live Oak,FL,United States,collegescorecard.ed.gov
2026.0,8062.0,,,,Tallahassee State College,Tallahassee,FL,United States,collegescorecard.ed.gov
16750.0,16750.0,,,,Talmudic College of Florida,Miami Beach,FL,United States,collegescorecard.ed.gov
34408.0,34408.0,0.4034,,26.0,The University of Tampa,Tampa,FL,United States,collegescorecard.ed.gov
,,,,,Big Bend Technical College,Perry,FL,United States,collegescorecard.ed.gov
,,,,,Tom P. Haney Technical College,Panama City,FL,United States,collegescorecard.ed.gov
15100.0,15100.0,0.5328,907.0,19.0,Trinity College of Jacksonville,Jacksonville,FL,United States,collegescorecard.ed.gov
16300.0,16300.0,0.9189,,21.0,Trinity College of Florida,Trinity,FL,United States,collegescorecard.ed.gov
2664.0,9576.0,,,,Valencia College,Orlando,FL,United States,collegescorecard.ed.gov
29992.0,29992.0,0.4281,932.0,19.0,Warner University,Lake Wales,FL,United States,collegescorecard.ed.gov
,,,,,Florida Panhandle Technical College,Chipley,FL,United States,collegescorecard.ed.gov
33770.0,33770.0,0.694,,,Webber International University,Babson Park,FL,United States,collegescorecard.ed.gov
15314.0,15314.0,,,,Rasmussen University-Florida,Ocala,FL,United States,collegescorecard.ed.gov
6360.0,19241.0,0.5824,1138.0,24.0,University of West Florida,Pensacola,FL,United States,collegescorecard.ed.gov
,,,,,Orange Technical College-West Campus,Ocoee,FL,United States,collegescorecard.ed.gov
,,,,,William T McFatter Technical College,Davie,FL,United States,collegescorecard.ed.gov
,,,,,Orange Technical College-East Campus,Orlando,FL,United States,collegescorecard.ed.gov
,,,,,Withlacoochee Technical College,Inverness,FL,United States,collegescorecard.ed.gov
3268.0,10588.0,0.7572,990.0,19.0,Abraham Baldwin Agricultural College,Tifton,GA,United States,collegescorecard.ed.gov
50604.0,50604.0,0.6215,1260.0,,Agnes Scott College,Decatur,GA,United States,collegescorecard.ed.gov
11330.0,11330.0,,,,Interactive College of Technology-Chamblee,Chamblee,GA,United States,collegescorecard.ed.gov
11210.0,11210.0,,,,Interactive College of Technology-Morrow,Morrow,GA,United States,collegescorecard.ed.gov
3364.0,5932.0,,,,Albany Technical College,Albany,GA,United States,collegescorecard.ed.gov
5656.0,17008.0,,,,Albany State University,Albany,GA,United States,collegescorecard.ed.gov
19604.0,19604.0,0.4573,,20.0,Andrew College,Cuthbert,GA,United States,collegescorecard.ed.gov
,,,,,Georgia Career Institute,Conyers,GA,United States,collegescorecard.ed.gov
3382.0,5950.0,,,,Atlanta Technical College,Atlanta,GA,United States,collegescorecard.ed.gov
24000.0,24000.0,0.4426,,19.0,Point University,West Point,GA,United States,collegescorecard.ed.gov
3248.0,10400.0,,,,Atlanta Metropolitan State College,Atlanta,GA,United States,collegescorecard.ed.gov
,,,,,Atlanta's John Marshall Law School,Atlanta,GA,United States,collegescorecard.ed.gov
28310.0,28310.0,0.6422,,19.0,Clark Atlanta University,Atlanta,GA,United States,collegescorecard.ed.gov
4282.0,7492.0,,,,Augusta Technical College,Augusta,GA,United States,collegescorecard.ed.gov
41686.0,41686.0,0.64,1220.0,27.0,Berry College,Mount Berry,GA,United States,collegescorecard.ed.gov
8492.0,8492.0,,,,Beulah Heights University,Atlanta,GA,United States,collegescorecard.ed.gov
34027.0,34027.0,0.8778,1079.0,23.0,Brenau University,Gainesville,GA,United States,collegescorecard.ed.gov
20120.0,20120.0,0.9649,,21.0,Brewton-Parker Christian University,Mount Vernon,GA,United States,collegescorecard.ed.gov
3616.0,10936.0,0.9813,1000.0,19.0,College of Coastal Georgia,Brunswick,GA,United States,collegescorecard.ed.gov
3410.0,5978.0,,,,West Georgia Technical College,Waco,GA,United States,collegescorecard.ed.gov
5180.0,16532.0,0.6845,958.0,,Clayton  State University,Morrow,GA,United States,collegescorecard.ed.gov
,,,,,Columbia Theological Seminary,Decatur,GA,United States,collegescorecard.ed.gov
4052.0,7262.0,,,,Columbus Technical College,Columbus,GA,United States,collegescorecard.ed.gov
5898.0,17610.0,0.9912,977.0,21.0,Columbus State University,Columbus,GA,United States,collegescorecard.ed.gov
3300.0,5868.0,,,,Georgia Northwestern Technical College,Rome,GA,United States,collegescorecard.ed.gov
42040.0,42040.0,0.8651,1294.0,26.0,Covenant College,Lookout Mountain,GA,United States,collegescorecard.ed.gov
3336.0,10656.0,,,,Dalton State College,Dalton,GA,United States,collegescorecard.ed.gov
,,,,,Pro Way Hair School,Stone Mountain,GA,United States,collegescorecard.ed.gov
18145.0,18145.0,,,,South University-Savannah,Savannah,GA,United States,collegescorecard.ed.gov
2900.0,9860.0,,,,East Georgia State College,Swainsboro,GA,United States,collegescorecard.ed.gov
25500.0,25500.0,0.74,,21.0,Emmanuel University,Franklin Springs,GA,United States,collegescorecard.ed.gov
64280.0,64280.0,0.1065,1520.0,33.0,Emory University,Atlanta,GA,United States,collegescorecard.ed.gov
3120.0,10080.0,,,,Georgia Highlands College,Rome,GA,United States,collegescorecard.ed.gov
5526.0,16932.0,0.6587,994.0,18.0,Fort Valley State University,Fort Valley,GA,United States,collegescorecard.ed.gov
,,,,,Grady Health System Professional Schools,Atlanta,GA,United States,collegescorecard.ed.gov
12058.0,34484.0,0.1407,1480.0,32.0,Georgia Institute of Technology-Main Campus,Atlanta,GA,United States,collegescorecard.ed.gov
5220.0,16572.0,0.7517,978.0,21.0,Georgia Southwestern State University,Americus,GA,United States,collegescorecard.ed.gov
9186.0,29512.0,0.7823,1163.0,24.0,Georgia College & State University,Milledgeville,GA,United States,collegescorecard.ed.gov
6022.0,17734.0,0.8789,1053.0,21.0,Georgia Southern University,Statesboro,GA,United States,collegescorecard.ed.gov
8664.0,24840.0,0.5544,1076.0,23.0,Georgia State University,Atlanta,GA,United States,collegescorecard.ed.gov
11450.0,31688.0,0.377,1397.0,31.0,University of Georgia,Athens,GA,United States,collegescorecard.ed.gov
3628.0,10948.0,0.859,1023.0,20.0,Gordon State College,Barnesville,GA,United States,collegescorecard.ed.gov
3516.0,6084.0,,,,Southern Crescent Technical College,Griffin,GA,United States,collegescorecard.ed.gov
20950.0,20950.0,,,,Gupton Jones College of Funeral Service,Decatur,GA,United States,collegescorecard.ed.gov
11300.0,11300.0,,,,Gwinnett College-Lilburn,Lilburn,GA,United States,collegescorecard.ed.gov
3524.0,6092.0,,,,Gwinnett Technical College,Lawrenceville,GA,United States,collegescorecard.ed.gov
,,,,,Interdenominational Theological Center,Atlanta,GA,United States,collegescorecard.ed.gov
35400.0,35400.0,0.6209,,,LaGrange College,Lagrange,GA,United States,collegescorecard.ed.gov
3980.0,7190.0,,,,Lanier Technical College,Gainesville,GA,United States,collegescorecard.ed.gov
15036.0,15036.0,0.9303,1030.0,19.0,Life University,Marietta,GA,United States,collegescorecard.ed.gov
3540.0,6108.0,,,,Chattahoochee Technical College,Marietta,GA,United States,collegescorecard.ed.gov
13450.0,13450.0,0.9375,,,Herzing University-Atlanta,Atlanta,GA,United States,collegescorecard.ed.gov
42312.0,42312.0,0.6889,1271.0,30.0,Mercer University,Macon,GA,United States,collegescorecard.ed.gov
32893.0,32893.0,0.4396,1090.0,23.0,Morehouse College,Atlanta,GA,United States,collegescorecard.ed.gov
,,,,,Morehouse School of Medicine,Atlanta,GA,United States,collegescorecard.ed.gov
9558.0,9558.0,,,,Morris Brown College,Atlanta,GA,United States,collegescorecard.ed.gov
3330.0,5898.0,,,,North Georgia Technical College,Clarkesville,GA,United States,collegescorecard.ed.gov
47590.0,47590.0,0.8845,1227.0,27.0,Oglethorpe University,Atlanta,GA,United States,collegescorecard.ed.gov
14596.0,14596.0,0.9543,,,Paine College,Augusta,GA,United States,collegescorecard.ed.gov
31700.0,31700.0,0.9328,1129.0,23.0,Piedmont University,Demorest,GA,United States,collegescorecard.ed.gov
19400.0,19400.0,,,,Miami Ad School-Atlanta,Atlanta,GA,United States,collegescorecard.ed.gov
30074.0,30074.0,0.6154,,,Reinhardt University,Waleska,GA,United States,collegescorecard.ed.gov
3330.0,5898.0,,,,Savannah Technical College,Savannah,GA,United States,collegescorecard.ed.gov
41630.0,41630.0,0.8298,1173.0,,Savannah College of Art and Design,Savannah,GA,United States,collegescorecard.ed.gov
5750.0,19043.0,,,,Savannah State University,Savannah,GA,United States,collegescorecard.ed.gov
24630.0,24630.0,0.9646,1115.0,21.0,Shorter University,Rome,GA,United States,collegescorecard.ed.gov
3992.0,7202.0,,,,South Georgia Technical College,Americus,GA,United States,collegescorecard.ed.gov
31556.0,31556.0,0.2487,1220.0,,Spelman College,Atlanta,GA,United States,collegescorecard.ed.gov
11640.0,11640.0,0.383,1072.0,20.0,Thomas University,Thomasville,GA,United States,collegescorecard.ed.gov
23950.0,23950.0,0.6596,1130.0,22.0,Toccoa Falls College,Toccoa Falls,GA,United States,collegescorecard.ed.gov
26792.0,26792.0,0.7826,,21.0,Truett McConnell University,Cleveland,GA,United States,collegescorecard.ed.gov
3480.0,6048.0,,,,Wiregrass Georgia Technical College,Valdosta,GA,United States,collegescorecard.ed.gov
6124.0,17836.0,0.7229,1013.0,20.0,Valdosta State University,Valdosta,GA,United States,collegescorecard.ed.gov
27650.0,27650.0,0.591,1075.0,24.0,Wesleyan College,Macon,GA,United States,collegescorecard.ed.gov
6088.0,17800.0,0.5161,1032.0,21.0,University of West Georgia,Carrollton,GA,United States,collegescorecard.ed.gov
32305.0,32305.0,0.6264,,,Young Harris College,Young Harris,GA,United States,collegescorecard.ed.gov
30874.0,30874.0,0.9143,1060.0,,Chaminade University of Honolulu,Honolulu,HI,United States,collegescorecard.ed.gov
7838.0,20798.0,0.6063,1028.0,19.0,University of Hawaii at Hilo,Hilo,HI,United States,collegescorecard.ed.gov
12186.0,34218.0,0.866,1102.0,24.0,University of Hawaii at Manoa,Honolulu,HI,United States,collegescorecard.ed.gov
,,,,,Hawaii Institute of Hair Design,Honolulu,HI,United States,collegescorecard.ed.gov
34392.0,34392.0,0.8587,1111.0,25.0,Hawaii Pacific University,Honolulu,HI,United States,collegescorecard.ed.gov
3174.0,8310.0,,,,Honolulu Community College,Honolulu,HI,United States,collegescorecard.ed.gov
3284.0,8420.0,,,,Kapiolani Community College,Honolulu,HI,United States,collegescorecard.ed.gov
3252.0,8388.0,,,,Kauai Community College,Lihue,HI,United States,collegescorecard.ed.gov
3214.0,8350.0,,,,Leeward Community College,Pearl City,HI,United States,collegescorecard.ed.gov
3284.0,8420.0,,,,University of Hawaii Maui College,Kahului,HI,United States,collegescorecard.ed.gov
7584.0,20544.0,0.9534,985.0,19.0,University of Hawaii-West Oahu,Kapolei,HI,United States,collegescorecard.ed.gov
3194.0,8330.0,,,,Windward Community College,Kaneohe,HI,United States,collegescorecard.ed.gov
,,,,,Carrington College-Boise,Boise,ID,United States,collegescorecard.ed.gov
11802.0,11802.0,0.9048,1040.0,21.0,Boise Bible College,Boise,ID,United States,collegescorecard.ed.gov
9048.0,27788.0,0.8721,,,Boise State University,Boise,ID,United States,collegescorecard.ed.gov
3390.0,6750.0,,,,College of Eastern Idaho,Idaho Falls,ID,United States,collegescorecard.ed.gov
8610.0,27720.0,,,,Idaho State University,Pocatello,ID,United States,collegescorecard.ed.gov
9084.0,28320.0,0.7553,1116.0,24.0,University of Idaho,Moscow,ID,United States,collegescorecard.ed.gov
37845.0,37845.0,0.491,1180.0,26.0,The College of Idaho,Caldwell,ID,United States,collegescorecard.ed.gov
7610.0,22028.0,0.8769,,,Lewis-Clark State College,Lewiston,ID,United States,collegescorecard.ed.gov
,,,,,Aveda Institute-Twin Falls,Twin Falls,ID,United States,collegescorecard.ed.gov
3396.0,8736.0,,,,North Idaho College,Coeur d'Alene,ID,United States,collegescorecard.ed.gov
40794.0,40794.0,0.6474,1130.0,23.0,Northwest Nazarene University,Nampa,ID,United States,collegescorecard.ed.gov
,,,,,Nathan Layne Institute of Cosmetology,Chubbuck,ID,United States,collegescorecard.ed.gov
4800.0,4800.0,0.9575,1118.0,23.0,Brigham Young University-Idaho,Rexburg,ID,United States,collegescorecard.ed.gov
3360.0,6840.0,,,,College of Southern Idaho,Twin Falls,ID,United States,collegescorecard.ed.gov
,,,,,Adler University,Chicago,IL,United States,collegescorecard.ed.gov
7650.0,7650.0,1.0,,,American Islamic College,Chicago,IL,United States,collegescorecard.ed.gov
56420.0,56420.0,0.7747,,,School of the Art Institute of Chicago,Chicago,IL,United States,collegescorecard.ed.gov
51598.0,51598.0,0.6268,1165.0,,Augustana College,Rock Island,IL,United States,collegescorecard.ed.gov
29170.0,29170.0,0.8085,1076.0,22.0,Aurora University,Aurora,IL,United States,collegescorecard.ed.gov
3960.0,6720.0,,,,Southwestern Illinois College,Belleville,IL,United States,collegescorecard.ed.gov
,,,,,Bethany Theological Seminary,Richmond,IN,United States,collegescorecard.ed.gov
4920.0,8100.0,,,,Black Hawk College,Moline,IL,United States,collegescorecard.ed.gov
28149.0,28149.0,0.6319,,20.0,Blackburn College,Carlinville,IL,United States,collegescorecard.ed.gov
,,,,,Blessing Rieman College of Nursing and Health Sciences,Quincy,IL,United States,collegescorecard.ed.gov
42160.0,42160.0,0.7676,,27.0,Bradley University,Peoria,IL,United States,collegescorecard.ed.gov
,,,,,Paul Mitchell the School-Tinley Park,Tinley Park,IL,United States,collegescorecard.ed.gov
,,,,,Cameo Beauty Academy,Oak Lawn,IL,United States,collegescorecard.ed.gov
,,,,,Cannella School of Hair Design-Villa Park,Villa Park,IL,United States,collegescorecard.ed.gov
,,,,,Cannella School of Hair Design-Chicago,Chicago,IL,United States,collegescorecard.ed.gov
,,,,,Capri Beauty College,Oak Forest,IL,United States,collegescorecard.ed.gov
5390.0,8900.0,,,,Carl Sandburg College,Galesburg,IL,United States,collegescorecard.ed.gov
,,,,,Catholic Theological Union at Chicago,Chicago,IL,United States,collegescorecard.ed.gov
,,,,,Midwestern University-Downers Grove,Downers Grove,IL,United States,collegescorecard.ed.gov
21780.0,21780.0,0.3448,,,The Chicago School at Chicago,Chicago,IL,United States,collegescorecard.ed.gov
12754.0,12754.0,0.4326,,,Chicago State University,Chicago,IL,United States,collegescorecard.ed.gov
,,,,,Chicago Theological Seminary,Chicago,IL,United States,collegescorecard.ed.gov
70662.0,70662.0,0.0448,1554.0,34.0,University of Chicago,Chicago,IL,United States,collegescorecard.ed.gov
4590.0,15150.0,,,,City Colleges of Chicago-Kennedy-King College,Chicago,IL,United States,collegescorecard.ed.gov
4590.0,15150.0,,,,City Colleges of Chicago-Malcolm X College,Chicago,IL,United States,collegescorecard.ed.gov
4590.0,15150.0,,,,City Colleges of Chicago-Olive-Harvey College,Chicago,IL,United States,collegescorecard.ed.gov
4590.0,15150.0,,,,City Colleges of Chicago-Harry S Truman College,Chicago,IL,United States,collegescorecard.ed.gov
4590.0,15150.0,,,,City Colleges of Chicago-Richard J Daley College,Chicago,IL,United States,collegescorecard.ed.gov
4590.0,15150.0,,,,City Colleges of Chicago-Harold Washington College,Chicago,IL,United States,collegescorecard.ed.gov
4590.0,15150.0,,,,City Colleges of Chicago-Wilbur Wright College,Chicago,IL,United States,collegescorecard.ed.gov
34088.0,34088.0,0.8946,,,Columbia College Chicago,Chicago,IL,United States,collegescorecard.ed.gov
37488.0,37488.0,0.9279,,,Concordia University-Chicago,River Forest,IL,United States,collegescorecard.ed.gov
4440.0,7440.0,,,,Danville Area Community College,Danville,IL,United States,collegescorecard.ed.gov
,,,,,Tricoci University of Beauty Culture,Urbana,IL,United States,collegescorecard.ed.gov
45999.0,45999.0,0.7589,1262.0,,DePaul University,Chicago,IL,United States,collegescorecard.ed.gov
,,,,,Cosmetology & Spa Academy,Crystal Lake,IL,United States,collegescorecard.ed.gov
4560.0,12750.0,,,,College of DuPage,Glen Ellyn,IL,United States,collegescorecard.ed.gov
25395.0,25395.0,,,,East-West University,Chicago,IL,United States,collegescorecard.ed.gov
13679.0,16217.0,0.6535,1000.0,20.0,Eastern Illinois University,Charleston,IL,United States,collegescorecard.ed.gov
3252.0,9516.0,,,,Elgin Community College,Elgin,IL,United States,collegescorecard.ed.gov
42955.0,42955.0,0.7364,1151.0,26.0,Elmhurst University,Elmhurst,IL,United States,collegescorecard.ed.gov
29096.0,29096.0,0.8499,,20.0,Eureka College,Eureka,IL,United States,collegescorecard.ed.gov
,,,,,First Institute of Travel Inc.,Crystal Lake,IL,United States,collegescorecard.ed.gov
17670.0,17670.0,0.7021,,,Fox College,Tinley Park,IL,United States,collegescorecard.ed.gov
,,,,,Garrett-Evangelical Theological Seminary,Evanston,IL,United States,collegescorecard.ed.gov
,,,,,Gem City College,Quincy,IL,United States,collegescorecard.ed.gov
12004.0,12004.0,0.4827,,19.0,Governors State University,University Park,IL,United States,collegescorecard.ed.gov
8417.0,8417.0,1.0,,,Graham Hospital School of Nursing,Canton,IL,United States,collegescorecard.ed.gov
32200.0,32200.0,0.975,1038.0,18.0,Greenville University,Greenville,IL,United States,collegescorecard.ed.gov
,,,,,G Skin & Beauty Institute,Schaumburg,IL,United States,collegescorecard.ed.gov
,,,,,Hair Professionals Career College,Sycamore,IL,United States,collegescorecard.ed.gov
,,,,,Hair Professionals School of Cosmetology,Oswego,IL,United States,collegescorecard.ed.gov
15150.0,15150.0,0.5714,,,Hebrew Theological College,Skokie,IL,United States,collegescorecard.ed.gov
4936.0,7360.0,,,,Highland Community College,Freeport,IL,United States,collegescorecard.ed.gov
,,,,,Rosalind Franklin University of Medicine and Science,North Chicago,IL,United States,collegescorecard.ed.gov
14338.0,29884.0,0.7735,1250.0,27.0,University of Illinois Chicago,Chicago,IL,United States,collegescorecard.ed.gov
35940.0,35940.0,0.9523,,24.0,Benedictine University,Lisle,IL,United States,collegescorecard.ed.gov
,,,,,Illinois College of Optometry,Chicago,IL,United States,collegescorecard.ed.gov
16004.0,35124.0,0.4237,1440.0,32.0,University of Illinois Urbana-Champaign,Champaign,IL,United States,collegescorecard.ed.gov
57704.0,57704.0,0.3931,1275.0,27.0,Illinois Wesleyan University,Bloomington,IL,United States,collegescorecard.ed.gov
4800.0,12150.0,,,,Illinois Central College,East Peoria,IL,United States,collegescorecard.ed.gov
38676.0,38676.0,0.7819,1064.0,21.0,Illinois College,Jacksonville,IL,United States,collegescorecard.ed.gov
5260.0,12460.0,,,,Illinois Eastern Community Colleges,Olney,IL,United States,collegescorecard.ed.gov
52386.0,52386.0,0.5493,1311.0,29.0,Illinois Institute of Technology,Chicago,IL,United States,collegescorecard.ed.gov
16144.0,28210.0,0.8815,1113.0,24.0,Illinois State University,Normal,IL,United States,collegescorecard.ed.gov
4200.0,16385.0,,,,Illinois Valley Community College,Oglesby,IL,United States,collegescorecard.ed.gov
,,,,,Institute for Clinical Social Work,Chicago,IL,United States,collegescorecard.ed.gov
4630.0,7540.0,,,,John A Logan College,Carterville,IL,United States,collegescorecard.ed.gov
5700.0,9300.0,,,,John Wood Community College,Quincy,IL,United States,collegescorecard.ed.gov
4530.0,13800.0,,,,Joliet Junior College,Joliet,IL,United States,collegescorecard.ed.gov
31360.0,31360.0,0.4759,1039.0,22.0,Judson University,Elgin,IL,United States,collegescorecard.ed.gov
5220.0,25830.0,,,,Kankakee Community College,Kankakee,IL,United States,collegescorecard.ed.gov
4800.0,12570.0,,,,Kaskaskia College,Centralia,IL,United States,collegescorecard.ed.gov
4560.0,13680.0,,,,Kishwaukee College,Malta,IL,United States,collegescorecard.ed.gov
57903.0,57903.0,0.7079,1326.0,28.0,Knox College,Galesburg,IL,United States,collegescorecard.ed.gov
,,,,,Educators of Beauty College of Cosmetology-Peru,PERU,IL,United States,collegescorecard.ed.gov
4788.0,14400.0,,,,College of Lake County,Grayslake,IL,United States,collegescorecard.ed.gov
56402.0,56402.0,0.5681,1343.0,29.0,Lake Forest College,Lake Forest,IL,United States,collegescorecard.ed.gov
,,,,,Lake Forest Graduate School of Management,Lake Forest,IL,United States,collegescorecard.ed.gov
4415.0,14301.0,,,,Lake Land College,Mattoon,IL,United States,collegescorecard.ed.gov
,,,,,Lakeview College of Nursing,Danville,IL,United States,collegescorecard.ed.gov
4340.0,7840.0,,,,Lewis and Clark Community College,Godfrey,IL,United States,collegescorecard.ed.gov
39200.0,39200.0,0.7129,1096.0,23.0,Lewis University,Romeoville,IL,United States,collegescorecard.ed.gov
3744.0,10464.0,,,,Lincoln Land Community College,Springfield,IL,United States,collegescorecard.ed.gov
,,,,,Lincoln College of Technology-Melrose Park,Melrose Park,IL,United States,collegescorecard.ed.gov
53710.0,53710.0,0.816,1297.0,30.0,Loyola University Chicago,Chicago,IL,United States,collegescorecard.ed.gov
,,,,,Lutheran School of Theology at Chicago,Chicago,IL,United States,collegescorecard.ed.gov
,,,,,Trinity College of Nursing & Health Sciences,Rock Island,IL,United States,collegescorecard.ed.gov
,,,,,Steven Papageorge Hair Academy,Chicago,IL,United States,collegescorecard.ed.gov
12700.0,12700.0,,,,Generations College,Chicago,IL,United States,collegescorecard.ed.gov
,,,,,McCormick Theological Seminary,Chicago,IL,United States,collegescorecard.ed.gov
4162.0,14399.0,,,,McHenry County College,Crystal Lake,IL,United States,collegescorecard.ed.gov
34740.0,34740.0,0.7172,,,McKendree University,Lebanon,IL,United States,collegescorecard.ed.gov
,,,,,Meadville Theological School of Lombard College,Chicago,IL,United States,collegescorecard.ed.gov
18008.0,18008.0,0.3889,,,Methodist College,Peoria,IL,United States,collegescorecard.ed.gov
26892.0,26892.0,0.6668,1034.0,23.0,Millikin University,Decatur,IL,United States,collegescorecard.ed.gov
44922.0,44922.0,0.9093,1128.0,26.0,Monmouth College,Monmouth,IL,United States,collegescorecard.ed.gov
15786.0,15786.0,0.8269,,,Moody Bible Institute,Chicago,IL,United States,collegescorecard.ed.gov
3822.0,9846.0,,,,Moraine Valley Community College,Palos Hills,IL,United States,collegescorecard.ed.gov
20355.0,20355.0,,,,Morrison Institute of Technology,Morrison,IL,United States,collegescorecard.ed.gov
5502.0,12414.0,,,,Morton College,Cicero,IL,United States,collegescorecard.ed.gov
12705.0,12705.0,0.9505,,,National Louis University,Chicago,IL,United States,collegescorecard.ed.gov
,,,,,National University of Health Sciences,Lombard,IL,United States,collegescorecard.ed.gov
,,,,,Cosmetology Concepts Niles,Niles,IL,United States,collegescorecard.ed.gov
45726.0,45726.0,0.7733,1213.0,25.0,North Central College,Naperville,IL,United States,collegescorecard.ed.gov
36710.0,36710.0,0.6851,,23.0,North Park University,Chicago,IL,United States,collegescorecard.ed.gov
,,,,,Northern Baptist Theological Seminary,Lisle,IL,United States,collegescorecard.ed.gov
13248.0,13248.0,0.6979,,,Northern Illinois University,Dekalb,IL,United States,collegescorecard.ed.gov
68322.0,68322.0,0.0769,1533.0,35.0,Northwestern University,Evanston,IL,United States,collegescorecard.ed.gov
12383.0,22726.0,0.746,,,Northeastern Illinois University,Chicago,IL,United States,collegescorecard.ed.gov
3985.0,12462.0,,,,Oakton College,Des Plaines,IL,United States,collegescorecard.ed.gov
,,,,,Oehrlein School of Cosmetology,East Peoria,IL,United States,collegescorecard.ed.gov
38900.0,38900.0,0.5586,1117.0,23.0,Olivet Nazarene University,Bourbonnais,IL,United States,collegescorecard.ed.gov
4284.0,13266.0,,,,Parkland College,Champaign,IL,United States,collegescorecard.ed.gov
4176.0,11064.0,,,,Prairie State College,Chicago Heights,IL,United States,collegescorecard.ed.gov
34680.0,34680.0,,,25.0,Principia College,Elsah,IL,United States,collegescorecard.ed.gov
,,,,,Professional's Choice Hair Design Academy,Joliet,IL,United States,collegescorecard.ed.gov
37140.0,37140.0,0.5093,1098.0,24.0,Quincy University,Quincy,IL,United States,collegescorecard.ed.gov
4500.0,7800.0,,,,Rend Lake College,Ina,IL,United States,collegescorecard.ed.gov
4680.0,17070.0,,,,Richland Community College,Decatur,IL,United States,collegescorecard.ed.gov
4334.0,7379.0,,,,Rock Valley College,Rockford,IL,United States,collegescorecard.ed.gov
37780.0,37780.0,0.9291,956.0,21.0,Rockford University,Rockford,IL,United States,collegescorecard.ed.gov
21315.0,21315.0,0.9716,1011.0,24.0,Roosevelt University,Chicago,IL,United States,collegescorecard.ed.gov
38978.0,38978.0,0.9032,1002.0,25.0,Dominican University,River Forest,IL,United States,collegescorecard.ed.gov
,,,,,Rush University,Chicago,IL,United States,collegescorecard.ed.gov
,,,,,Saint Francis Medical Center College of Nursing,Peoria,IL,United States,collegescorecard.ed.gov
38110.0,38110.0,0.6529,1141.0,23.0,University of St Francis,Joliet,IL,United States,collegescorecard.ed.gov
,,,,,St. John's College,Springfield,IL,United States,collegescorecard.ed.gov
37940.0,37940.0,0.843,,,Saint Xavier University,Chicago,IL,United States,collegescorecard.ed.gov
12252.0,22017.0,0.8588,1102.0,24.0,University of Illinois Springfield,Springfield,IL,United States,collegescorecard.ed.gov
5340.0,12900.0,,,,Sauk Valley Community College,Dixon,IL,United States,collegescorecard.ed.gov
4650.0,7500.0,,,,Shawnee Community College,Ullin,IL,United States,collegescorecard.ed.gov
,,,,,University of Saint Mary of the Lake,Mundelein,IL,United States,collegescorecard.ed.gov
4560.0,6780.0,,,,Southeastern Illinois College,Harrisburg,IL,United States,collegescorecard.ed.gov
,,,,,Spertus College,Chicago,IL,United States,collegescorecard.ed.gov
6090.0,13500.0,,,,Spoon River College,Canton,IL,United States,collegescorecard.ed.gov
27811.0,27811.0,,,,Saint Anthony College of Nursing,Rockford,IL,United States,collegescorecard.ed.gov
,,,,,Educators of Beauty College of Cosmetology-Sterling,Sterling,IL,United States,collegescorecard.ed.gov
13334.0,13334.0,0.8688,1055.0,24.0,Southern Illinois University-Carbondale,Carbondale,IL,United States,collegescorecard.ed.gov
12922.0,12922.0,0.975,1100.0,23.0,Southern Illinois University Edwardsville,Edwardsville,IL,United States,collegescorecard.ed.gov
12000.0,12000.0,0.9123,,,Taylor Business Institute,Chicago,IL,United States,collegescorecard.ed.gov
15000.0,15000.0,1.0,,,Telshe Yeshiva-Chicago,Chicago,IL,United States,collegescorecard.ed.gov
5093.0,12683.0,,,,South Suburban College,South Holland,IL,United States,collegescorecard.ed.gov
20605.0,20605.0,0.8492,1157.0,24.0,Trinity Christian College,Palos Heights,IL,United States,collegescorecard.ed.gov
12320.0,12320.0,1.0,,18.0,Trinity International University-Illinois,Deerfield,IL,United States,collegescorecard.ed.gov
5070.0,15330.0,,,,Triton College,River Grove,IL,United States,collegescorecard.ed.gov
,,,,,University of Spa & Cosmetology Arts,Springfield,IL,United States,collegescorecard.ed.gov
30910.0,30910.0,0.8947,,,VanderCook College of Music,Chicago,IL,United States,collegescorecard.ed.gov
3504.0,10477.0,,,,Waubonsee Community College,Sugar Grove,IL,United States,collegescorecard.ed.gov
15264.0,15264.0,0.7118,,,Western Illinois University,Macomb,IL,United States,collegescorecard.ed.gov
45546.0,45546.0,0.874,1380.0,30.0,Wheaton College,Wheaton,IL,United States,collegescorecard.ed.gov
3894.0,11874.0,,,,William Rainey Harper College,Palatine,IL,United States,collegescorecard.ed.gov
37240.0,37240.0,0.7934,1035.0,22.0,Anderson University,Anderson,IN,United States,collegescorecard.ed.gov
11082.0,29630.0,0.855,1160.0,24.0,Ball State University,Muncie,IN,United States,collegescorecard.ed.gov
34600.0,34600.0,0.9766,1014.0,,Bethel University,Mishawaka,IN,United States,collegescorecard.ed.gov
47560.0,47560.0,0.8508,1274.0,28.0,Butler University,Indianapolis,IN,United States,collegescorecard.ed.gov
23850.0,23850.0,,,,Calumet College of Saint Joseph,Whiting,IN,United States,collegescorecard.ed.gov
,,,,,Christian Theological Seminary,Indianapolis,IN,United States,collegescorecard.ed.gov
10080.0,10080.0,,,,College of Court Reporting Inc,Valparaiso,IN,United States,collegescorecard.ed.gov
,,,,,Concordia Theological Seminary,Fort Wayne,IN,United States,collegescorecard.ed.gov
,,,,,Tricoci University of Beauty Culture-Highland,Highland,IN,United States,collegescorecard.ed.gov
59070.0,59070.0,0.5719,1340.0,28.0,DePauw University,Greencastle,IN,United States,collegescorecard.ed.gov
,,,,,Don Roberts School of Hair Design,Schererville,IN,United States,collegescorecard.ed.gov
53930.0,53930.0,0.7311,1219.0,28.0,Earlham College,Richmond,IN,United States,collegescorecard.ed.gov
44172.0,44172.0,0.776,,26.0,University of Evansville,Evansville,IN,United States,collegescorecard.ed.gov
38710.0,38710.0,0.698,1145.0,23.0,Franklin College,Franklin,IN,United States,collegescorecard.ed.gov
38890.0,38890.0,0.8407,950.0,27.0,Goshen College,Goshen,IN,United States,collegescorecard.ed.gov
31200.0,31200.0,0.8215,1119.0,23.0,Grace College and Theological Seminary,Winona Lake,IN,United States,collegescorecard.ed.gov
44638.0,44638.0,0.837,1201.0,28.0,Hanover College,Hanover,IN,United States,collegescorecard.ed.gov
,,,,,J Michael Harrold Beauty Academy,Terre Haute,IN,United States,collegescorecard.ed.gov
36600.0,36600.0,0.7518,,31.0,Holy Cross College,Notre Dame,IN,United States,collegescorecard.ed.gov
,,,,,PJ's College of Cosmetology-Clarksville,Clarksville,IN,United States,collegescorecard.ed.gov
31870.0,31870.0,0.7564,1052.0,22.0,Huntington University,Huntington,IN,United States,collegescorecard.ed.gov
5154.0,9935.0,,,,Ivy Tech Community College,Indianapolis,IN,United States,collegescorecard.ed.gov
9532.0,22887.0,0.8389,1100.0,23.0,Purdue University Fort Wayne,Fort Wayne,IN,United States,collegescorecard.ed.gov
10762.0,34891.0,0.7637,1139.0,25.0,Indiana University-Indianapolis,Indianapolis,IN,United States,collegescorecard.ed.gov
37200.0,37200.0,0.665,,,University of Indianapolis,Indianapolis,IN,United States,collegescorecard.ed.gov
31361.0,31361.0,0.7039,,,Indiana Institute of Technology,Fort Wayne,IN,United States,collegescorecard.ed.gov
10066.0,22907.0,0.9581,1141.0,24.0,University of Southern Indiana,Evansville,IN,United States,collegescorecard.ed.gov
10258.0,22322.0,0.8077,,,Indiana State University,Terre Haute,IN,United States,collegescorecard.ed.gov
8424.0,22811.0,0.8648,1065.0,23.0,Indiana University-Kokomo,Kokomo,IN,United States,collegescorecard.ed.gov
8424.0,22811.0,0.8384,1081.0,21.0,Indiana University-South Bend,South Bend,IN,United States,collegescorecard.ed.gov
12144.0,41891.0,0.7821,1313.0,29.0,Indiana University-Bloomington,Bloomington,IN,United States,collegescorecard.ed.gov
8424.0,22811.0,0.7339,1055.0,22.0,Indiana University-Northwest,Gary,IN,United States,collegescorecard.ed.gov
8424.0,22811.0,0.8446,1072.0,23.0,Indiana University-Southeast,New Albany,IN,United States,collegescorecard.ed.gov
8424.0,22811.0,0.6722,1061.0,22.0,Indiana University-East,Richmond,IN,United States,collegescorecard.ed.gov
17170.0,17170.0,0.7519,,,Vet Tech Institute of Indiana,Indianapolis,IN,United States,collegescorecard.ed.gov
,,,,,Taylor Institute of Cosmetology II,Knox,IN,United States,collegescorecard.ed.gov
,,,,,Tricoci University of Beauty Culture-Lafayette,Lafayette,IN,United States,collegescorecard.ed.gov
,,,,,Lincoln College of Technology-Indianapolis,Indianapolis,IN,United States,collegescorecard.ed.gov
37135.0,37135.0,0.7106,,,Manchester University,North Manchester,IN,United States,collegescorecard.ed.gov
40664.0,40664.0,0.9546,,,Marian University,Indianapolis,IN,United States,collegescorecard.ed.gov
32352.0,32352.0,0.8894,1082.0,23.0,Indiana Wesleyan University-Marion,Marion,IN,United States,collegescorecard.ed.gov
,,,,,Anabaptist Mennonite Biblical Seminary,Elkhart,IN,United States,collegescorecard.ed.gov
19000.0,19000.0,,,,Mid-America College of Funeral Service,Jeffersonville,IN,United States,collegescorecard.ed.gov
65025.0,65025.0,0.1127,1520.0,34.0,University of Notre Dame,Notre Dame,IN,United States,collegescorecard.ed.gov
27900.0,27900.0,0.8251,,19.0,Oakland City University,Oakland City,IN,United States,collegescorecard.ed.gov
,,,,,PJ's College of Cosmetology-Richmond,Richmond,IN,United States,collegescorecard.ed.gov
,,,,,Ravenscroft Beauty College,Fort Wayne,IN,United States,collegescorecard.ed.gov
,,,,,Rogers Academy of Hair Design,Evansville,IN,United States,collegescorecard.ed.gov
58649.0,58649.0,0.7686,1427.0,31.0,Rose-Hulman Institute of Technology,Terre Haute,IN,United States,collegescorecard.ed.gov
36460.0,36460.0,0.9597,981.0,22.0,University of Saint Francis-Fort Wayne,Fort Wayne,IN,United States,collegescorecard.ed.gov
35270.0,35270.0,0.7239,,20.0,Saint Mary-of-the-Woods College,Saint Mary of the Woods,IN,United States,collegescorecard.ed.gov
53230.0,53230.0,0.7597,1246.0,26.0,Saint Mary's College,Notre Dame,IN,United States,collegescorecard.ed.gov
,,,,,Saint Meinrad School of Theology,St. Meinrad,IN,United States,collegescorecard.ed.gov
20208.0,20208.0,0.8889,,,Saint Elizabeth School of Nursing,Lafayette,IN,United States,collegescorecard.ed.gov
40490.0,40490.0,0.7353,1220.0,,Taylor University,Upland,IN,United States,collegescorecard.ed.gov
36560.0,36560.0,0.8548,,25.0,Trine University,Angola,IN,United States,collegescorecard.ed.gov
48450.0,48450.0,0.8943,1178.0,,Valparaiso University,Valparaiso,IN,United States,collegescorecard.ed.gov
,,,,,Vincennes Beauty College,Vincennes,IN,United States,collegescorecard.ed.gov
7126.0,16858.0,,,,Vincennes University,Vincennes,IN,United States,collegescorecard.ed.gov
50800.0,50800.0,0.633,1180.0,26.0,Wabash College,Crawfordsville,IN,United States,collegescorecard.ed.gov
,,,,,Allen College,Waterloo,IA,United States,collegescorecard.ed.gov
36956.0,36956.0,,,,Briar Cliff University,Sioux City,IA,United States,collegescorecard.ed.gov
41798.0,41798.0,0.7761,1120.0,22.0,Buena Vista University,Storm Lake,IA,United States,collegescorecard.ed.gov
,,,,,Capri College-Dubuque,Dubuque,IA,United States,collegescorecard.ed.gov
,,,,,Capri College-Cedar Rapids,Cedar Rapids,IA,United States,collegescorecard.ed.gov
20988.0,20988.0,0.8617,1147.0,22.0,Central College,Pella,IA,United States,collegescorecard.ed.gov
40910.0,40910.0,0.7183,1054.0,21.0,Clarke University,Dubuque,IA,United States,collegescorecard.ed.gov
54666.0,54666.0,0.6404,1223.0,,Coe College,Cedar Rapids,IA,United States,collegescorecard.ed.gov
52660.0,52660.0,0.799,1234.0,27.0,Cornell College,Mount Vernon,IA,United States,collegescorecard.ed.gov
5790.0,6690.0,,,,Des Moines Area Community College,Ankeny,IA,United States,collegescorecard.ed.gov
15600.0,15600.0,,,,Divine Word College,Epworth,IA,United States,collegescorecard.ed.gov
37050.0,37050.0,0.6847,1221.0,25.0,Dordt University,Sioux Center,IA,United States,collegescorecard.ed.gov
52130.0,52130.0,0.6385,1292.0,28.0,Drake University,Des Moines,IA,United States,collegescorecard.ed.gov
42095.0,42095.0,0.8863,1110.0,,University of Dubuque,Dubuque,IA,United States,collegescorecard.ed.gov
5496.0,6504.0,,,,Ellsworth Community College,Iowa Falls,IA,United States,collegescorecard.ed.gov
20800.0,20800.0,0.5979,1161.0,22.0,Emmaus Bible College,Dubuque,IA,United States,collegescorecard.ed.gov
4848.0,6456.0,,,,Eastern Iowa Community College District,Davenport,IA,United States,collegescorecard.ed.gov
20270.0,20270.0,0.6752,1109.0,24.0,Faith Baptist Bible College and Theological Seminary,Ankeny,IA,United States,collegescorecard.ed.gov
20950.0,20950.0,0.8083,,20.0,Graceland University-Lamoni,Lamoni,IA,United States,collegescorecard.ed.gov
34762.0,34762.0,0.9909,,20.0,Grand View University,Des Moines,IA,United States,collegescorecard.ed.gov
68106.0,68106.0,0.1451,1486.0,32.0,Grinnell College,Grinnell,IA,United States,collegescorecard.ed.gov
15600.0,15600.0,,,,Orion Technical College,Davenport,IA,United States,collegescorecard.ed.gov
6525.0,6612.0,,,,Hawkeye Community College,Waterloo,IA,United States,collegescorecard.ed.gov
,,,,,American Hair Academy,Mt. Pleasant,IA,United States,collegescorecard.ed.gov
5040.0,6120.0,,,,Indian Hills Community College,Ottumwa,IA,United States,collegescorecard.ed.gov
5496.0,7788.0,,,,Iowa Central Community College,Fort Dodge,IA,United States,collegescorecard.ed.gov
7392.0,7872.0,,,,Iowa Lakes Community College,Estherville,IA,United States,collegescorecard.ed.gov
,,,,,UnityPoint Health-Des Moines School of Radiologic Technology,Des Moines,IA,United States,collegescorecard.ed.gov
,,,,,Iowa School of Beauty-Des Moines,Des Moines,IA,United States,collegescorecard.ed.gov
10787.0,28881.0,0.8866,1204.0,25.0,Iowa State University,Ames,IA,United States,collegescorecard.ed.gov
6930.0,7080.0,,,,Iowa Western Community College,Council Bluffs,IA,United States,collegescorecard.ed.gov
11283.0,33371.0,0.8362,1200.0,26.0,University of Iowa,Iowa City,IA,United States,collegescorecard.ed.gov
6176.0,8220.0,,,,Kirkwood Community College,Cedar Rapids,IA,United States,collegescorecard.ed.gov
,,,,,La James International College-Cedar Falls,Cedar Falls,IA,United States,collegescorecard.ed.gov
,,,,,La James International College-Johnston,Johnston,IA,United States,collegescorecard.ed.gov
,,,,,La James College of Hairstyling and Cosmetology,Mason City,IA,United States,collegescorecard.ed.gov
,,,,,La James International College-Ft Dodge,Fort Dodge,IA,United States,collegescorecard.ed.gov
39824.0,39824.0,0.9986,,,Loras College,Dubuque,IA,United States,collegescorecard.ed.gov
52120.0,52120.0,0.7154,1218.0,26.0,Luther College,Decorah,IA,United States,collegescorecard.ed.gov
16530.0,16530.0,0.957,,,Maharishi International University,Fairfield,IA,United States,collegescorecard.ed.gov
5496.0,6504.0,,,,Marshalltown Community College,Marshalltown,IA,United States,collegescorecard.ed.gov
17664.0,17664.0,0.9971,980.0,20.0,Mercy College of Health Sciences,Des Moines,IA,United States,collegescorecard.ed.gov
39660.0,39660.0,0.7104,,,Morningside University,Sioux City,IA,United States,collegescorecard.ed.gov
40878.0,40878.0,0.8252,,,Mount Mercy University,Cedar Rapids,IA,United States,collegescorecard.ed.gov
11960.0,11960.0,,,,The University of Arizona Global Campus,Chandler,AZ,United States,collegescorecard.ed.gov
6653.0,9551.0,,,,North Iowa Area Community College,Mason City,IA,United States,collegescorecard.ed.gov
9936.0,21712.0,0.9274,1122.0,23.0,University of Northern Iowa,Cedar Falls,IA,United States,collegescorecard.ed.gov
36710.0,36710.0,0.8036,,24.0,Northwestern College,Orange City,IA,United States,collegescorecard.ed.gov
6780.0,7770.0,,,,Northeast Iowa Community College,Calmar,IA,United States,collegescorecard.ed.gov
7350.0,7650.0,,,,Northwest Iowa Community College,Sheldon,IA,United States,collegescorecard.ed.gov
,,,,,Des Moines University-Osteopathic Medical Center,West Des Moines,IA,United States,collegescorecard.ed.gov
,,,,,Palmer College of Chiropractic,Davenport,IA,United States,collegescorecard.ed.gov
,,,,,PCI Academy-Ames,Ames,IA,United States,collegescorecard.ed.gov
36658.0,36658.0,0.7733,1093.0,24.0,Saint Ambrose University,Davenport,IA,United States,collegescorecard.ed.gov
24175.0,24175.0,0.8,980.0,,St Luke's College,Sioux City,IA,United States,collegescorecard.ed.gov
,,,,,La James International College-Davenport,Davenport,IA,United States,collegescorecard.ed.gov
47656.0,47656.0,0.8622,1440.0,24.0,Simpson College,Indianola,IA,United States,collegescorecard.ed.gov
6420.0,6570.0,,,,Southeastern Community College,West Burlington,IA,United States,collegescorecard.ed.gov
8064.0,8316.0,,,,Southwestern Community College,Creston,IA,United States,collegescorecard.ed.gov
,,,,,Capri College-Davenport,Davenport,IA,United States,collegescorecard.ed.gov
,,,,,Iowa School of Beauty-Sioux City,Sioux City,IA,United States,collegescorecard.ed.gov
,,,,,SOHO Hair Academy,Council Bluffs,IA,United States,collegescorecard.ed.gov
19475.0,19475.0,0.9646,1090.0,21.0,Upper Iowa University,Fayette,IA,United States,collegescorecard.ed.gov
25978.0,25978.0,0.7698,,,Waldorf University,Forest City,IA,United States,collegescorecard.ed.gov
26250.0,26250.0,0.7584,1136.0,23.0,Wartburg College,Waverly,IA,United States,collegescorecard.ed.gov
,,,,,Wartburg Theological Seminary,Dubuque,IA,United States,collegescorecard.ed.gov
,,,,,The Salon Professional Academy-Cedar Falls,Cedar Falls,IA,United States,collegescorecard.ed.gov
5186.0,5330.0,,,,Western Iowa Tech Community College,Sioux City,IA,United States,collegescorecard.ed.gov
29750.0,29750.0,0.5188,984.0,19.0,William Penn University,Oskaloosa,IA,United States,collegescorecard.ed.gov
4260.0,4860.0,,,,Allen County Community College,Iola,KS,United States,collegescorecard.ed.gov
35300.0,35300.0,0.9419,,21.0,Baker University,Baldwin City,KS,United States,collegescorecard.ed.gov
3680.0,4960.0,,,,Barton County Community College,Great Bend,KS,United States,collegescorecard.ed.gov
36350.0,36350.0,0.9812,1252.0,26.0,Benedictine College,Atchison,KS,United States,collegescorecard.ed.gov
33000.0,33000.0,0.56,,20.0,Bethany College,Lindsborg,KS,United States,collegescorecard.ed.gov
35014.0,35014.0,0.935,,22.0,Bethel College-North Newton,North Newton,KS,United States,collegescorecard.ed.gov
3541.0,6271.0,,,,Butler Community College,El Dorado,KS,United States,collegescorecard.ed.gov
21000.0,21000.0,0.5271,,,Central Christian College of Kansas,McPherson,KS,United States,collegescorecard.ed.gov
3540.0,4500.0,,,,Cloud County Community College,Concordia,KS,United States,collegescorecard.ed.gov
3600.0,4680.0,,,,Coffeyville Community College,Coffeyville,KS,United States,collegescorecard.ed.gov
4140.0,5830.0,,,,Colby Community College,Colby,KS,United States,collegescorecard.ed.gov
4800.0,6600.0,,,,Cowley County Community College,Arkansas City,KS,United States,collegescorecard.ed.gov
4650.0,5850.0,,,,Dodge City Community College,Dodge City,KS,United States,collegescorecard.ed.gov
10440.0,10440.0,,,,Donnelly College,Kansas City,KS,United States,collegescorecard.ed.gov
7106.0,15419.0,0.9771,1120.0,,Emporia State University,Emporia,KS,United States,collegescorecard.ed.gov
6400.0,6400.0,,,,Flint Hills Technical College,Emporia,KS,United States,collegescorecard.ed.gov
5923.0,17741.0,0.9026,1089.0,,Fort Hays State University,Hays,KS,United States,collegescorecard.ed.gov
24590.0,24590.0,0.5098,,,Barclay College,Haviland,KS,United States,collegescorecard.ed.gov
34192.0,34192.0,0.5522,1080.0,21.0,Friends University,Wichita,KS,United States,collegescorecard.ed.gov
3390.0,3840.0,,,,Fort Scott Community College,Fort Scott,KS,United States,collegescorecard.ed.gov
3690.0,4320.0,,,,Garden City Community College,Garden City,KS,United States,collegescorecard.ed.gov
600.0,600.0,0.9036,,,Haskell Indian Nations University,Lawrence,KS,United States,collegescorecard.ed.gov
,,,,,Hays Academy of Hair Design,Hays,KS,United States,collegescorecard.ed.gov
32936.0,32936.0,,,,Hesston College,Hesston,KS,United States,collegescorecard.ed.gov
4080.0,4080.0,,,,Highland Community College,Highland,KS,United States,collegescorecard.ed.gov
3540.0,4770.0,,,,Hutchinson Community College,Hutchinson,KS,United States,collegescorecard.ed.gov
4560.0,4950.0,,,,Independence Community College,Independence,KS,United States,collegescorecard.ed.gov
2424.0,5688.0,,,,Johnson County Community College,Overland Park,KS,United States,collegescorecard.ed.gov
,,0.9633,,,Concorde Career College-Kansas City,Kansas City,MO,United States,collegescorecard.ed.gov
3210.0,6945.0,,,,Kansas City Kansas Community College,Kansas City,KS,United States,collegescorecard.ed.gov
11720.0,11720.0,,,,Kansas Christian College,Overland Park,KS,United States,collegescorecard.ed.gov
12102.0,30432.0,0.9348,1190.0,25.0,University of Kansas,Lawrence,KS,United States,collegescorecard.ed.gov
35500.0,35500.0,0.7398,,21.0,Newman University,Wichita,KS,United States,collegescorecard.ed.gov
,,,,,Old Town Barber College,Wichita,KS,United States,collegescorecard.ed.gov
11221.0,28568.0,0.8169,1151.0,,Kansas State University,Manhattan,KS,United States,collegescorecard.ed.gov
34630.0,34630.0,0.719,,,Kansas Wesleyan University,Salina,KS,United States,collegescorecard.ed.gov
8880.0,8880.0,,,,Washburn Institute of Technology,Topeka,KS,United States,collegescorecard.ed.gov
4064.0,4864.0,,,,Labette Community College,Parsons,KS,United States,collegescorecard.ed.gov
9844.0,9844.0,,,,Manhattan Area Technical College,Manhattan,KS,United States,collegescorecard.ed.gov
19126.0,19126.0,1.0,1020.0,22.0,Manhattan Christian College,Manhattan,KS,United States,collegescorecard.ed.gov
37310.0,37310.0,0.7676,1058.0,,McPherson College,McPherson,KS,United States,collegescorecard.ed.gov
37174.0,37174.0,0.788,1048.0,20.0,MidAmerica Nazarene University,Olathe,KS,United States,collegescorecard.ed.gov
5780.0,5780.0,,,,Neosho County Community College,Chanute,KS,United States,collegescorecard.ed.gov
7350.0,7350.0,,,,Fort Hays Tech North Central,Beloit,KS,United States,collegescorecard.ed.gov
,,,,,Fort Hays State University-Northwest Kansas Technical College,Goodland,KS,United States,collegescorecard.ed.gov
35880.0,35880.0,0.8296,1000.0,18.0,Ottawa University-Ottawa,Ottawa,KS,United States,collegescorecard.ed.gov
,,,,,Ottawa University-Kansas City,Overland Park,KS,United States,collegescorecard.ed.gov
8400.0,19744.0,0.8942,1050.0,21.0,Pittsburg State University,Pittsburg,KS,United States,collegescorecard.ed.gov
4256.0,4936.0,,,,Pratt Community College,Pratt,KS,United States,collegescorecard.ed.gov
35380.0,35380.0,0.8663,1029.0,,University of Saint Mary,Leavenworth,KS,United States,collegescorecard.ed.gov
7128.0,7128.0,,,,Salina Area Technical College,Salina,KS,United States,collegescorecard.ed.gov
4032.0,5408.0,,,,Seward County Community College,Liberal,KS,United States,collegescorecard.ed.gov
39822.0,39822.0,0.7555,,19.0,Southwestern College,Winfield,KS,United States,collegescorecard.ed.gov
33700.0,33700.0,0.4817,,22.0,Sterling College,Sterling,KS,United States,collegescorecard.ed.gov
36200.0,36200.0,0.6458,,,Tabor College,Hillsboro,KS,United States,collegescorecard.ed.gov
9945.0,20949.0,,,,Washburn University,Topeka,KS,United States,collegescorecard.ed.gov
7238.0,7238.0,,,,Wichita State University-Campus of Applied Sciences and Technology,Wichita,KS,United States,collegescorecard.ed.gov
9684.0,19869.0,0.9395,1092.0,23.0,Wichita State University,Wichita,KS,United States,collegescorecard.ed.gov
,,,,,Wichita Technical Institute,Wichita,KS,United States,collegescorecard.ed.gov
13960.0,13960.0,0.7523,1015.0,20.0,Alice Lloyd College,Pippa Passes,KY,United States,collegescorecard.ed.gov
33640.0,33640.0,0.634,,,Asbury University,Wilmore,KY,United States,collegescorecard.ed.gov
,,,,,Asbury Theological Seminary,Wilmore,KY,United States,collegescorecard.ed.gov
4728.0,6432.0,,,,Ashland Community and Technical College,Ashland,KY,United States,collegescorecard.ed.gov
48770.0,48770.0,0.8611,1210.0,24.0,Bellarmine University,Louisville,KY,United States,collegescorecard.ed.gov
51658.0,51658.0,0.1934,1249.0,26.0,Berea College,Berea,KY,United States,collegescorecard.ed.gov
,,,,,PJ's College of Cosmetology-Bowling Green,Bowling Green,KY,United States,collegescorecard.ed.gov
4728.0,6432.0,,,,Southcentral Kentucky Community and Technical College,Bowling Green,KY,United States,collegescorecard.ed.gov
31550.0,31550.0,0.3524,,22.0,Brescia University,Owensboro,KY,United States,collegescorecard.ed.gov
27998.0,27998.0,0.7974,,,Campbellsville University,Campbellsville,KY,United States,collegescorecard.ed.gov
4808.0,6512.0,,,,Bluegrass Community and Technical College,Lexington,KY,United States,collegescorecard.ed.gov
52820.0,52820.0,0.5436,1352.0,30.0,Centre College,Danville,KY,United States,collegescorecard.ed.gov
10720.0,10720.0,,,,Clear Creek Baptist Bible College,Pineville,KY,United States,collegescorecard.ed.gov
,,,,,Paul Mitchell the School-Lexington,Lexington,KY,United States,collegescorecard.ed.gov
,,,,,Galen College of Nursing-Louisville,Louisville,KY,United States,collegescorecard.ed.gov
9875.0,9875.0,0.9881,,21.0,University of the Cumberlands,Williamsburg,KY,United States,collegescorecard.ed.gov
10320.0,21230.0,0.7761,1149.0,21.0,Eastern Kentucky University,Richmond,KY,United States,collegescorecard.ed.gov
4728.0,6432.0,,,,Elizabethtown Community and Technical College,Elizabethtown,KY,United States,collegescorecard.ed.gov
,,,,,Frontier Nursing University,Versailles,KY,United States,collegescorecard.ed.gov
42840.0,42840.0,0.9106,1138.0,,Georgetown College,Georgetown,KY,United States,collegescorecard.ed.gov
,,,,,PJ's College of Cosmetology-Glasgow,Glasgow,KY,United States,collegescorecard.ed.gov
4728.0,6432.0,,,,Hazard Community and Technical College,Hazard,KY,United States,collegescorecard.ed.gov
,,,,,Paul Mitchell the School-Louisville,Louisville,KY,United States,collegescorecard.ed.gov
4728.0,6432.0,,,,Henderson Community College,Henderson,KY,United States,collegescorecard.ed.gov
4728.0,6432.0,,,,Hopkinsville Community College,Hopkinsville,KY,United States,collegescorecard.ed.gov
4808.0,6512.0,,,,Jefferson Community and Technical College,Louisville,KY,United States,collegescorecard.ed.gov
,,0.8125,,,Summit Salon Academy-Lexington,Lexington,KY,United States,collegescorecard.ed.gov
12456.0,12456.0,,,,American National University-Louisville,Louisville,KY,United States,collegescorecard.ed.gov
10360.0,10360.0,1.0,1080.0,23.0,Kentucky Mountain Bible College,Jackson,KY,United States,collegescorecard.ed.gov
9387.0,13658.0,0.9608,870.0,,Kentucky State University,Frankfort,KY,United States,collegescorecard.ed.gov
34673.0,34673.0,0.716,1044.0,22.0,Kentucky Wesleyan College,Owensboro,KY,United States,collegescorecard.ed.gov
13502.0,34140.0,0.9294,1215.0,26.0,University of Kentucky,Lexington,KY,United States,collegescorecard.ed.gov
26625.0,26625.0,0.6091,1090.0,19.0,Kentucky Christian University,Grayson,KY,United States,collegescorecard.ed.gov
,,,,,Lexington Theological Seminary,Lexington,KY,United States,collegescorecard.ed.gov
27808.0,27808.0,,,,Lindsey Wilson University,Columbia,KY,United States,collegescorecard.ed.gov
13136.0,29482.0,0.7941,1150.0,24.0,University of Louisville,Louisville,KY,United States,collegescorecard.ed.gov
,,,,,Louisville Presbyterian Theological Seminary,Louisville,KY,United States,collegescorecard.ed.gov
4728.0,6432.0,,,,Madisonville Community College,Madisonville,KY,United States,collegescorecard.ed.gov
4728.0,6432.0,,,,Maysville Community and Technical College,Maysville,KY,United States,collegescorecard.ed.gov
27220.0,27220.0,0.9514,1122.0,22.0,Midway University,Midway,KY,United States,collegescorecard.ed.gov
10024.0,14980.0,0.7721,,,Morehead State University,Morehead,KY,United States,collegescorecard.ed.gov
9900.0,19836.0,0.8568,1133.0,24.0,Murray State University,Murray,KY,United States,collegescorecard.ed.gov
4728.0,6432.0,,,,Gateway Community and Technical College,Florence,KY,United States,collegescorecard.ed.gov
11088.0,21912.0,0.6765,1087.0,23.0,Northern Kentucky University,Highland Heights,KY,United States,collegescorecard.ed.gov
4728.0,6432.0,,,,West Kentucky Community and Technical College,Paducah,KY,United States,collegescorecard.ed.gov
24850.0,24850.0,,,,University of Pikeville,Pikeville,KY,United States,collegescorecard.ed.gov
4728.0,6432.0,,,,Big Sandy Community and Technical College,Prestonsburg,KY,United States,collegescorecard.ed.gov
,,,,,Empire Beauty School-Chenoweth,Louisville,KY,United States,collegescorecard.ed.gov
,,,,,Empire Beauty School-Elizabethtown,Elizabethtown,KY,United States,collegescorecard.ed.gov
,,,,,Empire Beauty School-Dixie,Louisville,KY,United States,collegescorecard.ed.gov
,,,,,Empire Beauty School-Florence,Florence,KY,United States,collegescorecard.ed.gov
4728.0,6432.0,,,,Somerset Community College,Somerset,KY,United States,collegescorecard.ed.gov
4728.0,6432.0,,,,Southeast Kentucky Community & Technical College,Cumberland,KY,United States,collegescorecard.ed.gov
11046.0,11046.0,0.5587,1120.0,23.0,The Southern Baptist Theological Seminary,Louisville,KY,United States,collegescorecard.ed.gov
29200.0,29200.0,0.9945,977.0,20.0,Spalding University,Louisville,KY,United States,collegescorecard.ed.gov
15480.0,15480.0,,,,Sullivan University,Louisville,KY,United States,collegescorecard.ed.gov
39800.0,39800.0,0.9035,1180.0,,Thomas More University,Crestview Hills,KY,United States,collegescorecard.ed.gov
46870.0,46870.0,0.8655,1287.0,27.0,Transylvania University,Lexington,KY,United States,collegescorecard.ed.gov
30946.0,30946.0,0.6315,980.0,19.0,Union Commonwealth University,Barbourville,KY,United States,collegescorecard.ed.gov
11652.0,27000.0,0.9387,971.0,,Western Kentucky University,Bowling Green,KY,United States,collegescorecard.ed.gov
4099.0,4099.0,,,,Central Louisiana Technical Community College,Alexandria,LA,United States,collegescorecard.ed.gov
,,,,,Ayers Career College,Shreveport,LA,United States,collegescorecard.ed.gov
,,,,,Baton Rouge General Medical Center School of Nursing & School of Radiologic Technology,Baton Rouge,LA,United States,collegescorecard.ed.gov
4283.0,4283.0,,,,Bossier Parish Community College,Bossier City,LA,United States,collegescorecard.ed.gov
41200.0,41200.0,0.5574,1144.0,25.0,Centenary College of Louisiana,Shreveport,LA,United States,collegescorecard.ed.gov
,,,,,Cloyd's Beauty School 1 Inc,West Monroe,LA,United States,collegescorecard.ed.gov
,,,,,Crescent City Bartending School,New Orleans,LA,United States,collegescorecard.ed.gov
4279.0,4279.0,,,,Delgado Community College,New Orleans,LA,United States,collegescorecard.ed.gov
,,,,,Delta College West,Lake Charles,LA,United States,collegescorecard.ed.gov
,,,,,Denham Springs Beauty School,Denham Springs,LA,United States,collegescorecard.ed.gov
23918.0,23918.0,0.4186,1050.0,21.0,Dillard University,New Orleans,LA,United States,collegescorecard.ed.gov
4255.0,4255.0,,,,Nunez Community College,Chalmette,LA,United States,collegescorecard.ed.gov
7683.0,16706.0,0.4486,943.0,17.0,Grambling State University,Grambling,LA,United States,collegescorecard.ed.gov
,,,,,Belbo Beauty Institute,Shreveport,LA,United States,collegescorecard.ed.gov
11711.0,11711.0,,,,ITI Technical College,Baton Rouge,LA,United States,collegescorecard.ed.gov
,,,,,John Jay Beauty College,Kenner,LA,United States,collegescorecard.ed.gov
,,,,,Louisiana State University Health Sciences Center-New Orleans,New Orleans,LA,United States,collegescorecard.ed.gov
7050.0,14650.0,0.9208,1022.0,20.0,Louisiana State University at Alexandria,Alexandria,LA,United States,collegescorecard.ed.gov
11954.0,28631.0,0.7333,1285.0,26.0,Louisiana State University and Agricultural & Mechanical College,Baton Rouge,LA,United States,collegescorecard.ed.gov
4730.0,10094.0,,,,Louisiana State University-Eunice,Eunice,LA,United States,collegescorecard.ed.gov
7518.0,7518.0,0.5055,1090.0,23.0,Louisiana State University-Shreveport,Shreveport,LA,United States,collegescorecard.ed.gov
,,,,,Aveda Arts & Sciences Institute-Baton Rouge,Baton Rouge,LA,United States,collegescorecard.ed.gov
,,,,,Aveda Arts & Sciences Institute-Lafayette,Lafayette,LA,United States,collegescorecard.ed.gov
20266.0,20266.0,0.7719,,21.0,Louisiana Christian University,Pineville,LA,United States,collegescorecard.ed.gov
,,,,,Opelousas School of Cosmetology,Opelousas,LA,United States,collegescorecard.ed.gov
10125.0,16866.0,0.864,1191.0,25.0,Louisiana Tech University,Ruston,LA,United States,collegescorecard.ed.gov
49440.0,49440.0,0.9305,,,Loyola University New Orleans,New Orleans,LA,United States,collegescorecard.ed.gov
8489.0,9989.0,0.7827,1087.0,22.0,McNeese State University,Lake Charles,LA,United States,collegescorecard.ed.gov
9172.0,14008.0,0.7431,1052.0,21.0,University of New Orleans,New Orleans,LA,United States,collegescorecard.ed.gov
12468.0,12468.0,,,,New Orleans Baptist Theological Seminary,New Orleans,LA,United States,collegescorecard.ed.gov
8149.0,9242.0,0.908,1090.0,23.0,Nicholls State University,Thibodaux,LA,United States,collegescorecard.ed.gov
9190.0,21290.0,0.8475,1116.0,22.0,University of Louisiana at Monroe,Monroe,LA,United States,collegescorecard.ed.gov
4109.0,4109.0,,,,Northwest Louisiana Technical Community College,Minden,LA,United States,collegescorecard.ed.gov
8864.0,19652.0,0.9254,1088.0,19.0,Northwestern State University of Louisiana,Natchitoches,LA,United States,collegescorecard.ed.gov
16576.0,16576.0,0.7366,,19.0,University of Holy Cross,New Orleans,LA,United States,collegescorecard.ed.gov
18310.0,18310.0,0.987,,21.0,Franciscan Missionaries of Our Lady University,Baton Rouge,LA,United States,collegescorecard.ed.gov
,,,,,Celebrity Stylist Beauty School,Monroe,LA,United States,collegescorecard.ed.gov
,,,,,Pineville Beauty School,Pineville,LA,United States,collegescorecard.ed.gov
,,,,,Aveda Arts & Sciences Institute-Covington,Covington,LA,United States,collegescorecard.ed.gov
28025.0,28025.0,,,,Saint Joseph Seminary College,St. Benedict,LA,United States,collegescorecard.ed.gov
,,,,,LaSalle Tech,Houma,LA,United States,collegescorecard.ed.gov
4219.0,4219.0,,,,Fletcher Technical Community College,Schriever,LA,United States,collegescorecard.ed.gov
16312.0,16312.0,,,,Remington College-Lafayette Campus,Lafayette,LA,United States,collegescorecard.ed.gov
4305.0,4305.0,,,,SOWELA Technical Community College,Lake Charles,LA,United States,collegescorecard.ed.gov
8373.0,20851.0,0.9931,1090.0,,Southeastern Louisiana University,Hammond,LA,United States,collegescorecard.ed.gov
9922.0,17272.0,0.3512,942.0,17.0,Southern University and A & M College,Baton Rouge,LA,United States,collegescorecard.ed.gov
8054.0,16954.0,0.789,944.0,,Southern University at New Orleans,New Orleans,LA,United States,collegescorecard.ed.gov
4958.0,4958.0,,,,Southern University at Shreveport,Shreveport,LA,United States,collegescorecard.ed.gov
10418.0,24146.0,0.8701,1219.0,22.0,University of Louisiana at Lafayette,Lafayette,LA,United States,collegescorecard.ed.gov
4299.0,4299.0,,,,Northshore Technical Community College,Lacombe,LA,United States,collegescorecard.ed.gov
68678.0,68678.0,0.1398,1448.0,32.0,Tulane University of Louisiana,New Orleans,LA,United States,collegescorecard.ed.gov
28733.0,28733.0,0.6904,1080.0,23.0,Xavier University of Louisiana,New Orleans,LA,United States,collegescorecard.ed.gov
47997.0,47997.0,0.7017,1370.0,,College of the Atlantic,Bar Harbor,ME,United States,collegescorecard.ed.gov
66590.0,66590.0,0.1332,1468.0,,Bates College,Lewiston,ME,United States,collegescorecard.ed.gov
,,,,,Beal University,Bangor,ME,United States,collegescorecard.ed.gov
67832.0,67832.0,0.0713,1520.0,,Bowdoin College,Brunswick,ME,United States,collegescorecard.ed.gov
20952.0,20952.0,0.7143,,,Maine College of Health Professions,Lewiston,ME,United States,collegescorecard.ed.gov
4140.0,7020.0,,,,Central Maine Community College,Auburn,ME,United States,collegescorecard.ed.gov
69600.0,69600.0,0.0709,1501.0,33.0,Colby College,Waterville,ME,United States,collegescorecard.ed.gov
4156.0,7036.0,,,,Eastern Maine Community College,Bangor,ME,United States,collegescorecard.ed.gov
4156.0,7036.0,,,,Kennebec Valley Community College,Fairfield,ME,United States,collegescorecard.ed.gov
29060.0,29060.0,,,,The Landing School,Arundel,ME,United States,collegescorecard.ed.gov
8888.0,22178.0,,,,University of Maine at Augusta,Augusta,ME,United States,collegescorecard.ed.gov
11308.0,23878.0,0.9672,1130.0,,University of Maine at Farmington,Farmington,ME,United States,collegescorecard.ed.gov
9420.0,14880.0,0.9792,,,University of Maine at Fort Kent,Fort Kent,ME,United States,collegescorecard.ed.gov
13326.0,36756.0,0.9664,,26.0,University of Maine,Orono,ME,United States,collegescorecard.ed.gov
15158.0,31102.0,0.5414,1166.0,,Maine Maritime Academy,Castine,ME,United States,collegescorecard.ed.gov
9402.0,14862.0,0.9987,,,University of Maine at Presque Isle,Presque Isle,ME,United States,collegescorecard.ed.gov
44210.0,44210.0,0.9163,,,University of New England,Biddeford,ME,United States,collegescorecard.ed.gov
4156.0,7036.0,,,,Northern Maine Community College,Presque Isle,ME,United States,collegescorecard.ed.gov
,,,,,Empire Beauty School-Maine,Bangor,ME,United States,collegescorecard.ed.gov
42942.0,42942.0,0.7606,,,Maine College of Art & Design,Portland,ME,United States,collegescorecard.ed.gov
44420.0,44420.0,0.8351,1040.0,,Saint Joseph's College of Maine,Standish,ME,United States,collegescorecard.ed.gov
,,,,,Spa Tech Institute-Westbrook,Westbrook,ME,United States,collegescorecard.ed.gov
4156.0,7036.0,,,,Southern Maine Community College,South Portland,ME,United States,collegescorecard.ed.gov
11284.0,27944.0,0.7923,1116.0,22.0,University of Southern Maine,Portland,ME,United States,collegescorecard.ed.gov
31824.0,31824.0,0.963,,,Thomas College,Waterville,ME,United States,collegescorecard.ed.gov
12640.0,12640.0,,,,Unity Environmental University,New Gloucester,ME,United States,collegescorecard.ed.gov
4156.0,7036.0,,,,Washington County Community College,Calais,ME,United States,collegescorecard.ed.gov
4938.0,12618.0,,,,Allegany College of Maryland,Cumberland,MD,United States,collegescorecard.ed.gov
4322.0,11522.0,,,,Anne Arundel Community College,Arnold,MD,United States,collegescorecard.ed.gov
,,,,,Award Beauty School,Hagerstown,MD,United States,collegescorecard.ed.gov
,,,,,Baltimore Studio of Hair Design,Baltimore,MD,United States,collegescorecard.ed.gov
3314.0,7394.0,,,,Baltimore City Community College,Baltimore,MD,United States,collegescorecard.ed.gov
9992.0,23984.0,0.7874,940.0,19.0,University of Baltimore,Baltimore,MD,United States,collegescorecard.ed.gov
9218.0,19938.0,0.7241,,19.0,Bowie State University,Bowie,MD,United States,collegescorecard.ed.gov
27592.0,27592.0,0.7435,,,Capitol Technology University,Laurel,MD,United States,collegescorecard.ed.gov
5640.0,10830.0,,,,Cecil College,North East,MD,United States,collegescorecard.ed.gov
4200.0,10050.0,,,,College of Southern Maryland,La Plata,MD,United States,collegescorecard.ed.gov
4274.0,8768.0,,,,Chesapeake College,Wye Mills,MD,United States,collegescorecard.ed.gov
26604.0,26604.0,0.4618,980.0,,Washington Adventist University,Takoma Park,MD,United States,collegescorecard.ed.gov
7100.0,14024.0,0.4583,975.0,,Coppin State University,Baltimore,MD,United States,collegescorecard.ed.gov
,,,,,Del-Mar-Va Beauty Academy,Salisbury,MD,United States,collegescorecard.ed.gov
,,,,,North American Trade Schools,Baltimore,MD,United States,collegescorecard.ed.gov
3849.0,10042.0,,,,Frederick Community College,Frederick,MD,United States,collegescorecard.ed.gov
10220.0,25814.0,0.8918,,21.0,Frostburg State University,Frostburg,MD,United States,collegescorecard.ed.gov
4144.0,12040.0,,,,Garrett College,McHenry,MD,United States,collegescorecard.ed.gov
53350.0,53350.0,0.7771,1248.0,28.0,Goucher College,Baltimore,MD,United States,collegescorecard.ed.gov
4320.0,8190.0,,,,Hagerstown Community College,Hagerstown,MD,United States,collegescorecard.ed.gov
4032.0,8832.0,,,,Harford Community College,Bel Air,MD,United States,collegescorecard.ed.gov
47700.0,47700.0,0.7777,,,Hood College,Frederick,MD,United States,collegescorecard.ed.gov
4080.0,9624.0,,,,Howard Community College,Columbia,MD,United States,collegescorecard.ed.gov
,,,,,Aveda Institute-Maryland,Bel Air,MD,United States,collegescorecard.ed.gov
65230.0,65230.0,0.0644,1553.0,,Johns Hopkins University,Baltimore,MD,United States,collegescorecard.ed.gov
,,,,,Lincoln College of Technology-Columbia,Columbia,MD,United States,collegescorecard.ed.gov
57150.0,57150.0,0.7549,1290.0,,Loyola University Maryland,Baltimore,MD,United States,collegescorecard.ed.gov
8136.0,12336.0,,,,University of Maryland Global Campus,Adelphi,MD,United States,collegescorecard.ed.gov
,,,,,University of Maryland Baltimore,Baltimore,MD,United States,collegescorecard.ed.gov
13256.0,31275.0,0.7243,1323.0,28.0,University of Maryland-Baltimore County,Baltimore,MD,United States,collegescorecard.ed.gov
11809.0,41186.0,0.4479,1473.0,32.0,University of Maryland-College Park,College Park,MD,United States,collegescorecard.ed.gov
56800.0,56800.0,0.7679,1258.0,,Maryland Institute College of Art,Baltimore,MD,United States,collegescorecard.ed.gov
9076.0,20122.0,0.9641,,,University of Maryland Eastern Shore,Princess Anne,MD,United States,collegescorecard.ed.gov
,,,,,Fortis Institute-Towson,Towson,MD,United States,collegescorecard.ed.gov
,,,,,Montgomery Beauty School,Silver Spring,MD,United States,collegescorecard.ed.gov
5394.0,14250.0,,,,Montgomery College,Rockville,MD,United States,collegescorecard.ed.gov
8229.0,19124.0,0.8223,971.0,18.0,Morgan State University,Baltimore,MD,United States,collegescorecard.ed.gov
48630.0,48630.0,0.7381,1176.0,,Mount St. Mary's University,Emmitsburg,MD,United States,collegescorecard.ed.gov
10600.0,10600.0,0.6566,,,Ner Israel Rabbinical College,Pikesville,MD,United States,collegescorecard.ed.gov
,,,,,Hair Academy,New Carrollton,MD,United States,collegescorecard.ed.gov
43360.0,43360.0,0.8216,,,Notre Dame of Maryland University,Baltimore,MD,United States,collegescorecard.ed.gov
4034.0,8762.0,,,,Prince George's Community College,Largo,MD,United States,collegescorecard.ed.gov
,,,,,Maryland Beauty Academy of Essex,Baltimore,MD,United States,collegescorecard.ed.gov
11084.0,22174.0,0.8747,1252.0,,Salisbury University,Salisbury,MD,United States,collegescorecard.ed.gov
15298.0,31374.0,0.6863,1261.0,29.0,St. Mary's College of Maryland,St. Mary's City,MD,United States,collegescorecard.ed.gov
40684.0,40684.0,0.5524,1372.0,29.0,St. John's College,Annapolis,MD,United States,collegescorecard.ed.gov
11728.0,29820.0,0.8197,1095.0,24.0,Towson University,Towson,MD,United States,collegescorecard.ed.gov
,,0.0927,1307.0,29.0,United States Naval Academy,Annapolis,MD,United States,collegescorecard.ed.gov
40560.0,40560.0,0.7891,,,Stevenson University,Owings Mills,MD,United States,collegescorecard.ed.gov
55326.0,55326.0,0.5689,1280.0,,Washington College,Chestertown,MD,United States,collegescorecard.ed.gov
52081.0,52081.0,0.7793,,,McDaniel College,Westminster,MD,United States,collegescorecard.ed.gov
3840.0,8400.0,,,,Wor-Wic Community College,Salisbury,MD,United States,collegescorecard.ed.gov
57160.0,57160.0,0.6048,,,Hult International Business School,Cambridge,MA,United States,collegescorecard.ed.gov
44230.0,44230.0,0.9957,,,American International College,Springfield,MA,United States,collegescorecard.ed.gov
70480.0,70480.0,0.0901,1533.0,33.0,Amherst College,Amherst,MA,United States,collegescorecard.ed.gov
44571.0,44571.0,0.503,,,Anna Maria College,Paxton,MA,United States,collegescorecard.ed.gov
,,0.8548,,,Assabet Valley Regional Technical School,Marlborough,MA,United States,collegescorecard.ed.gov
51356.0,51356.0,0.8298,,,Assumption University,Worcester,MA,United States,collegescorecard.ed.gov
57152.0,57152.0,0.1709,1457.0,32.0,Babson College,Wellesley,MA,United States,collegescorecard.ed.gov
14304.0,14304.0,0.9091,,,Boston Baptist College,Boston,MA,United States,collegescorecard.ed.gov
38302.0,38302.0,0.852,1120.0,,Bay Path University,Longmeadow,MA,United States,collegescorecard.ed.gov
61000.0,61000.0,0.4505,1352.0,30.0,Bentley University,Waltham,MA,United States,collegescorecard.ed.gov
52040.0,52040.0,0.4353,,,Berklee College of Music,Boston,MA,United States,collegescorecard.ed.gov
6164.0,11468.0,,,,Berkshire Community College,Pittsfield,MA,United States,collegescorecard.ed.gov
27470.0,27470.0,,,,Boston Architectural College,Boston,MA,United States,collegescorecard.ed.gov
,,,,,Boston Graduate School of Psychoanalysis Inc,Brookline,MA,United States,collegescorecard.ed.gov
70702.0,70702.0,0.1643,1507.0,34.0,Boston College,Chestnut Hill,MA,United States,collegescorecard.ed.gov
68102.0,68102.0,0.1111,1480.0,33.0,Boston University,Boston,MA,United States,collegescorecard.ed.gov
68080.0,68080.0,0.405,1462.0,33.0,Brandeis University,Waltham,MA,United States,collegescorecard.ed.gov
11808.0,17948.0,0.8781,1180.0,24.0,Bridgewater State University,Bridgewater,MA,United States,collegescorecard.ed.gov
5832.0,10776.0,,,,Bristol Community College,Fall River,MA,United States,collegescorecard.ed.gov
,,0.3415,,,Signature Healthcare Brockton Hospital School of Nursing,Brockton,MA,United States,collegescorecard.ed.gov
6168.0,11112.0,,,,Bunker Hill Community College,Boston,MA,United States,collegescorecard.ed.gov
18378.0,18378.0,,,,Cambridge College,Boston,MA,United States,collegescorecard.ed.gov
6000.0,10944.0,,,,Cape Cod Community College,West Barnstable,MA,United States,collegescorecard.ed.gov
,,,,,Catherine Hinds Institute of Esthetics,Woburn,MA,United States,collegescorecard.ed.gov
30618.0,30618.0,0.5,,,Laboure College of Healthcare,Milton,MA,United States,collegescorecard.ed.gov
58867.0,58867.0,0.3954,1370.0,29.0,Clark University,Worcester,MA,United States,collegescorecard.ed.gov
,,,,,Conway School of Landscape Design,Northampton,MA,United States,collegescorecard.ed.gov
47970.0,47970.0,0.8765,1125.0,,Curry College,Milton,MA,United States,collegescorecard.ed.gov
46526.0,46526.0,0.7371,,,Dean College,Franklin,MA,United States,collegescorecard.ed.gov
,,0.3923,,,Diman Regional Technical Institute,Fall River,MA,United States,collegescorecard.ed.gov
,,,,,National Aviation Academy of New England,Concord,MA,United States,collegescorecard.ed.gov
57056.0,57056.0,0.5131,1358.0,30.0,Emerson College,Boston,MA,United States,collegescorecard.ed.gov
48550.0,48550.0,0.7565,1250.0,29.0,Emmanuel College,Boston,MA,United States,collegescorecard.ed.gov
40650.0,40650.0,0.7121,1274.0,,Endicott College,Beverly,MA,United States,collegescorecard.ed.gov
,,,,,Rob Roy Academy-Fall River,Fall River,MA,United States,collegescorecard.ed.gov
35689.0,35689.0,0.7068,,20.0,Fisher College,Boston,MA,United States,collegescorecard.ed.gov
11346.0,17426.0,0.8693,1150.0,22.0,Fitchburg State University,Fitchburg,MA,United States,collegescorecard.ed.gov
11920.0,18000.0,0.8361,1180.0,29.0,Framingham State University,Framingham,MA,United States,collegescorecard.ed.gov
18906.0,18906.0,,,,Benjamin Franklin Cummings Institute of Technology,Boston,MA,United States,collegescorecard.ed.gov
30700.0,30700.0,0.6923,1265.0,27.0,Gordon College,Wenham,MA,United States,collegescorecard.ed.gov
,,,,,Gordon-Conwell Theological Seminary,South Hamilton,MA,United States,collegescorecard.ed.gov
5810.0,11930.0,,,,Greenfield Community College,Greenfield,MA,United States,collegescorecard.ed.gov
58896.0,58896.0,0.7528,,,Hampshire College,Amherst,MA,United States,collegescorecard.ed.gov
61676.0,61676.0,0.0365,1553.0,35.0,Harvard University,Cambridge,MA,United States,collegescorecard.ed.gov
,,,,,Hebrew College,Newton,MA,United States,collegescorecard.ed.gov
22490.0,22490.0,0.7963,,,Hellenic College-Holy Cross Greek Orthodox School of Theology,Brookline,MA,United States,collegescorecard.ed.gov
64500.0,64500.0,0.1761,1353.0,30.0,College of the Holy Cross,Worcester,MA,United States,collegescorecard.ed.gov
5988.0,10932.0,,,,Holyoke Community College,Holyoke,MA,United States,collegescorecard.ed.gov
27040.0,27040.0,0.8122,1100.0,27.0,Lasell University,Newton,MA,United States,collegescorecard.ed.gov
31038.0,31038.0,,,,Lawrence Memorial Hospital School of Nursing,Medford,MA,United States,collegescorecard.ed.gov
34256.0,34256.0,0.9687,,,Lesley University,Cambridge,MA,United States,collegescorecard.ed.gov
55275.0,55275.0,,,,Longy School of Music of Bard College,Cambridge,MA,United States,collegescorecard.ed.gov
,,,,,Lowell Academy Hairstyling Institute,Lowell,MA,United States,collegescorecard.ed.gov
16966.0,36264.0,0.8304,1285.0,29.0,University of Massachusetts-Lowell,Lowell,MA,United States,collegescorecard.ed.gov
17772.0,40449.0,0.5973,1423.0,31.0,University of Massachusetts-Amherst,Amherst,MA,United States,collegescorecard.ed.gov
15908.0,38125.0,0.8378,1194.0,27.0,University of Massachusetts-Boston,Boston,MA,United States,collegescorecard.ed.gov
5856.0,10800.0,,,,Massachusetts Bay Community College,Wellesley Hills,MA,United States,collegescorecard.ed.gov
40530.0,40530.0,0.8521,1269.0,27.0,Massachusetts College of Pharmacy and Health Sciences,Boston,MA,United States,collegescorecard.ed.gov
15400.0,43400.0,0.7627,,,Massachusetts College of Art and Design,Boston,MA,United States,collegescorecard.ed.gov
62396.0,62396.0,0.0455,1560.0,,Massachusetts Institute of Technology,Cambridge,MA,United States,collegescorecard.ed.gov
11420.0,23722.0,0.947,,,Massachusetts Maritime Academy,Buzzards Bay,MA,United States,collegescorecard.ed.gov
,,,,,University of Massachusetts Chan Medical School,Worcester,MA,United States,collegescorecard.ed.gov
,,,,,William James College,Newton,MA,United States,collegescorecard.ed.gov
,,,,,Massachusetts School of Barbering,Quincy,MA,United States,collegescorecard.ed.gov
5376.0,10320.0,,,,Massasoit Community College,Brockton,MA,United States,collegescorecard.ed.gov
53962.0,53962.0,0.7002,,,Merrimack College,North Andover,MA,United States,collegescorecard.ed.gov
,,,,,MGH Institute of Health Professions,Boston,MA,United States,collegescorecard.ed.gov
6048.0,12120.0,,,,Middlesex Community College,Bedford,MA,United States,collegescorecard.ed.gov
40690.0,40690.0,,,,Montserrat College of Art,Beverly,MA,United States,collegescorecard.ed.gov
67018.0,67018.0,0.3603,1463.0,33.0,Mount Holyoke College,South Hadley,MA,United States,collegescorecard.ed.gov
6160.0,11080.0,,,,Mount Wachusett Community College,Gardner,MA,United States,collegescorecard.ed.gov
,,,,,Rob Roy Academy-New Bedford,New Bedford,MA,United States,collegescorecard.ed.gov
60750.0,60750.0,0.411,,,The New England Conservatory of Music,Boston,MA,United States,collegescorecard.ed.gov
,,,,,New England College of Optometry,Boston,MA,United States,collegescorecard.ed.gov
,,,,,New England Law-Boston,Boston,MA,United States,collegescorecard.ed.gov
42705.0,42705.0,0.8084,1140.0,23.0,Nichols College,Dudley,MA,United States,collegescorecard.ed.gov
12436.0,21381.0,0.8974,,,Massachusetts College of Liberal Arts,North Adams,MA,United States,collegescorecard.ed.gov
,,,,,North Bennet Street School,Boston,MA,United States,collegescorecard.ed.gov
5352.0,10920.0,,,,North Shore Community College,Danvers,MA,United States,collegescorecard.ed.gov
66162.0,66162.0,0.0522,1497.0,34.0,Northeastern University,Boston,MA,United States,collegescorecard.ed.gov
6732.0,12516.0,,,,Northern Essex Community College,Haverhill,MA,United States,collegescorecard.ed.gov
43325.0,43325.0,0.8526,,,College of Our Lady of the Elms,Chicopee,MA,United States,collegescorecard.ed.gov
8938.0,8938.0,,,,Quincy College,Quincy,MA,United States,collegescorecard.ed.gov
6262.0,11206.0,,,,Quinsigamond Community College,Worcester,MA,United States,collegescorecard.ed.gov
49680.0,49680.0,0.6978,,,Regis College,Weston,MA,United States,collegescorecard.ed.gov
6024.0,11328.0,,,,Roxbury Community College,Roxbury Crossing,MA,United States,collegescorecard.ed.gov
,,,,,Saint John's Seminary,Brighton,MA,United States,collegescorecard.ed.gov
12338.0,19531.0,0.9588,,,Salem State University,Salem,MA,United States,collegescorecard.ed.gov
46874.0,46874.0,0.6998,1316.0,29.0,Simmons University,Boston,MA,United States,collegescorecard.ed.gov
68780.0,68780.0,0.9589,,,Simon's Rock at Bard College,Barrytown,NY,United States,collegescorecard.ed.gov
65178.0,65178.0,0.21,1500.0,33.0,Smith College,Northampton,MA,United States,collegescorecard.ed.gov
,,0.7057,,,Southeastern Technical Institute,South Easton,MA,United States,collegescorecard.ed.gov
45174.0,45174.0,0.7189,1275.0,27.0,Springfield College,Springfield,MA,United States,collegescorecard.ed.gov
5904.0,11112.0,,,,Springfield Technical Community College,Springfield,MA,United States,collegescorecard.ed.gov
15612.0,32567.0,0.9064,1182.0,23.0,University of Massachusetts-Dartmouth,North Dartmouth,MA,United States,collegescorecard.ed.gov
57490.0,57490.0,0.6628,,,Stonehill College,Easton,MA,United States,collegescorecard.ed.gov
47550.0,47550.0,0.8233,1216.0,26.0,Suffolk University,Boston,MA,United States,collegescorecard.ed.gov
,,,,,Rob Roy Academy-Taunton,Taunton,MA,United States,collegescorecard.ed.gov
70704.0,70704.0,0.1149,1513.0,34.0,Tufts University,Medford,MA,United States,collegescorecard.ed.gov
67176.0,67176.0,0.1405,1520.0,33.0,Wellesley College,Wellesley,MA,United States,collegescorecard.ed.gov
42884.0,42884.0,0.9121,1229.0,28.0,Wentworth Institute of Technology,Boston,MA,United States,collegescorecard.ed.gov
47820.0,47820.0,0.8348,1192.0,28.0,Western New England University,Springfield,MA,United States,collegescorecard.ed.gov
12179.0,18259.0,0.8141,,20.0,Westfield State University,Westfield,MA,United States,collegescorecard.ed.gov
63960.0,63960.0,0.6773,1308.0,30.0,Wheaton College (Massachusetts),Norton,MA,United States,collegescorecard.ed.gov
68560.0,68560.0,0.0825,1533.0,,Williams College,Williamstown,MA,United States,collegescorecard.ed.gov
60965.0,60965.0,0.6016,,,Worcester Polytechnic Institute,Worcester,MA,United States,collegescorecard.ed.gov
11786.0,17866.0,0.8799,1150.0,24.0,Worcester State University,Worcester,MA,United States,collegescorecard.ed.gov
41684.0,41684.0,0.7253,1034.0,22.0,Adrian College,Adrian,MI,United States,collegescorecard.ed.gov
56950.0,56950.0,0.807,,,Albion College,Albion,MI,United States,collegescorecard.ed.gov
,,,,,Hillsdale Beauty College,Hillsdale,MI,United States,collegescorecard.ed.gov
,,,,,Northwestern Technological Institute,Southfield,MI,United States,collegescorecard.ed.gov
49552.0,49552.0,0.5703,,,Alma College,Alma,MI,United States,collegescorecard.ed.gov
5250.0,8010.0,,,,Alpena Community College,Alpena,MI,United States,collegescorecard.ed.gov
35056.0,35056.0,0.8185,1150.0,24.0,Andrews University,Berrien Springs,MI,United States,collegescorecard.ed.gov
40218.0,40218.0,0.8988,1025.0,23.0,Aquinas College,Grand Rapids,MI,United States,collegescorecard.ed.gov
13000.0,13000.0,0.8187,1080.0,,Baker College,Owosso,MI,United States,collegescorecard.ed.gov
5712.0,10528.0,,,,Bay de Noc Community College,Escanaba,MI,United States,collegescorecard.ed.gov
,,,,,Bayshire Academy of Beauty Craft Inc,Bay City,MI,United States,collegescorecard.ed.gov
39350.0,39350.0,0.7091,1233.0,27.0,Calvin University,Grand Rapids,MI,United States,collegescorecard.ed.gov
,,,,,Calvin Theological Seminary,Grand Rapids,MI,United States,collegescorecard.ed.gov
15645.0,15645.0,,,,Carnegie Institute,Troy,MI,United States,collegescorecard.ed.gov
,,,,,Michigan School of Psychology,Farmington Hills,MI,United States,collegescorecard.ed.gov
14760.0,14760.0,0.8982,1091.0,23.0,Central Michigan University,Mount Pleasant,MI,United States,collegescorecard.ed.gov
6845.0,11460.0,,,,Mott Community College,Flint,MI,United States,collegescorecard.ed.gov
,,,,,Empire Beauty School-Michigan,Grand Rapids,MI,United States,collegescorecard.ed.gov
26102.0,26102.0,0.6754,,19.0,Cleary University,Howell,MI,United States,collegescorecard.ed.gov
35410.0,35410.0,0.6925,,21.0,Concordia University Ann Arbor,Ann Arbor,MI,United States,collegescorecard.ed.gov
,,,,,Cranbrook Academy of Art,Bloomfield Hills,MI,United States,collegescorecard.ed.gov
53350.0,53350.0,0.9194,,,College for Creative Studies,Detroit,MI,United States,collegescorecard.ed.gov
24466.0,24466.0,0.9784,,,Davenport University,Grand Rapids,MI,United States,collegescorecard.ed.gov
,,,,,David Pressley School of Cosmetology,Royal Oak,MI,United States,collegescorecard.ed.gov
4820.0,7880.0,,,,Delta College,University Center,MI,United States,collegescorecard.ed.gov
,,1.0,,,Detroit Business Institute-Downriver,Detroit,MI,United States,collegescorecard.ed.gov
17943.0,17943.0,,,,Universal Technical Institute-Canton,Canton,MI,United States,collegescorecard.ed.gov
32946.0,32946.0,0.7542,1134.0,26.0,University of Detroit Mercy,Detroit,MI,United States,collegescorecard.ed.gov
16990.0,16990.0,,,,Dorsey College,Madison Heights,MI,United States,collegescorecard.ed.gov
16240.0,16240.0,0.7964,1066.0,22.0,Eastern Michigan University,Ypsilanti,MI,United States,collegescorecard.ed.gov
,,,,,Creative Hair School of Cosmetology,Flint,MI,United States,collegescorecard.ed.gov
14778.0,14778.0,0.9139,1012.0,23.0,Ferris State University,Big Rapids,MI,United States,collegescorecard.ed.gov
4176.0,6624.0,,,,Glen Oaks Community College,Centreville,MI,United States,collegescorecard.ed.gov
48470.0,48470.0,0.7867,1251.0,28.0,Kettering University,Flint,MI,United States,collegescorecard.ed.gov
4800.0,7530.0,,,,Gogebic Community College,Ironwood,MI,United States,collegescorecard.ed.gov
18690.0,18690.0,0.9916,,,Grace Christian University,Wyoming,MI,United States,collegescorecard.ed.gov
23000.0,23000.0,0.7777,,23.0,Cornerstone University,Grand Rapids,MI,United States,collegescorecard.ed.gov
4179.0,12219.0,,,,Grand Rapids Community College,Grand Rapids,MI,United States,collegescorecard.ed.gov
15140.0,21548.0,0.8302,1074.0,,Grand Valley State University,Allendale,MI,United States,collegescorecard.ed.gov
19520.0,19520.0,,,,Great Lakes Christian College,Lansing,MI,United States,collegescorecard.ed.gov
3568.0,7816.0,,,,Henry Ford College,Dearborn,MI,United States,collegescorecard.ed.gov
33189.0,33189.0,0.2072,1415.0,32.0,Hillsdale College,Hillsdale,MI,United States,collegescorecard.ed.gov
41970.0,41970.0,0.7924,1249.0,28.0,Hope College,Holland,MI,United States,collegescorecard.ed.gov
7350.0,10200.0,,,,Jackson College,Jackson,MI,United States,collegescorecard.ed.gov
61050.0,61050.0,0.7532,1280.0,27.0,Kalamazoo College,Kalamazoo,MI,United States,collegescorecard.ed.gov
4144.0,9094.0,,,,Kalamazoo Valley Community College,Kalamazoo,MI,United States,collegescorecard.ed.gov
4118.0,8282.0,,,,Kellogg Community College,Battle Creek,MI,United States,collegescorecard.ed.gov
5190.0,9870.0,,,,Kirtland Community College,Grayling,MI,United States,collegescorecard.ed.gov
,,,,,Michigan College of Beauty-Monroe,Monroe,MI,United States,collegescorecard.ed.gov
5445.0,7755.0,,,,Lake Michigan College,Benton Harbor,MI,United States,collegescorecard.ed.gov
14890.0,14890.0,,,23.0,Lake Superior State University,Sault Ste Marie,MI,United States,collegescorecard.ed.gov
4100.0,11300.0,,,,Lansing Community College,Lansing,MI,United States,collegescorecard.ed.gov
44760.0,44760.0,0.559,,,Lawrence Technological University,Southfield,MI,United States,collegescorecard.ed.gov
,,,,,M J Murphy Beauty College of Mount Pleasant,Mount Pleasant,MI,United States,collegescorecard.ed.gov
3660.0,8370.0,,,,Macomb Community College,Warren,MI,United States,collegescorecard.ed.gov
28440.0,28440.0,0.6339,980.0,23.0,Madonna University,Livonia,MI,United States,collegescorecard.ed.gov
29196.0,29196.0,0.9765,,,Rochester Christian University,Rochester Hills,MI,United States,collegescorecard.ed.gov
17736.0,60946.0,0.1564,1465.0,,University of Michigan-Ann Arbor,Ann Arbor,MI,United States,collegescorecard.ed.gov
16458.0,43842.0,0.848,1269.0,26.0,Michigan State University,East Lansing,MI,United States,collegescorecard.ed.gov
19123.0,42988.0,0.9243,1258.0,28.0,Michigan Technological University,Houghton,MI,United States,collegescorecard.ed.gov
15640.0,32896.0,0.5561,1115.0,25.0,University of Michigan-Dearborn,Dearborn,MI,United States,collegescorecard.ed.gov
14704.0,28320.0,0.7046,1102.0,25.0,University of Michigan-Flint,Flint,MI,United States,collegescorecard.ed.gov
6132.0,10864.0,,,,Mid Michigan College,Harrison,MI,United States,collegescorecard.ed.gov
4759.0,8267.0,,,,Monroe County Community College,Monroe,MI,United States,collegescorecard.ed.gov
4662.0,10362.0,,,,Montcalm Community College,Sidney,MI,United States,collegescorecard.ed.gov
7250.0,16010.0,,,,Muskegon Community College,Muskegon,MI,United States,collegescorecard.ed.gov
5430.0,10590.0,,,,North Central Michigan College,Petoskey,MI,United States,collegescorecard.ed.gov
14277.0,19773.0,0.8402,,,Northern Michigan University,Marquette,MI,United States,collegescorecard.ed.gov
5860.0,13476.0,,,,Northwestern Michigan College,Traverse City,MI,United States,collegescorecard.ed.gov
34400.0,34400.0,0.6451,,,Northwood University,Midland,MI,United States,collegescorecard.ed.gov
3020.0,5560.0,,,,Oakland Community College,Auburn Hills,MI,United States,collegescorecard.ed.gov
15262.0,23188.0,0.8784,1120.0,25.0,Oakland University,Rochester Hills,MI,United States,collegescorecard.ed.gov
34068.0,34068.0,0.8325,,21.0,The University of Olivet,Olivet,MI,United States,collegescorecard.ed.gov
,,,,,Port Huron Cosmetology College,Waterford,MI,United States,collegescorecard.ed.gov
27660.0,27660.0,0.691,,,Kuyper College,Grand Rapids,MI,United States,collegescorecard.ed.gov
,,,,,Ross Medical Education Center-Lansing,Lansing,MI,United States,collegescorecard.ed.gov
,,,,,Ross Medical Education Center-Warren,Warren,MI,United States,collegescorecard.ed.gov
,,,,,Ross Medical Education Center-Flint,Flint,MI,United States,collegescorecard.ed.gov
24120.0,24120.0,1.0,,,Sacred Heart Major Seminary,Detroit,MI,United States,collegescorecard.ed.gov
12930.0,30450.0,0.7207,1052.0,22.0,Saginaw Valley State University,University Center,MI,United States,collegescorecard.ed.gov
4736.0,8142.0,,,,Schoolcraft Community College District,Livonia,MI,United States,collegescorecard.ed.gov
30778.0,30778.0,0.689,954.0,,Siena Heights University,Adrian,MI,United States,collegescorecard.ed.gov
5212.0,12150.0,,,,St Clair County Community College,Port Huron,MI,United States,collegescorecard.ed.gov
6417.0,8394.0,,,,Southwestern Michigan College,Dowagiac,MI,United States,collegescorecard.ed.gov
34014.0,34014.0,0.5152,1170.0,,Spring Arbor University,Spring Arbor,MI,United States,collegescorecard.ed.gov
8549.0,12409.0,,,,Michigan Career and Technical Institute,Plainwell,MI,United States,collegescorecard.ed.gov
,,,,,Thomas M Cooley Law School,Lansing,MI,United States,collegescorecard.ed.gov
,,,,,Twin City Beauty College,Saint Joseph,MI,United States,collegescorecard.ed.gov
,,,,,Walsh College,Troy,MI,United States,collegescorecard.ed.gov
2736.0,6504.0,,,,Washtenaw Community College,Ann Arbor,MI,United States,collegescorecard.ed.gov
3112.0,4067.0,,,,Wayne County Community College District,Detroit,MI,United States,collegescorecard.ed.gov
15190.0,32037.0,0.8116,1156.0,25.0,Wayne State University,Detroit,MI,United States,collegescorecard.ed.gov
4470.0,8820.0,,,,West Shore Community College,Scottville,MI,United States,collegescorecard.ed.gov
,,,,,Paul Mitchell the School-Grand Rapids,Kentwood,MI,United States,collegescorecard.ed.gov
15252.0,19034.0,0.846,,24.0,Western Michigan University,Kalamazoo,MI,United States,collegescorecard.ed.gov
,,,,,Western Theological Seminary,Holland,MI,United States,collegescorecard.ed.gov
18680.0,18680.0,,,,Academy College,Bloomington,MN,United States,collegescorecard.ed.gov
6236.0,6236.0,,,,Alexandria Technical & Community College,Alexandria,MN,United States,collegescorecard.ed.gov
6267.0,6267.0,,,,Anoka Technical College,Anoka,MN,United States,collegescorecard.ed.gov
5682.0,5682.0,,,,Anoka-Ramsey Community College,Coon Rapids,MN,United States,collegescorecard.ed.gov
45452.0,45452.0,0.8198,,21.0,Augsburg University,Minneapolis,MN,United States,collegescorecard.ed.gov
6298.0,6298.0,,,,Riverland Community College,Austin,MN,United States,collegescorecard.ed.gov
6254.0,6254.0,,,,Northwest Technical College,Bemidji,MN,United States,collegescorecard.ed.gov
10237.0,10237.0,0.5598,1090.0,22.0,Bemidji State University,Bemidji,MN,United States,collegescorecard.ed.gov
31360.0,31360.0,0.3897,1150.0,,Bethany Lutheran College,Mankato,MN,United States,collegescorecard.ed.gov
44226.0,44226.0,0.878,1249.0,24.0,Bethel University,Saint Paul,MN,United States,collegescorecard.ed.gov
6249.0,6249.0,,,,Central Lakes College-Brainerd,Brainerd,MN,United States,collegescorecard.ed.gov
68892.0,68892.0,0.2041,1517.0,33.0,Carleton College,Northfield,MN,United States,collegescorecard.ed.gov
31170.0,31170.0,0.6265,1190.0,23.0,Concordia College at Moorhead,Moorhead,MN,United States,collegescorecard.ed.gov
25600.0,25600.0,0.7887,,,Concordia University-Saint Paul,Saint Paul,MN,United States,collegescorecard.ed.gov
6679.0,6679.0,,,,Dakota County Technical College,Rosemount,MN,United States,collegescorecard.ed.gov
18120.0,18120.0,0.8717,1090.0,24.0,Martin Luther College,New Ulm,MN,United States,collegescorecard.ed.gov
5785.0,5785.0,,,,Lake Superior College,Duluth,MN,United States,collegescorecard.ed.gov
5908.0,5908.0,,,,Minnesota State Community and Technical College,Fergus Falls,MN,United States,collegescorecard.ed.gov
6491.0,6491.0,,,,Minnesota West Community and Technical College,Granite Falls,MN,United States,collegescorecard.ed.gov
56076.0,56076.0,0.6099,1290.0,29.0,Gustavus Adolphus College,Saint Peter,MN,United States,collegescorecard.ed.gov
50004.0,50004.0,0.8763,1160.0,23.0,Hamline University,Saint Paul,MN,United States,collegescorecard.ed.gov
,,,,,Hazelden Betty Ford Graduate School,Center City,MN,United States,collegescorecard.ed.gov
5940.0,5940.0,,,,Hennepin Technical College,Brooklyn Park,MN,United States,collegescorecard.ed.gov
6022.0,6022.0,,,,Minnesota North College,Hibbing,MN,United States,collegescorecard.ed.gov
,,,,,Aveda Arts & Sciences Institute Minneapolis,Minneapolis,MN,United States,collegescorecard.ed.gov
6146.0,6146.0,,,,Inver Hills Community College,Inver Grove Heights,MN,United States,collegescorecard.ed.gov
,,,,,Luther Seminary,Saint Paul,MN,United States,collegescorecard.ed.gov
68104.0,68104.0,0.2852,1440.0,31.0,Macalester College,Saint Paul,MN,United States,collegescorecard.ed.gov
6146.0,6146.0,,,,South Central College,North Mankato,MN,United States,collegescorecard.ed.gov
9572.0,18942.0,0.8844,1150.0,22.0,Minnesota State University-Mankato,Mankato,MN,United States,collegescorecard.ed.gov
3257.0,3257.0,0.3901,,,Mayo Clinic College of Medicine and Science,Rochester,MN,United States,collegescorecard.ed.gov
9840.0,9840.0,0.9871,1020.0,,Metropolitan State University,Saint Paul,MN,United States,collegescorecard.ed.gov
17214.0,38362.0,0.7975,1362.0,30.0,University of Minnesota-Twin Cities,Minneapolis,MN,United States,collegescorecard.ed.gov
13288.0,13288.0,0.8786,,,University of Minnesota-Crookston,Crookston,MN,United States,collegescorecard.ed.gov
45484.0,45484.0,0.4848,1161.0,,Minneapolis College of Art and Design,Minneapolis,MN,United States,collegescorecard.ed.gov
6161.0,6161.0,,,,Minneapolis Community and Technical College,Minneapolis,MN,United States,collegescorecard.ed.gov
13450.0,13450.0,0.9375,,,Herzing University-Minneapolis,St. Louis Park,MN,United States,collegescorecard.ed.gov
14610.0,20130.0,0.8875,1251.0,25.0,University of Minnesota-Duluth,Duluth,MN,United States,collegescorecard.ed.gov
14526.0,16710.0,0.7493,1150.0,,University of Minnesota-Morris,Morris,MN,United States,collegescorecard.ed.gov
,,,,,Model College of Hair Design,Saint Cloud,MN,United States,collegescorecard.ed.gov
10428.0,10428.0,0.5876,1090.0,22.0,Minnesota State University Moorhead,Moorhead,MN,United States,collegescorecard.ed.gov
5061.0,5061.0,,,,North Hennepin Community College,Brooklyn Park,MN,United States,collegescorecard.ed.gov
6329.0,6329.0,,,,Normandale Community College,Bloomington,MN,United States,collegescorecard.ed.gov
32220.0,32220.0,0.9898,,,North Central University,Minneapolis,MN,United States,collegescorecard.ed.gov
6289.0,6289.0,,,,Northland Community and Technical College,Thief River Falls,MN,United States,collegescorecard.ed.gov
37920.0,37920.0,0.9347,1173.0,,University of Northwestern-St Paul,Saint Paul,MN,United States,collegescorecard.ed.gov
12015.0,12015.0,,,,Northwestern Health Sciences University,Bloomington,MN,United States,collegescorecard.ed.gov
19440.0,19440.0,,,,Oak Hills Christian College,Bemidji,MN,United States,collegescorecard.ed.gov
4738.0,4738.0,,,,Pine Technical & Community College,Pine City,MN,United States,collegescorecard.ed.gov
6389.0,6389.0,,,,Rochester Community and Technical College,Rochester,MN,United States,collegescorecard.ed.gov
55756.0,55756.0,0.9152,1151.0,24.0,College of Saint Benedict,Saint Joseph,MN,United States,collegescorecard.ed.gov
6124.0,6124.0,,,,St Cloud Technical and Community College,Saint Cloud,MN,United States,collegescorecard.ed.gov
10245.0,10245.0,0.948,1092.0,21.0,Saint Cloud State University,Saint Cloud,MN,United States,collegescorecard.ed.gov
55816.0,55816.0,0.9062,1183.0,25.0,Saint Johns University,Collegeville,MN,United States,collegescorecard.ed.gov
45080.0,45080.0,0.9278,,,Saint Mary's University of Minnesota,Winona,MN,United States,collegescorecard.ed.gov
59760.0,59760.0,0.4832,1380.0,31.0,St Olaf College,Northfield,MN,United States,collegescorecard.ed.gov
31410.0,31410.0,0.2278,,,Crown College,Saint Bonifacius,MN,United States,collegescorecard.ed.gov
41778.0,41778.0,0.9296,1120.0,25.0,The College of Saint Scholastica,Duluth,MN,United States,collegescorecard.ed.gov
54398.0,54398.0,0.8536,1296.0,25.0,University of St Thomas,Saint Paul,MN,United States,collegescorecard.ed.gov
,,,,,Empire Beauty School-Bloomington,Bloomington,MN,United States,collegescorecard.ed.gov
51454.0,51454.0,0.9185,1147.0,23.0,St Catherine University,Saint Paul,MN,United States,collegescorecard.ed.gov
11490.0,11490.0,,,,Rasmussen University-Minnesota,St. Cloud,MN,United States,collegescorecard.ed.gov
6326.0,6326.0,,,,Saint Paul College,Saint Paul,MN,United States,collegescorecard.ed.gov
10361.0,10361.0,0.6218,1050.0,,Southwest Minnesota State University,Marshall,MN,United States,collegescorecard.ed.gov
,,,,,Summit Academy Opportunities Industrialization Center,Minneapolis,MN,United States,collegescorecard.ed.gov
,,,,,United Theological Seminary of the Twin Cities,St. Paul,MN,United States,collegescorecard.ed.gov
27836.0,27836.0,0.9887,1120.0,,Dunwoody College of Technology,Minneapolis,MN,United States,collegescorecard.ed.gov
6121.0,6121.0,,,,Ridgewater College,Willmar,MN,United States,collegescorecard.ed.gov
6432.0,6432.0,,,,Minnesota State College Southeast,Winona,MN,United States,collegescorecard.ed.gov
10576.0,17308.0,0.7549,,22.0,Winona State University,Winona,MN,United States,collegescorecard.ed.gov
,,,,,Mitchell Hamline School of Law,Saint Paul,MN,United States,collegescorecard.ed.gov
6214.0,6214.0,,,,Century College,White Bear Lake,MN,United States,collegescorecard.ed.gov
8785.0,8785.0,0.4533,904.0,22.0,Alcorn State University,Alcorn State,MS,United States,collegescorecard.ed.gov
30250.0,30250.0,0.4975,1124.0,22.0,Belhaven University,Jackson,MS,United States,collegescorecard.ed.gov
20180.0,20180.0,0.8895,1090.0,21.0,Blue Mountain Christian University,Blue Mountain,MS,United States,collegescorecard.ed.gov
,,,,,Chris Beauty College,Gulfport,MS,United States,collegescorecard.ed.gov
3490.0,3490.0,,,,Coahoma Community College,Clarksdale,MS,United States,collegescorecard.ed.gov
4000.0,5000.0,,,,Copiah-Lincoln Community College,Wesson,MS,United States,collegescorecard.ed.gov
8605.0,8605.0,1.0,1050.0,19.0,Delta State University,Cleveland,MS,United States,collegescorecard.ed.gov
4160.0,6260.0,,,,East Central Community College,Decatur,MS,United States,collegescorecard.ed.gov
4095.0,7445.0,,,,East Mississippi Community College,Scooba,MS,United States,collegescorecard.ed.gov
,,,,,Fosters Cosmetology College,Ripley,MS,United States,collegescorecard.ed.gov
,,,,,Academy of Hair Design-Grenada,Grenada,MS,United States,collegescorecard.ed.gov
4250.0,7300.0,,,,Hinds Community College,Raymond,MS,United States,collegescorecard.ed.gov
3710.0,6610.0,,,,Holmes Community College,Goodman,MS,United States,collegescorecard.ed.gov
3420.0,5820.0,,,,Itawamba Community College,Fulton,MS,United States,collegescorecard.ed.gov
8965.0,11965.0,0.9315,965.0,18.0,Jackson State University,Jackson,MS,United States,collegescorecard.ed.gov
4806.0,6806.0,,,,Jones County Junior College,Ellisville,MS,United States,collegescorecard.ed.gov
4078.0,6478.0,,,,Meridian Community College,Meridian,MS,United States,collegescorecard.ed.gov
44680.0,44680.0,0.4312,1181.0,25.0,Millsaps College,Jackson,MS,United States,collegescorecard.ed.gov
3540.0,3540.0,,,,Mississippi Delta Community College,Moorhead,MS,United States,collegescorecard.ed.gov
9772.0,28600.0,0.9658,1184.0,25.0,University of Mississippi,University,MS,United States,collegescorecard.ed.gov
8492.0,8492.0,0.9031,1090.0,21.0,Mississippi University for Women,Columbus,MS,United States,collegescorecard.ed.gov
7692.0,7692.0,0.9238,870.0,16.0,Mississippi Valley State University,Itta Bena,MS,United States,collegescorecard.ed.gov
23500.0,23500.0,0.2911,1090.0,24.0,Mississippi Christian University,Clinton,MS,United States,collegescorecard.ed.gov
,,,,,Hatfield's Mississippi College of Beauty Culture,Laurel,MS,United States,collegescorecard.ed.gov
4250.0,7850.0,,,,Mississippi Gulf Coast Community College,Perkinston,MS,United States,collegescorecard.ed.gov
10202.0,27637.0,0.7764,1219.0,26.0,Mississippi State University,Mississippi State,MS,United States,collegescorecard.ed.gov
4470.0,7710.0,,,,Northeast Mississippi Community College,Booneville,MS,United States,collegescorecard.ed.gov
3740.0,3740.0,,,,Northwest Mississippi Community College,Senatobia,MS,United States,collegescorecard.ed.gov
3700.0,6100.0,,,,Pearl River Community College,Poplarville,MS,United States,collegescorecard.ed.gov
13265.0,13265.0,0.4867,,,Rust College,Holly Springs,MS,United States,collegescorecard.ed.gov
7425.0,7425.0,1.0,,,Southeastern Baptist College,Laurel,MS,United States,collegescorecard.ed.gov
4080.0,6780.0,,,,Southwest Mississippi Community College,Summit,MS,United States,collegescorecard.ed.gov
9998.0,11998.0,0.9912,1190.0,23.0,University of Southern Mississippi,Hattiesburg,MS,United States,collegescorecard.ed.gov
12407.0,12407.0,0.5985,,19.0,Tougaloo College,Tougaloo,MS,United States,collegescorecard.ed.gov
,,,,,Vaughn Beauty College,Aberdeen,MS,United States,collegescorecard.ed.gov
7500.0,7500.0,,,,Wesley Biblical Seminary,Ridgeland,MS,United States,collegescorecard.ed.gov
15480.0,15480.0,0.6029,1122.0,25.0,William Carey University,Hattiesburg,MS,United States,collegescorecard.ed.gov
,,,,,Aquinas Institute of Theology,Saint Louis,MO,United States,collegescorecard.ed.gov
42000.0,42000.0,0.878,972.0,20.0,Avila University,Kansas City,MO,United States,collegescorecard.ed.gov
16950.0,16950.0,,,,Mission University,Springfield,MO,United States,collegescorecard.ed.gov
,,,,,House of Heavilin Beauty College-Blue Springs,Blue Springs,MO,United States,collegescorecard.ed.gov
14822.0,14822.0,1.0,,,Cox College,Springfield,MO,United States,collegescorecard.ed.gov
14094.0,14094.0,0.7174,1050.0,20.0,Calvary University,Kansas City,MO,United States,collegescorecard.ed.gov
,,,,,Cape Girardeau Career and Technology Center,Cape Girardeau,MO,United States,collegescorecard.ed.gov
12200.0,12200.0,,,,Central Christian College of the Bible,Moberly,MO,United States,collegescorecard.ed.gov
28260.0,28260.0,0.5687,1048.0,21.0,Central Methodist University-College of Liberal Arts and Sciences,Fayette,MO,United States,collegescorecard.ed.gov
10050.0,18600.0,0.638,1050.0,,University of Central Missouri,Warrensburg,MO,United States,collegescorecard.ed.gov
,,0.8837,,,Grand River Technical School,Chillicothe,MO,United States,collegescorecard.ed.gov
14400.0,14400.0,0.6923,,,Cleveland University-Kansas City,Overland Park,KS,United States,collegescorecard.ed.gov
25826.0,25826.0,,,,Columbia College,Columbia,MO,United States,collegescorecard.ed.gov
26206.0,26206.0,0.3182,,21.0,Conception Seminary College,Conception,MO,United States,collegescorecard.ed.gov
,,,,,Concordia Seminary,Saint Louis,MO,United States,collegescorecard.ed.gov
27562.0,27562.0,0.6918,,22.0,Cottey College,Nevada,MO,United States,collegescorecard.ed.gov
,,,,,Covenant Theological Seminary,Saint Louis,MO,United States,collegescorecard.ed.gov
6180.0,8280.0,,,,Crowder College,Neosho,MO,United States,collegescorecard.ed.gov
30875.0,30875.0,0.991,,22.0,Culver-Stockton College,Canton,MO,United States,collegescorecard.ed.gov
36745.0,36745.0,0.5758,1218.0,27.0,Drury University,Springfield,MO,United States,collegescorecard.ed.gov
4272.0,7680.0,,,,East Central College,Union,MO,United States,collegescorecard.ed.gov
,,,,,Eden Theological Seminary,Webster Groves,MO,United States,collegescorecard.ed.gov
,,,,,Pinnacle Career Institute,Kansas City,MO,United States,collegescorecard.ed.gov
28548.0,28548.0,0.7161,1188.0,,Evangel University,Springfield,MO,United States,collegescorecard.ed.gov
18345.0,18345.0,,,,Four Rivers Career Center,Washington,MO,United States,collegescorecard.ed.gov
4512.0,7200.0,,,,Ozarks Technical Community College,Springfield,MO,United States,collegescorecard.ed.gov
26880.0,26880.0,0.7263,1090.0,22.0,Hannibal-LaGrange University,Hannibal,MO,United States,collegescorecard.ed.gov
7008.0,11640.0,,,,Harris-Stowe State University,Saint Louis,MO,United States,collegescorecard.ed.gov
,,,,,House of Heavilin Beauty College-Kansas City,Kansas City,MO,United States,collegescorecard.ed.gov
,,,,,Summit Salon Academy Kansas City,Independence,MO,United States,collegescorecard.ed.gov
5250.0,8850.0,,,,Jefferson College,Hillsboro,MO,United States,collegescorecard.ed.gov
,,,,,Paul Mitchell the School-Missouri Columbia,Columbia,MO,United States,collegescorecard.ed.gov
,,,,,Barnes-Jewish College Goldfarb School of Nursing,Saint Louis,MO,United States,collegescorecard.ed.gov
44550.0,44550.0,0.5476,,,Kansas City Art Institute,Kansas City,MO,United States,collegescorecard.ed.gov
,,,,,Kenrick Glennon Seminary,Saint Louis,MO,United States,collegescorecard.ed.gov
,,,,,A T Still University of Health Sciences,Kirksville,MO,United States,collegescorecard.ed.gov
,,0.6667,,,Lex La-Ray Technical Center,Lexington,MO,United States,collegescorecard.ed.gov
9796.0,17692.0,,,,Lincoln University,Jefferson City,MO,United States,collegescorecard.ed.gov
21600.0,21600.0,0.5684,1190.0,24.0,Lindenwood University,Saint Charles,MO,United States,collegescorecard.ed.gov
8160.0,14610.0,,,,State Technical College of Missouri,Linn,MO,United States,collegescorecard.ed.gov
9000.0,9000.0,0.6429,,,Logan University,Chesterfield,MO,United States,collegescorecard.ed.gov
3630.0,9600.0,,,,Metropolitan Community College-Kansas City,Kansas City,MO,United States,collegescorecard.ed.gov
27166.0,27166.0,0.9508,,23.0,Maryville University of Saint Louis,Saint Louis,MO,United States,collegescorecard.ed.gov
,,,,,Missouri College of Cosmetology and Esthetics,Jefferson City,MO,United States,collegescorecard.ed.gov
,,0.8718,,,Midwest Institute,Earth City,MO,United States,collegescorecard.ed.gov
10120.0,10120.0,0.964,,,Midwestern Baptist Theological Seminary,Kansas City,MO,United States,collegescorecard.ed.gov
5660.0,8570.0,,,,Mineral Area College,Park Hills,MO,United States,collegescorecard.ed.gov
34612.0,34612.0,0.686,910.0,23.0,Missouri Baptist University,Saint Louis,MO,United States,collegescorecard.ed.gov
8960.0,17080.0,0.9703,1065.0,21.0,Missouri Southern State University,Joplin,MO,United States,collegescorecard.ed.gov
23700.0,23700.0,0.6918,974.0,19.0,Missouri Valley College,Marshall,MO,United States,collegescorecard.ed.gov
10306.0,20866.0,,,,Missouri Western State University,Saint Joseph,MO,United States,collegescorecard.ed.gov
14837.0,36056.0,0.7847,1247.0,27.0,University of Missouri-Columbia,Columbia,MO,United States,collegescorecard.ed.gov
12587.0,30227.0,0.7218,1204.0,26.0,University of Missouri-Kansas City,Kansas City,MO,United States,collegescorecard.ed.gov
14984.0,33248.0,0.7255,1317.0,29.0,Missouri University of Science and Technology,Rolla,MO,United States,collegescorecard.ed.gov
14112.0,35112.0,0.6267,1199.0,26.0,University of Missouri-St Louis,Saint Louis,MO,United States,collegescorecard.ed.gov
4110.0,8640.0,,,,Moberly Area Community College,Moberly,MO,United States,collegescorecard.ed.gov
,,,,,Nazarene Theological Seminary,Kansas City,MO,United States,collegescorecard.ed.gov
,,,,,Neosho Beauty and Barber College,Neosho,MO,United States,collegescorecard.ed.gov
9838.0,18566.0,0.8377,1320.0,27.0,Truman State University,Kirksville,MO,United States,collegescorecard.ed.gov
10611.0,17324.0,0.8609,1119.0,22.0,Northwest Missouri State University,Maryville,MO,United States,collegescorecard.ed.gov
16000.0,16000.0,0.9361,,,Ozark Christian College,Joplin,MO,United States,collegescorecard.ed.gov
22320.0,22320.0,0.1199,1118.0,23.0,College of the Ozarks,Point Lookout,MO,United States,collegescorecard.ed.gov
17500.0,17500.0,,,,Park University,Parkville,MO,United States,collegescorecard.ed.gov
14332.0,14332.0,1.0,,,Stevens-The Institute of Business & Arts,Saint Louis,MO,United States,collegescorecard.ed.gov
18008.0,18008.0,,,,Ranken Technical College,Saint Louis,MO,United States,collegescorecard.ed.gov
,,,,,Research College of Nursing,Kansas City,MO,United States,collegescorecard.ed.gov
44966.0,44966.0,0.6959,1120.0,23.0,Rockhurst University,Kansas City,MO,United States,collegescorecard.ed.gov
55760.0,55760.0,0.7504,1317.0,30.0,Saint Louis University,Saint Louis,MO,United States,collegescorecard.ed.gov
,,,,,Salem College of Hairstyling,Rolla,MO,United States,collegescorecard.ed.gov
32550.0,32550.0,0.8984,1131.0,24.0,University of Health Sciences and Pharmacy in St. Louis,Saint Louis,MO,United States,collegescorecard.ed.gov
3660.0,6990.0,,,,Saint Louis Community College,Bridgeton,MO,United States,collegescorecard.ed.gov
,,,,,Saint Paul School of Theology,Leawood,KS,United States,collegescorecard.ed.gov
30566.0,30566.0,0.6839,1088.0,22.0,Southwest Baptist University,Bolivar,MO,United States,collegescorecard.ed.gov
5936.0,8106.0,,,,Missouri State University-West Plains,West Plains,MO,United States,collegescorecard.ed.gov
,,,,,St Louis College of Health Careers-St Louis,Saint Louis,MO,United States,collegescorecard.ed.gov
4176.0,7416.0,,,,State Fair Community College,Sedalia,MO,United States,collegescorecard.ed.gov
28300.0,28300.0,0.7722,,21.0,Stephens College,Columbia,MO,United States,collegescorecard.ed.gov
9903.0,9903.0,0.7352,950.0,,Southeast Missouri State University,Cape Girardeau,MO,United States,collegescorecard.ed.gov
9502.0,18770.0,0.9053,1122.0,23.0,Missouri State University-Springfield,Springfield,MO,United States,collegescorecard.ed.gov
4950.0,6180.0,,,,Three Rivers College,Poplar Bluff,MO,United States,collegescorecard.ed.gov
5370.0,8820.0,,,,North Central Missouri College,Trenton,MO,United States,collegescorecard.ed.gov
,,,,,Kansas City University,Kansas City,MO,United States,collegescorecard.ed.gov
65790.0,65790.0,0.1206,1530.0,34.0,Washington University in St Louis,St. Louis,MO,United States,collegescorecard.ed.gov
31750.0,31750.0,0.8623,1102.0,24.0,Webster University,Saint Louis,MO,United States,collegescorecard.ed.gov
35214.0,35214.0,0.792,1118.0,21.0,Westminster College,Fulton,MO,United States,collegescorecard.ed.gov
20610.0,20610.0,0.3836,1095.0,24.0,William Jewell College,Liberty,MO,United States,collegescorecard.ed.gov
30340.0,30340.0,0.7096,,,William Woods University,Fulton,MO,United States,collegescorecard.ed.gov
,,,,,Academy of Cosmetology Inc,Bozeman,MT,United States,collegescorecard.ed.gov
3610.0,3610.0,,,,Blackfeet Community College,Browning,MT,United States,collegescorecard.ed.gov
4130.0,10950.0,,,,Highlands College of Montana Tech,Butte,MT,United States,collegescorecard.ed.gov
,,,,,Crevier's Academy of Cosmetology Arts,Kalispell,MT,United States,collegescorecard.ed.gov
41484.0,41484.0,0.7093,1200.0,25.0,Carroll College,Helena,MT,United States,collegescorecard.ed.gov
5010.0,9810.0,,,,Dawson Community College,Glendive,MT,United States,collegescorecard.ed.gov
1960.0,1960.0,,,,Chief Dull Knife College,Lame Deer,MT,United States,collegescorecard.ed.gov
7280.0,22897.0,,,,Montana State University Billings,Billings,MT,United States,collegescorecard.ed.gov
4912.0,11659.0,,,,Flathead Valley Community College,Kalispell,MT,United States,collegescorecard.ed.gov
3080.0,3080.0,,,,Aaniiih Nakoda College,Harlem,MT,United States,collegescorecard.ed.gov
2250.0,2250.0,,,,Fort Peck Community College,Poplar,MT,United States,collegescorecard.ed.gov
4028.0,12911.0,,,,Great Falls College Montana State University,Great Falls,MT,United States,collegescorecard.ed.gov
30448.0,30448.0,0.5028,980.0,20.0,University of Providence,Great Falls,MT,United States,collegescorecard.ed.gov
4146.0,11318.0,,,,Helena College University of Montana,Helena,MT,United States,collegescorecard.ed.gov
3200.0,3200.0,,,,Little Big Horn College,Crow Agency,MT,United States,collegescorecard.ed.gov
5818.0,10626.0,,,,Miles Community College,Miles City,MT,United States,collegescorecard.ed.gov
8340.0,26150.0,0.9105,1126.0,24.0,Montana Technological University,Butte,MT,United States,collegescorecard.ed.gov
8460.0,33287.0,0.8214,1183.0,24.0,Montana State University,Bozeman,MT,United States,collegescorecard.ed.gov
8552.0,33671.0,0.9586,1190.0,22.0,The University of Montana,Missoula,MT,United States,collegescorecard.ed.gov
6982.0,21875.0,,,,Montana State University-Northern,Havre,MT,United States,collegescorecard.ed.gov
35582.0,35582.0,0.6961,1083.0,22.0,Rocky Mountain College,Billings,MT,United States,collegescorecard.ed.gov
4311.0,11583.0,,,,Salish Kootenai College,Pablo,MT,United States,collegescorecard.ed.gov
6670.0,20130.0,0.9978,,,The University of Montana-Western,Dillon,MT,United States,collegescorecard.ed.gov
9903.0,9903.0,,,,Bellevue University,Bellevue,NE,United States,collegescorecard.ed.gov
16104.0,16104.0,0.7818,,,Clarkson College,Omaha,NE,United States,collegescorecard.ed.gov
20640.0,20640.0,0.6737,,,Bryan College of Health Sciences,Lincoln,NE,United States,collegescorecard.ed.gov
3360.0,4800.0,,,,Central Community College,Grand Island,NE,United States,collegescorecard.ed.gov
8290.0,8290.0,,,,Chadron State College,Chadron,NE,United States,collegescorecard.ed.gov
,,,,,College of Hair Design-Downtown,Lincoln,NE,United States,collegescorecard.ed.gov
40640.0,40640.0,0.8572,,23.0,Concordia University-Nebraska,Seward,NE,United States,collegescorecard.ed.gov
48856.0,48856.0,0.7975,1321.0,28.0,Creighton University,Omaha,NE,United States,collegescorecard.ed.gov
43985.0,43985.0,0.9801,,,Doane University,Crete,NE,United States,collegescorecard.ed.gov
37770.0,37770.0,0.7165,1320.0,,Hastings College,Hastings,NE,United States,collegescorecard.ed.gov
,,,,,CHI Health School of Radiologic Technology,Omaha,NE,United States,collegescorecard.ed.gov
,,,,,Joseph's College Cosmetology,Lincoln,NE,United States,collegescorecard.ed.gov
8676.0,15284.0,0.8949,1118.0,22.0,University of Nebraska at Kearney,Kearney,NE,United States,collegescorecard.ed.gov
17885.0,17885.0,0.7341,,,Nebraska Methodist College of Nursing & Allied Health,Omaha,NE,United States,collegescorecard.ed.gov
3375.0,4950.0,,,,Metropolitan Community College Area,Omaha,NE,United States,collegescorecard.ed.gov
3600.0,4530.0,,,,Mid-Plains Community College,North Platte,NE,United States,collegescorecard.ed.gov
42050.0,42050.0,0.6612,1086.0,21.0,Midland University,Fremont,NE,United States,collegescorecard.ed.gov
8718.0,23206.0,0.8698,1120.0,22.0,University of Nebraska at Omaha,Omaha,NE,United States,collegescorecard.ed.gov
4080.0,4080.0,,,,Nebraska Indian Community College,Macy,NE,United States,collegescorecard.ed.gov
,,,,,University of Nebraska Medical Center,Omaha,NE,United States,collegescorecard.ed.gov
43572.0,43572.0,0.7982,1189.0,26.0,Nebraska Wesleyan University,Lincoln,NE,United States,collegescorecard.ed.gov
10434.0,28584.0,0.8749,1191.0,25.0,University of Nebraska-Lincoln,Lincoln,NE,United States,collegescorecard.ed.gov
3840.0,5130.0,,,,Northeast Community College,Norfolk,NE,United States,collegescorecard.ed.gov
8640.0,8640.0,,,,Peru State College,Peru,NE,United States,collegescorecard.ed.gov
8278.0,8278.0,0.4167,,20.0,Summit Christian College,Gering,NE,United States,collegescorecard.ed.gov
24510.0,24510.0,0.4465,1150.0,,College of Saint Mary,Omaha,NE,United States,collegescorecard.ed.gov
3690.0,4320.0,,,,Southeast Community College Area,Lincoln,NE,United States,collegescorecard.ed.gov
29334.0,29334.0,1.0,,21.0,Union Adventist University,Lincoln,NE,United States,collegescorecard.ed.gov
5926.0,5926.0,,,,Nebraska College of Technical Agriculture,Curtis,NE,United States,collegescorecard.ed.gov
8216.0,8216.0,,,,Wayne State College,Wayne,NE,United States,collegescorecard.ed.gov
3840.0,4410.0,,,,Western Nebraska Community College,Scottsbluff,NE,United States,collegescorecard.ed.gov
23000.0,23000.0,0.5188,1022.0,19.0,York University,York,NE,United States,collegescorecard.ed.gov
,,,,,Academy of Hair Design-Las Vegas,Las Vegas,NV,United States,collegescorecard.ed.gov
4358.0,13024.0,,,,College of Southern Nevada,Las Vegas,NV,United States,collegescorecard.ed.gov
17495.0,17495.0,,,,Las Vegas College,Las Vegas,NV,United States,collegescorecard.ed.gov
9748.0,27411.0,0.9617,1094.0,,University of Nevada-Las Vegas,Las Vegas,NV,United States,collegescorecard.ed.gov
9578.0,27720.0,0.7371,1132.0,23.0,University of Nevada-Reno,Reno,NV,United States,collegescorecard.ed.gov
3923.0,13883.0,,,,Great Basin College,Elko,NV,United States,collegescorecard.ed.gov
3352.0,12018.0,,,,Truckee Meadows Community College,Reno,NV,United States,collegescorecard.ed.gov
4168.0,12834.0,,,,Western Nevada College,Carson City,NV,United States,collegescorecard.ed.gov
19125.0,19125.0,0.8008,,,Colby-Sawyer College,New London,NH,United States,collegescorecard.ed.gov
68268.0,68268.0,0.054,1534.0,34.0,Dartmouth College,Hanover,NH,United States,collegescorecard.ed.gov
,,,,,Empire Beauty School-Laconia,Laconia,NH,United States,collegescorecard.ed.gov
,,,,,Empire Beauty School-Somersworth,Somersworth,NH,United States,collegescorecard.ed.gov
46442.0,46442.0,0.9347,1175.0,,Franklin Pierce University,Rindge,NH,United States,collegescorecard.ed.gov
,,,,,University of New Hampshire-Franklin Pierce School of Law,Concord,NH,United States,collegescorecard.ed.gov
,,,,,Keene Beauty Academy,Keene,NH,United States,collegescorecard.ed.gov
41938.0,41938.0,0.9213,,,New England College,Henniker,NH,United States,collegescorecard.ed.gov
17200.0,17200.0,0.9951,,,Southern New Hampshire University,Manchester,NH,United States,collegescorecard.ed.gov
19202.0,39852.0,0.8816,1218.0,28.0,University of New Hampshire-Main Campus,Durham,NH,United States,collegescorecard.ed.gov
14784.0,26840.0,0.9033,,25.0,Keene State College,Keene,NH,United States,collegescorecard.ed.gov
15838.0,36418.0,0.8087,1100.0,,University of New Hampshire at Manchester,Manchester,NH,United States,collegescorecard.ed.gov
14626.0,25566.0,0.8754,,,Plymouth State University,Plymouth,NH,United States,collegescorecard.ed.gov
7200.0,15450.0,,,,NHTI-Concord's Community College,Concord,NH,United States,collegescorecard.ed.gov
7050.0,15300.0,,,,White Mountains Community College,Berlin,NH,United States,collegescorecard.ed.gov
6940.0,15190.0,,,,River Valley Community College,Claremont,NH,United States,collegescorecard.ed.gov
6720.0,14970.0,,,,Lakes Region Community College,Laconia,NH,United States,collegescorecard.ed.gov
7090.0,15340.0,,,,Manchester Community College,Manchester,NH,United States,collegescorecard.ed.gov
7140.0,15390.0,,,,Nashua Community College,Nashua,NH,United States,collegescorecard.ed.gov
7200.0,15450.0,,,,Great Bay Community College,Portsmouth,NH,United States,collegescorecard.ed.gov
,,,,,Paul Mitchell the School-Portsmouth,Portsmouth,NH,United States,collegescorecard.ed.gov
39488.0,39488.0,0.8259,1070.0,,Rivier University,Nashua,NH,United States,collegescorecard.ed.gov
48920.0,48920.0,0.7805,1201.0,27.0,Saint Anselm College,Manchester,NH,United States,collegescorecard.ed.gov
23438.0,23438.0,,,,St Joseph School of Nursing,Nashua,NH,United States,collegescorecard.ed.gov
7724.0,9284.0,,,,University of New Hampshire College of Professional Studies Online,Manchester,NH,United States,collegescorecard.ed.gov
30400.0,30400.0,,,,Thomas More College of Liberal Arts,Merrimack,NH,United States,collegescorecard.ed.gov
18075.0,18075.0,,,,Eastwick College-Hackensack,Hackensack,NJ,United States,collegescorecard.ed.gov
6000.0,6000.0,,,,Assumption College for Sisters,Denville,NJ,United States,collegescorecard.ed.gov
6068.0,9068.0,,,,Atlantic Cape Community College,Mays Landing,NJ,United States,collegescorecard.ed.gov
,,,,,Fortis Institute-Wayne,Wayne,NJ,United States,collegescorecard.ed.gov
4913.0,9294.0,,,,Bergen Community College,Paramus,NJ,United States,collegescorecard.ed.gov
29800.0,29800.0,,,,Berkeley College-Woodland Park,Woodland Park,NJ,United States,collegescorecard.ed.gov
,,,,,Beth Medrash Govoha,Lakewood,NJ,United States,collegescorecard.ed.gov
15912.0,26022.0,0.6974,,,Bloomfield College of Montclair State University,Bloomfield,NJ,United States,collegescorecard.ed.gov
6270.0,10140.0,,,,Brookdale Community College,Lincroft,NJ,United States,collegescorecard.ed.gov
6990.0,9510.0,,,,Rowan College at Burlington County,Mount Laurel,NJ,United States,collegescorecard.ed.gov
40848.0,40848.0,0.7134,1260.0,,Caldwell University,Caldwell,NJ,United States,collegescorecard.ed.gov
4320.0,4416.0,,,,Camden County College,Blackwood,NJ,United States,collegescorecard.ed.gov
37732.0,37732.0,0.8308,,19.0,Centenary University,Hackettstown,NJ,United States,collegescorecard.ed.gov
,,,,,Adult and Continuing Education-BCTS,Hackensack,NJ,United States,collegescorecard.ed.gov
,,,,,Lincoln Technical Institute-Iselin,Iselin,NJ,United States,collegescorecard.ed.gov
,,,,,American Institute-Clifton,CLIFTON,NJ,United States,collegescorecard.ed.gov
6210.0,14310.0,,,,County College of Morris,Randolph,NJ,United States,collegescorecard.ed.gov
5160.0,6000.0,,,,Rowan College of South Jersey-Cumberland Campus,Vineland,NJ,United States,collegescorecard.ed.gov
47100.0,47100.0,0.6783,1227.0,,Drew University,Madison,NJ,United States,collegescorecard.ed.gov
,,,,,Lincoln Technical Institute-South Plainfield,South Plainfield,NJ,United States,collegescorecard.ed.gov
5415.0,9523.0,,,,Essex County College,Newark,NJ,United States,collegescorecard.ed.gov
,,,,,Empire Beauty School-Union,Union,NJ,United States,collegescorecard.ed.gov
38004.0,38004.0,0.9071,,,Fairleigh Dickinson University-Metropolitan Campus,Teaneck,NJ,United States,collegescorecard.ed.gov
39300.0,39300.0,,,20.0,Felician University,Lodi,NJ,United States,collegescorecard.ed.gov
38004.0,38004.0,0.9519,,,Fairleigh Dickinson University-Florham Campus,Madison,NJ,United States,collegescorecard.ed.gov
,,,,,Hohokus School of Trade and Technical Sciences,Paterson,NJ,United States,collegescorecard.ed.gov
37260.0,37260.0,0.7884,,25.0,Georgian Court University,Lakewood,NJ,United States,collegescorecard.ed.gov
16574.0,26932.0,0.7766,1212.0,27.0,Rowan University,Glassboro,NJ,United States,collegescorecard.ed.gov
5160.0,6000.0,,,,Rowan College of South Jersey-Gloucester Campus,Sewell,NJ,United States,collegescorecard.ed.gov
,,,,,Empire Beauty School-Cherry Hill,Cherry Hill,NJ,United States,collegescorecard.ed.gov
18057.0,18057.0,,,,Eastwick College-Ramsey,Ramsey,NJ,United States,collegescorecard.ed.gov
23914.0,23914.0,0.2,,,Holy Name Medical Center-Sister Claire Tynan School of Nursing,Englewood Cliffs,NJ,United States,collegescorecard.ed.gov
5384.0,9248.0,,,,Hudson County Community College,Jersey City,NJ,United States,collegescorecard.ed.gov
14460.0,14460.0,0.9838,,,New Jersey City University,Jersey City,NJ,United States,collegescorecard.ed.gov
14299.0,22446.0,0.759,1040.0,20.0,Kean University,Union,NJ,United States,collegescorecard.ed.gov
,,,,,Lincoln Technical Institute-Union,Union,NJ,United States,collegescorecard.ed.gov
,,,,,Rizzieri Aveda School for Beauty and Wellness,Voorhees,NJ,United States,collegescorecard.ed.gov
5310.0,9174.0,,,,Mercer County Community College,West Windsor,NJ,United States,collegescorecard.ed.gov
4764.0,7356.0,,,,Middlesex College,Edison,NJ,United States,collegescorecard.ed.gov
46552.0,46552.0,0.8902,1223.0,24.0,Monmouth University,West Long Branch,NJ,United States,collegescorecard.ed.gov
15912.0,26022.0,0.8789,1070.0,,Montclair State University,Montclair,NJ,United States,collegescorecard.ed.gov
24916.0,31336.0,0.5857,,,JFK Muhlenberg Harold B. and Dorothy A. Snyder Schools,Plainfield,NJ,United States,collegescorecard.ed.gov
15848.0,15848.0,,,,Eastwick College-Nutley,Nutley,NJ,United States,collegescorecard.ed.gov
,,,,,New Brunswick Theological Seminary,New Brunswick,NJ,United States,collegescorecard.ed.gov
,,,,,Robert Fiance Beauty Schools-West New York,West New York,NJ,United States,collegescorecard.ed.gov
19974.0,37664.0,0.6507,1337.0,30.0,New Jersey Institute of Technology,Newark,NJ,United States,collegescorecard.ed.gov
4906.0,6970.0,,,,Ocean County College,Toms River,NJ,United States,collegescorecard.ed.gov
,,,,,P B Cosmetology Education Center,Gloucester,NJ,United States,collegescorecard.ed.gov
,,,,,Parisian Beauty School,Hackensack,NJ,United States,collegescorecard.ed.gov
6300.0,10560.0,,,,Passaic County Community College,Paterson,NJ,United States,collegescorecard.ed.gov
,,,,,Pennco Tech-Blackwood,Blackwood,NJ,United States,collegescorecard.ed.gov
,,,,,Princeton Theological Seminary,Princeton,NJ,United States,collegescorecard.ed.gov
62688.0,62688.0,0.0462,1553.0,34.0,Princeton University,Princeton,NJ,United States,collegescorecard.ed.gov
10650.0,10650.0,0.9515,,,Rabbinical College of America,Morristown,NJ,United States,collegescorecard.ed.gov
16777.0,27708.0,0.7064,1211.0,26.0,Ramapo College of New Jersey,Mahwah,NJ,United States,collegescorecard.ed.gov
,,,,,Robert Fiance Beauty Schools,Boynton Beach,FL,United States,collegescorecard.ed.gov
41120.0,41120.0,0.7864,1227.0,30.0,Rider University,Lawrenceville,NJ,United States,collegescorecard.ed.gov
17764.0,37276.0,0.6629,1178.0,21.0,Rutgers University-Camden,Camden,NJ,United States,collegescorecard.ed.gov
17929.0,37441.0,0.5815,1410.0,30.0,Rutgers University-New Brunswick,New Brunswick,NJ,United States,collegescorecard.ed.gov
17250.0,36762.0,0.7136,,25.0,Rutgers University-Newark,Newark,NJ,United States,collegescorecard.ed.gov
,,,,,Capital Health School of Radiologic Technology,Trenton,NJ,United States,collegescorecard.ed.gov
,,,,,Capital Health School of Nursing,Trenton,NJ,United States,collegescorecard.ed.gov
42552.0,42552.0,0.903,,23.0,Saint Peter's University,Jersey City,NJ,United States,collegescorecard.ed.gov
6360.0,10260.0,,,,Salem Community College,Carneys Point,NJ,United States,collegescorecard.ed.gov
53170.0,53170.0,0.7326,1322.0,29.0,Seton Hall University,South Orange,NJ,United States,collegescorecard.ed.gov
,,,,,Shore Beauty School,Egg Harbor Township,NJ,United States,collegescorecard.ed.gov
36741.0,36741.0,0.7103,,,Saint Elizabeth University,Morristown,NJ,United States,collegescorecard.ed.gov
5664.0,7584.0,,,,Raritan Valley Community College,Branchburg,NJ,United States,collegescorecard.ed.gov
63462.0,63462.0,0.4758,1446.0,33.0,Stevens Institute of Technology,Hoboken,NJ,United States,collegescorecard.ed.gov
16266.0,24524.0,0.8894,1139.0,25.0,Stockton University,Galloway,NJ,United States,collegescorecard.ed.gov
15800.0,15800.0,0.4348,,,Talmudical Academy-New Jersey,Adelphia,NJ,United States,collegescorecard.ed.gov
16757.0,16757.0,,,,Aviation Institute of Maintenance-Teterboro,Hasbrouck Heights,NJ,United States,collegescorecard.ed.gov
6838.0,8856.0,,,,Thomas Edison State University,Trenton,NJ,United States,collegescorecard.ed.gov
19632.0,25752.0,0.6229,1246.0,29.0,The College of New Jersey,Ewing,NJ,United States,collegescorecard.ed.gov
5280.0,9500.0,,,,UCNJ Union College of Union County New Jersey,Cranford,NJ,United States,collegescorecard.ed.gov
15704.0,25344.0,0.9008,,,William Paterson University of New Jersey,Wayne,NJ,United States,collegescorecard.ed.gov
2060.0,8684.0,,,,Central New Mexico Community College,Albuquerque,NM,United States,collegescorecard.ed.gov
4346.0,4346.0,,,,Navajo Technical University,Crownpoint,NM,United States,collegescorecard.ed.gov
2322.0,6360.0,,,,New Mexico State University-Dona Ana,Las Cruces,NM,United States,collegescorecard.ed.gov
1592.0,3344.0,,,,Clovis Community College,Clovis,NM,United States,collegescorecard.ed.gov
7194.0,9174.0,0.9166,964.0,19.0,Eastern New Mexico University-Main Campus,Portales,NM,United States,collegescorecard.ed.gov
2256.0,5616.0,,,,Eastern New Mexico University-Roswell Campus,Roswell,NM,United States,collegescorecard.ed.gov
5920.0,5920.0,0.9747,,,Institute of American Indian and Alaska Native Culture and Arts Development,Santa Fe,NM,United States,collegescorecard.ed.gov
7416.0,12336.0,,,,New Mexico Highlands University,Las Vegas,NM,United States,collegescorecard.ed.gov
1440.0,2280.0,,,,New Mexico Junior College,Hobbs,NM,United States,collegescorecard.ed.gov
7190.0,14156.0,0.526,,,New Mexico Military Institute,Roswell,NM,United States,collegescorecard.ed.gov
2906.0,5682.0,,,,University of New Mexico-Gallup Campus,Gallup,NM,United States,collegescorecard.ed.gov
9476.0,27247.0,0.4449,1207.0,26.0,New Mexico Institute of Mining and Technology,Socorro,NM,United States,collegescorecard.ed.gov
2214.0,5686.0,,,,University of New Mexico-Los Alamos Campus,Los Alamos,NM,United States,collegescorecard.ed.gov
10140.0,33060.0,0.9518,1038.0,23.0,University of New Mexico-Main Campus,Albuquerque,NM,United States,collegescorecard.ed.gov
2616.0,6072.0,,,,New Mexico State University-Alamogordo,Alamogordo,NM,United States,collegescorecard.ed.gov
1176.0,4008.0,,,,Southeast New Mexico College,Carlsbad,NM,United States,collegescorecard.ed.gov
2136.0,4272.0,,,,New Mexico State University-Grants,Grants,NM,United States,collegescorecard.ed.gov
8183.0,25307.0,0.8897,1011.0,20.0,New Mexico State University-Main Campus,Las Cruces,NM,United States,collegescorecard.ed.gov
1878.0,5130.0,,,,University of New Mexico-Valencia County Campus,Los Lunas,NM,United States,collegescorecard.ed.gov
6400.0,14328.0,,,,Northern New Mexico College,Espanola,NM,United States,collegescorecard.ed.gov
1928.0,5412.0,,,,San Juan College,Farmington,NM,United States,collegescorecard.ed.gov
1851.0,4131.0,,,,Santa Fe Community College,Santa Fe,NM,United States,collegescorecard.ed.gov
16670.0,16670.0,,,,University of the Southwest,Hobbs,NM,United States,collegescorecard.ed.gov
,,,,,Southwestern College,Santa Fe,NM,United States,collegescorecard.ed.gov
1095.0,1095.0,,,,Southwestern Indian Polytechnic Institute,Albuquerque,NM,United States,collegescorecard.ed.gov
2136.0,5136.0,,,,University of New Mexico-Taos Campus,Ranchos de Taos,NM,United States,collegescorecard.ed.gov
2136.0,3408.0,,,,Mesalands Community College,Tucumcari,NM,United States,collegescorecard.ed.gov
,,,,,Vogue College of Cosmetology-Santa Fe,Santa Fe,NM,United States,collegescorecard.ed.gov
7856.0,14342.0,,,,Western New Mexico University,Silver City,NM,United States,collegescorecard.ed.gov
29810.0,29810.0,,,,Vaughn College of Aeronautics and Technology,Flushing,NY,United States,collegescorecard.ed.gov
49110.0,49110.0,0.6591,1219.0,26.0,Adelphi University,Garden City,NY,United States,collegescorecard.ed.gov
6844.0,9616.0,,,,SUNY Adirondack,Queensbury,NY,United States,collegescorecard.ed.gov
18374.0,18374.0,,,,Bryant & Stratton College-Albany,Albany,NY,United States,collegescorecard.ed.gov
41475.0,41475.0,0.5269,1252.0,30.0,Albany College of Pharmacy and Health Sciences,Albany,NY,United States,collegescorecard.ed.gov
,,,,,Albany Law School,Albany,NY,United States,collegescorecard.ed.gov
,,,,,Albany Medical College,Albany,NY,United States,collegescorecard.ed.gov
41500.0,41500.0,0.7384,1279.0,25.0,Alfred University,Alfred,NY,United States,collegescorecard.ed.gov
,,,,,Allen School-Brooklyn,Brooklyn,NY,United States,collegescorecard.ed.gov
14817.0,14817.0,0.3248,,,The Ailey School,New York,NY,United States,collegescorecard.ed.gov
40650.0,40650.0,0.9196,,,American Academy of Dramatic Arts-New York,New York,NY,United States,collegescorecard.ed.gov
20018.0,20018.0,,,,American Academy McAllister Institute of Funeral Service,New York,NY,United States,collegescorecard.ed.gov
46928.0,46928.0,0.2448,,,American Musical and Dramatic Academy,New York,NY,United States,collegescorecard.ed.gov
,,,,,Apex Technical School,Long Island City,NY,United States,collegescorecard.ed.gov
,,0.6667,,,Arnot Ogden Medical Center,Elmira,NY,United States,collegescorecard.ed.gov
11200.0,11200.0,0.8411,,,Associated Beth Rivkah Schools,Brooklyn,NY,United States,collegescorecard.ed.gov
,,,,,Bank Street College of Education,New York,NY,United States,collegescorecard.ed.gov
66436.0,66436.0,0.5212,1380.0,,Bard College,Annandale-On-Hudson,NY,United States,collegescorecard.ed.gov
69888.0,69888.0,0.0884,1520.0,33.0,Barnard College,New York,NY,United States,collegescorecard.ed.gov
,,,,,Berk Trade and Business School,Long Island City,NY,United States,collegescorecard.ed.gov
29800.0,29800.0,,,,Berkeley College-New York,New York,NY,United States,collegescorecard.ed.gov
,,,,,Berkowits School of Electrolysis,Forest Hills,NY,United States,collegescorecard.ed.gov
12000.0,12000.0,0.8974,,,Beth Hamedrash Shaarei Yosher Institute,Brooklyn,NY,United States,collegescorecard.ed.gov
,,,,,Mount Sinai Phillips School of Nursing,New York,NY,United States,collegescorecard.ed.gov
,,,,,Brittany Beauty Academy,Brooklyn,NY,United States,collegescorecard.ed.gov
13025.0,13025.0,,,,Boricua College,New York,NY,United States,collegescorecard.ed.gov
,,,,,Brittany Beauty Academy,Levittown,NY,United States,collegescorecard.ed.gov
,,,,,American Beauty School,Bronx,NY,United States,collegescorecard.ed.gov
,,,,,Brooklyn Law School,Brooklyn,NY,United States,collegescorecard.ed.gov
8624.0,14288.0,,,,SUNY Broome Community College,Binghamton,NY,United States,collegescorecard.ed.gov
18768.0,18768.0,,,,Bryant & Stratton College-Syracuse North,Liverpool,NY,United States,collegescorecard.ed.gov
18910.0,18910.0,,,,Bryant & Stratton College-Buffalo,Buffalo,NY,United States,collegescorecard.ed.gov
20073.0,20073.0,,,,Bryant & Stratton College-Greece,Rochester,NY,United States,collegescorecard.ed.gov
34500.0,34500.0,0.7236,,28.0,Canisius University,Buffalo,NY,United States,collegescorecard.ed.gov
,,,,,Capri Cosmetology Learning Centers,Nanuet,NY,United States,collegescorecard.ed.gov
17433.0,17433.0,,,,St Paul's School of Nursing-Queens,Rego Park,NY,United States,collegescorecard.ed.gov
7056.0,12336.0,,,,Cayuga County Community College,Auburn,NY,United States,collegescorecard.ed.gov
8400.0,8400.0,0.8743,,,Central Yeshiva Tomchei Tmimim Lubavitz,Brooklyn,NY,United States,collegescorecard.ed.gov
,,,,,Christine Valmy International School for Esthetics Skin Care & Makeup,New York,NY,United States,collegescorecard.ed.gov
25610.0,25610.0,0.08,,,Circle in the Square Theatre School,New York,NY,United States,collegescorecard.ed.gov
59398.0,59398.0,0.7736,1304.0,29.0,Clarkson University,Potsdam,NY,United States,collegescorecard.ed.gov
6831.0,6831.0,,,,Clinton Community College,Plattsburgh,NY,United States,collegescorecard.ed.gov
,,,,,Cochran School of Nursing,Yonkers,NY,United States,collegescorecard.ed.gov
,,,,,Colgate Rochester Crozer Divinity School,Rochester,NY,United States,collegescorecard.ed.gov
70306.0,70306.0,0.1388,1508.0,33.0,Colgate University,Hamilton,NY,United States,collegescorecard.ed.gov
20188.0,20188.0,0.9,,,Metropolitan College of New York,New York,NY,United States,collegescorecard.ed.gov
71845.0,71845.0,0.0399,1553.0,35.0,Columbia University in the City of New York,New York,NY,United States,collegescorecard.ed.gov
6048.0,11448.0,,,,Columbia-Greene Community College,Hudson,NY,United States,collegescorecard.ed.gov
,,,,,Empire Beauty School-Queens,Astoria,NY,United States,collegescorecard.ed.gov
,,,,,Continental School of Beauty Culture-Rochester,Rochester,NY,United States,collegescorecard.ed.gov
46820.0,46820.0,0.2071,1410.0,,The Cooper Union for the Advancement of Science and Art,New York,NY,United States,collegescorecard.ed.gov
69314.0,69314.0,0.0876,1535.0,34.0,Cornell University,Ithaca,NY,United States,collegescorecard.ed.gov
,,,,,Weill Medical College of Cornell University,New York,NY,United States,collegescorecard.ed.gov
6534.0,10326.0,,,,SUNY Corning Community College,Corning,NY,United States,collegescorecard.ed.gov
21213.0,21213.0,0.7778,,,Pomeroy College of Nursing at Crouse Hospital,East Syracuse,NY,United States,collegescorecard.ed.gov
39850.0,39850.0,0.9115,1060.0,,Culinary Institute of America,Hyde Park,NY,United States,collegescorecard.ed.gov
7464.0,15414.0,0.4752,1280.0,,CUNY Bernard M Baruch College,New York,NY,United States,collegescorecard.ed.gov
5170.0,8050.0,,,,CUNY Borough of Manhattan Community College,New York,NY,United States,collegescorecard.ed.gov
5206.0,8086.0,,,,CUNY Bronx Community College,Bronx,NY,United States,collegescorecard.ed.gov
7452.0,15402.0,0.5836,1140.0,,CUNY Brooklyn College,Brooklyn,NY,United States,collegescorecard.ed.gov
7490.0,15440.0,0.9234,1040.0,,College of Staten Island CUNY,Staten Island,NY,United States,collegescorecard.ed.gov
7340.0,15290.0,0.6002,1260.0,,CUNY City College,New York,NY,United States,collegescorecard.ed.gov
7235.0,15185.0,0.6849,,,CUNY Graduate School and University Center,New York,NY,United States,collegescorecard.ed.gov
5254.0,8134.0,,,,CUNY Hostos Community College,Bronx,NY,United States,collegescorecard.ed.gov
7382.0,15332.0,0.538,1280.0,,CUNY Hunter College,New York,NY,United States,collegescorecard.ed.gov
7470.0,15420.0,0.5711,1080.0,,CUNY John Jay College of Criminal Justice,New York,NY,United States,collegescorecard.ed.gov
5252.0,8132.0,,,,CUNY Kingsborough Community College,Brooklyn,NY,United States,collegescorecard.ed.gov
5218.0,8098.0,,,,CUNY LaGuardia Community College,Long Island City,NY,United States,collegescorecard.ed.gov
7410.0,15360.0,0.5658,970.0,,CUNY Lehman College,Bronx,NY,United States,collegescorecard.ed.gov
7352.0,15302.0,0.8605,920.0,,CUNY Medgar Evers College,Brooklyn,NY,United States,collegescorecard.ed.gov
7332.0,15282.0,0.8029,1010.0,,CUNY New York City College of Technology,Brooklyn,NY,United States,collegescorecard.ed.gov
7538.0,15488.0,0.6435,1120.0,,CUNY Queens College,Queens,NY,United States,collegescorecard.ed.gov
5210.0,8090.0,,,,CUNY Queensborough Community College,Bayside,NY,United States,collegescorecard.ed.gov
,,,,,CUNY School of Law,Long Island City,NY,United States,collegescorecard.ed.gov
7358.0,15308.0,0.641,880.0,,CUNY York College,Jamaica,NY,United States,collegescorecard.ed.gov
,,0.8571,,,CVPH Medical Center School of Radiologic Technology,Plattsburgh,NY,United States,collegescorecard.ed.gov
34940.0,34940.0,0.8137,1130.0,24.0,D'Youville  University,Buffalo,NY,United States,collegescorecard.ed.gov
35218.0,35218.0,0.6826,,,Daemen University,Amherst,NY,United States,collegescorecard.ed.gov
10800.0,10800.0,0.92,,,Yeshiva of Far Rockaway Derech Ayson Rabbinical Seminary,Far Rockaway,NY,United States,collegescorecard.ed.gov
34220.0,34220.0,0.633,,,Dominican University New York,Orangeburg,NY,United States,collegescorecard.ed.gov
5670.0,10670.0,,,,Dutchess Community College,Poughkeepsie,NY,United States,collegescorecard.ed.gov
12444.0,12444.0,0.0,,,Belanger School of Nursing,Schenectady,NY,United States,collegescorecard.ed.gov
38976.0,38976.0,0.7696,1314.0,,Elmira College,Elmira,NY,United States,collegescorecard.ed.gov
6100.0,11300.0,,,,Erie Community College,Buffalo,NY,United States,collegescorecard.ed.gov
6294.0,16874.0,0.6024,,,Fashion Institute of Technology,New York,NY,United States,collegescorecard.ed.gov
6234.0,8418.0,,,,Finger Lakes Community College,Canandaigua,NY,United States,collegescorecard.ed.gov
30250.0,30250.0,0.5382,,,Five Towns College,Dix Hills,NY,United States,collegescorecard.ed.gov
64915.0,64915.0,0.5931,1418.0,32.0,Fordham University,Bronx,NY,United States,collegescorecard.ed.gov
6198.0,6798.0,,,,Fulton-Montgomery Community College,Johnstown,NY,United States,collegescorecard.ed.gov
,,,,,Gemological Institute of America-New York,New York,NY,United States,collegescorecard.ed.gov
5900.0,6500.0,,,,Genesee Community College,Batavia,NY,United States,collegescorecard.ed.gov
68960.0,68960.0,0.1362,1506.0,34.0,Hamilton College,Clinton,NY,United States,collegescorecard.ed.gov
54962.0,54962.0,0.696,1200.0,25.0,Hartwick College,Oneonta,NY,United States,collegescorecard.ed.gov
25852.0,25852.0,0.1695,,,Helene Fuld College of Nursing,New York,NY,United States,collegescorecard.ed.gov
5776.0,5776.0,,,,Herkimer County Community College,Herkimer,NY,United States,collegescorecard.ed.gov
33740.0,33740.0,0.972,,,Hilbert College,Hamburg,NY,United States,collegescorecard.ed.gov
65117.0,65117.0,0.6399,1319.0,29.0,Hobart William Smith Colleges,Geneva,NY,United States,collegescorecard.ed.gov
57660.0,57660.0,0.6808,1319.0,29.0,Hofstra University,Hempstead,NY,United States,collegescorecard.ed.gov
18430.0,18430.0,0.8866,1284.0,26.0,Houghton University,Houghton,NY,United States,collegescorecard.ed.gov
6796.0,11852.0,,,,Hudson Valley Community College,Troy,NY,United States,collegescorecard.ed.gov
,,,,,Hunter Business School,Levittown,NY,United States,collegescorecard.ed.gov
47260.0,47260.0,0.8694,1217.0,26.0,Iona University,New Rochelle,NY,United States,collegescorecard.ed.gov
,,,,,Isabella Graham Hart School of Practical Nursing,Rochester,NY,United States,collegescorecard.ed.gov
53540.0,53540.0,0.6901,1312.0,,Ithaca College,Ithaca,NY,United States,collegescorecard.ed.gov
6840.0,6840.0,,,,Jamestown Community College,Jamestown,NY,United States,collegescorecard.ed.gov
6264.0,11700.0,,,,Jefferson Community College,Watertown,NY,United States,collegescorecard.ed.gov
67357.0,67357.0,0.4861,1500.0,33.0,Jewish Theological Seminary of America,New York,NY,United States,collegescorecard.ed.gov
57950.0,57950.0,0.0915,,,The Juilliard School,New York,NY,United States,collegescorecard.ed.gov
13200.0,13200.0,,,,Kehilath Yakov Rabbinical Seminary,Ossining,NY,United States,collegescorecard.ed.gov
39332.0,39332.0,0.6808,,26.0,Keuka College,Keuka Park,NY,United States,collegescorecard.ed.gov
33504.0,33504.0,0.959,1035.0,,LIM College,New York,NY,United States,collegescorecard.ed.gov
40330.0,40330.0,0.8298,1255.0,27.0,Le Moyne College,Syracuse,NY,United States,collegescorecard.ed.gov
42432.0,42432.0,0.8616,1224.0,28.0,Long Island University,Brookville,NY,United States,collegescorecard.ed.gov
,,,,,Long Island Beauty School-Hempstead,Hempstead,NY,United States,collegescorecard.ed.gov
13500.0,13500.0,1.0,,,Machzikei Hadath Rabbinical College,Brooklyn,NY,United States,collegescorecard.ed.gov
21700.0,21700.0,,,,Mandl School-The College of Allied Health,New York,NY,United States,collegescorecard.ed.gov
53400.0,53400.0,0.7894,1270.0,,Manhattan University,Riverdale,NY,United States,collegescorecard.ed.gov
57050.0,57050.0,0.4078,,,Manhattan School of Music,New York,NY,United States,collegescorecard.ed.gov
44604.0,44604.0,0.8734,,27.0,Manhattanville University,Purchase,NY,United States,collegescorecard.ed.gov
18740.0,18740.0,0.4448,,,Maria College of Albany,Albany,NY,United States,collegescorecard.ed.gov
12085.0,12085.0,1.0,,,Marion S Whelan School of Nursing of Geneva General Hospital,Geneva,NY,United States,collegescorecard.ed.gov
47750.0,47750.0,0.5651,1295.0,28.0,Marist University,Poughkeepsie,NY,United States,collegescorecard.ed.gov
41870.0,41870.0,0.8261,1214.0,25.0,Marymount Manhattan College,New York,NY,United States,collegescorecard.ed.gov
15358.0,15358.0,1.0,,,St. Peter's Hospital College of Nursing,Albany,NY,United States,collegescorecard.ed.gov
22880.0,22880.0,0.8584,,25.0,Mercy University,Dobbs Ferry,NY,United States,collegescorecard.ed.gov
15200.0,15200.0,0.8,,,Mesivta Torah Vodaath Rabbinical Seminary,Brooklyn,NY,United States,collegescorecard.ed.gov
10100.0,10100.0,0.5556,,,Mesivta of Eastern Parkway-Yeshiva Zichron Meilech,Brooklyn,NY,United States,collegescorecard.ed.gov
13250.0,13250.0,0.6,,,Mesivtha Tifereth Jerusalem of America,New York,NY,United States,collegescorecard.ed.gov
15865.0,15865.0,,,,Mildred Elley School-Albany Campus,Albany,NY,United States,collegescorecard.ed.gov
13600.0,13600.0,0.8929,,,Mirrer Yeshiva Cent Institute,Brooklyn,NY,United States,collegescorecard.ed.gov
,,,,,Modern Welding School,Schenectady,NY,United States,collegescorecard.ed.gov
6218.0,8851.0,,,,Mohawk Valley Community College,Utica,NY,United States,collegescorecard.ed.gov
39790.0,39790.0,0.8174,1187.0,29.0,Molloy University,Rockville Centre,NY,United States,collegescorecard.ed.gov
18464.0,18464.0,0.6751,,,Monroe University,Bronx,NY,United States,collegescorecard.ed.gov
6006.0,11056.0,,,,Monroe Community College,Rochester,NY,United States,collegescorecard.ed.gov
43450.0,43450.0,0.8888,1150.0,22.0,Mount Saint Mary College,Newburgh,NY,United States,collegescorecard.ed.gov
,,,,,Montefiore School of Nursing,Mount Vernon,NY,United States,collegescorecard.ed.gov
44540.0,44540.0,0.8511,1090.0,20.0,University of Mount Saint Vincent,Bronx,NY,United States,collegescorecard.ed.gov
,,,,,Icahn School of Medicine at Mount Sinai,New York,NY,United States,collegescorecard.ed.gov
6330.0,12130.0,,,,Nassau Community College,Garden City,NY,United States,collegescorecard.ed.gov
42450.0,42450.0,0.7472,1216.0,,Nazareth University,Rochester,NY,United States,collegescorecard.ed.gov
19000.0,19000.0,0.5333,,,Neighborhood Playhouse School of the Theater,New York City,NY,United States,collegescorecard.ed.gov
58694.0,58694.0,0.6347,,,The New School,New York,NY,United States,collegescorecard.ed.gov
17250.0,17250.0,,,,Northeast College of Health Sciences,Seneca Falls,NY,United States,collegescorecard.ed.gov
,,,,,New York Law School,New York,NY,United States,collegescorecard.ed.gov
,,,,,New York Medical College,Valhalla,NY,United States,collegescorecard.ed.gov
,,,,,New York School for Medical and Dental Assistants,Long Island City,NY,United States,collegescorecard.ed.gov
62796.0,62796.0,0.0923,1520.0,34.0,New York University,New York,NY,United States,collegescorecard.ed.gov
6894.0,12030.0,,,,Niagara County Community College,Sanborn,NY,United States,collegescorecard.ed.gov
39345.0,39345.0,0.8737,1168.0,25.0,Niagara University,Niagara University,NY,United States,collegescorecard.ed.gov
,,,,,Empire Beauty School-Peekskill,Peekskill,NY,United States,collegescorecard.ed.gov
6682.0,9370.0,,,,North Country Community College,Saranac Lake,NY,United States,collegescorecard.ed.gov
,,,,,New York College of Podiatric Medicine,New York,NY,United States,collegescorecard.ed.gov
46560.0,46560.0,0.8102,1311.0,28.0,New York Institute of Technology,Old Westbury,NY,United States,collegescorecard.ed.gov
32330.0,32330.0,0.6289,,,New York School of Interior Design,New York,NY,United States,collegescorecard.ed.gov
10150.0,10150.0,1.0,,,Ohr Hameir Theological Seminary,Peekskill,NY,United States,collegescorecard.ed.gov
6102.0,11392.0,,,,Onondaga Community College,Syracuse,NY,United States,collegescorecard.ed.gov
6526.0,12334.0,,,,Orange County Community College,Middletown,NY,United States,collegescorecard.ed.gov
,,,,,Otsego Area BOCES-Practical Nursing Program,Oneonta,NY,United States,collegescorecard.ed.gov
53290.0,53290.0,0.7592,1266.0,26.0,Pace University,New York,NY,United States,collegescorecard.ed.gov
33009.0,33009.0,0.7653,,,Paul Smiths College of Arts and Science,Paul Smiths,NY,United States,collegescorecard.ed.gov
,,,,,Continental School of Beauty Culture-West Seneca,West Seneca,NY,United States,collegescorecard.ed.gov
15450.0,15450.0,0.3,,,Plaza College,Forest Hills,NY,United States,collegescorecard.ed.gov
18000.0,18000.0,0.5625,,,Davis College,Pottersville,NY,United States,collegescorecard.ed.gov
61845.0,61845.0,0.7325,1290.0,30.0,Pratt Institute-Main,Brooklyn,NY,United States,collegescorecard.ed.gov
10800.0,10800.0,0.9362,,,Rabbinical Academy Mesivta Rabbi Chaim Berlin,Brooklyn,NY,United States,collegescorecard.ed.gov
10000.0,10000.0,,,,Rabbinical College Bobover Yeshiva Bnei Zion,Brooklyn,NY,United States,collegescorecard.ed.gov
16850.0,16850.0,0.9167,,,Rabbinical College Beth Shraga,Monsey,NY,United States,collegescorecard.ed.gov
8450.0,8450.0,0.9063,,,Rabbinical Seminary Mkor Chaim,Lakewood,NJ,United States,collegescorecard.ed.gov
10290.0,10290.0,1.0,,,Rabbinical College of Long Island,Long Beach,NY,United States,collegescorecard.ed.gov
10000.0,10000.0,0.9845,,,Rabbinical Seminary of America,Flushing,NY,United States,collegescorecard.ed.gov
64081.0,64081.0,0.6347,1456.0,33.0,Rensselaer Polytechnic Institute,Troy,NY,United States,collegescorecard.ed.gov
38826.0,38826.0,0.7063,1170.0,26.0,Roberts Wesleyan University,Rochester,NY,United States,collegescorecard.ed.gov
59274.0,59274.0,0.6693,1383.0,31.0,Rochester Institute of Technology,Rochester,NY,United States,collegescorecard.ed.gov
67080.0,67080.0,0.4008,1488.0,33.0,University of Rochester,Rochester,NY,United States,collegescorecard.ed.gov
,,,,,The Rockefeller University,New York,NY,United States,collegescorecard.ed.gov
6862.0,6862.0,,,,Rockland Community College,Suffern,NY,United States,collegescorecard.ed.gov
,,,,,Empire Beauty School-Manhattan,New York,NY,United States,collegescorecard.ed.gov
38164.0,38164.0,0.5326,,,Russell Sage College,Troy,NY,United States,collegescorecard.ed.gov
,,,,,St Bernard's School of Theology and Ministry,Rochester,NY,United States,collegescorecard.ed.gov
41735.0,41735.0,0.8165,1197.0,24.0,St Bonaventure University,Saint Bonaventure,NY,United States,collegescorecard.ed.gov
28775.0,28775.0,,,24.0,St. Francis College,Brooklyn,NY,United States,collegescorecard.ed.gov
23816.0,23816.0,1.0,,,St. Joseph's College of Nursing,Syracuse,NY,United States,collegescorecard.ed.gov
65900.0,65900.0,0.5434,1371.0,31.0,St Lawrence University,Canton,NY,United States,collegescorecard.ed.gov
39450.0,39450.0,0.9305,1000.0,29.0,St. Thomas Aquinas College,Sparkill,NY,United States,collegescorecard.ed.gov
15358.0,15358.0,1.0,,,Samaritan Hospital School of Nursing,Troy,NY,United States,collegescorecard.ed.gov
66862.0,66862.0,0.6173,1366.0,31.0,Sarah Lawrence College,Bronxville,NY,United States,collegescorecard.ed.gov
6190.0,8974.0,,,,Schenectady County Community College,Schenectady,NY,United States,collegescorecard.ed.gov
11700.0,11700.0,,,,Sh'or Yoshuv Rabbinical College,Lawrence,NY,United States,collegescorecard.ed.gov
46580.0,46580.0,0.6902,1254.0,,Siena University,Loudonville,NY,United States,collegescorecard.ed.gov
67290.0,67290.0,0.2105,1405.0,31.0,Skidmore College,Saratoga Springs,NY,United States,collegescorecard.ed.gov
36550.0,36550.0,0.7205,1190.0,26.0,St. Joseph's University-New York,Brooklyn,NY,United States,collegescorecard.ed.gov
,,,,,Saint Vladimirs Orthodox Theological Seminary,Yonkers,NY,United States,collegescorecard.ed.gov
20180.0,30000.0,1.0,,,Saint Elizabeth College of Nursing,Utica,NY,United States,collegescorecard.ed.gov
41190.0,41190.0,0.664,1214.0,26.0,St. John Fisher University,Rochester,NY,United States,collegescorecard.ed.gov
17492.0,17492.0,,,,St Paul's School of Nursing-Staten Island,Staten Island,NY,United States,collegescorecard.ed.gov
53020.0,53020.0,0.8343,1244.0,26.0,St. John's University-New York,Queens,NY,United States,collegescorecard.ed.gov
6468.0,12132.0,,,,Sullivan County Community College,Loch Sheldrake,NY,United States,collegescorecard.ed.gov
8892.0,16837.0,0.7568,1094.0,,SUNY College of Technology at Alfred,Alfred,NY,United States,collegescorecard.ed.gov
8742.0,13572.0,0.9215,,20.0,SUNY College of Technology at Canton,Canton,NY,United States,collegescorecard.ed.gov
8772.0,12762.0,0.8901,1004.0,,SUNY College of Technology at Delhi,Delhi,NY,United States,collegescorecard.ed.gov
8768.0,18678.0,0.8402,,19.0,SUNY College of Agriculture and Technology at Cobleskill,Cobleskill,NY,United States,collegescorecard.ed.gov
8626.0,18536.0,0.6329,1147.0,24.0,Farmingdale State College,Farmingdale,NY,United States,collegescorecard.ed.gov
8825.0,19245.0,0.9154,1130.0,,SUNY Morrisville,Morrisville,NY,United States,collegescorecard.ed.gov
10866.0,31256.0,0.691,,26.0,University at Albany,Albany,NY,United States,collegescorecard.ed.gov
10567.0,30447.0,0.3861,1415.0,32.0,Binghamton University,Vestal,NY,United States,collegescorecard.ed.gov
10936.0,31536.0,0.7418,1295.0,28.0,University at Buffalo,Buffalo,NY,United States,collegescorecard.ed.gov
10931.0,32741.0,0.4904,1419.0,31.0,Stony Brook University,Stony Brook,NY,United States,collegescorecard.ed.gov
9303.0,22263.0,0.6328,,,SUNY College of Environmental Science and Forestry,Syracuse,NY,United States,collegescorecard.ed.gov
8625.0,21215.0,0.8135,1201.0,27.0,SUNY Polytechnic Institute,Utica,NY,United States,collegescorecard.ed.gov
8752.0,15822.0,0.7068,1193.0,26.0,SUNY Brockport,Brockport,NY,United States,collegescorecard.ed.gov
8533.0,19653.0,0.7295,1070.0,,SUNY Buffalo State University,Buffalo,NY,United States,collegescorecard.ed.gov
8874.0,18784.0,0.5979,,25.0,State University of New York at Cortland,Cortland,NY,United States,collegescorecard.ed.gov
8831.0,19771.0,0.777,1250.0,27.0,SUNY at Fredonia,Fredonia,NY,United States,collegescorecard.ed.gov
8999.0,19569.0,0.6645,1286.0,28.0,SUNY College at Geneseo,Geneseo,NY,United States,collegescorecard.ed.gov
8572.0,18822.0,0.6161,1265.0,27.0,State University of New York at New Paltz,New Paltz,NY,United States,collegescorecard.ed.gov
8831.0,19781.0,0.696,1230.0,,SUNY Oneonta,Oneonta,NY,United States,collegescorecard.ed.gov
8825.0,18735.0,0.8055,1187.0,27.0,State University of New York at Oswego,Oswego,NY,United States,collegescorecard.ed.gov
8768.0,18678.0,0.777,,,SUNY College at Potsdam,Potsdam,NY,United States,collegescorecard.ed.gov
8953.0,19203.0,0.7405,1312.0,29.0,SUNY at Purchase College,Purchase,NY,United States,collegescorecard.ed.gov
,,,,,SUNY College of Optometry,New York,NY,United States,collegescorecard.ed.gov
8422.0,18842.0,0.8363,,,SUNY Old Westbury,Old Westbury,NY,United States,collegescorecard.ed.gov
9035.0,18945.0,0.7841,1165.0,26.0,State University of New York at Plattsburgh,Plattsburgh,NY,United States,collegescorecard.ed.gov
,,,,,SUNY Downstate Health Sciences University,Brooklyn,NY,United States,collegescorecard.ed.gov
7648.0,17558.0,,,,Empire State University,Saratoga Springs,NY,United States,collegescorecard.ed.gov
8589.0,19159.0,0.7241,1214.0,26.0,SUNY Maritime College,Throggs Neck,NY,United States,collegescorecard.ed.gov
,,,,,Upstate Medical University,Syracuse,NY,United States,collegescorecard.ed.gov
27066.0,27066.0,,,,Swedish Institute a College of Health Sciences,New York,NY,United States,collegescorecard.ed.gov
65528.0,65528.0,0.4592,1375.0,30.0,Syracuse University,Syracuse,NY,United States,collegescorecard.ed.gov
8750.0,8750.0,0.7719,,,Talmudical Seminary Oholei Torah,Brooklyn,NY,United States,collegescorecard.ed.gov
6150.0,6150.0,1.0,,,Talmudical Institute of Upstate New York,Rochester,NY,United States,collegescorecard.ed.gov
,,,,,Teachers College at Columbia University,New York,NY,United States,collegescorecard.ed.gov
6970.0,12855.0,,,,Tompkins Cortland Community College,Dryden,NY,United States,collegescorecard.ed.gov
9600.0,9600.0,0.5556,,,Torah Temimah Talmudical Seminary,Staten Island,NY,United States,collegescorecard.ed.gov
22450.0,22450.0,0.6083,1348.0,,Touro University,New York,NY,United States,collegescorecard.ed.gov
20640.0,20640.0,0.9749,,,Trocaire College,Buffalo,NY,United States,collegescorecard.ed.gov
,,,,,Excelsior University,Albany,NY,United States,collegescorecard.ed.gov
6666.0,12146.0,,,,Ulster County Community College,Stone Ridge,NY,United States,collegescorecard.ed.gov
69039.0,69039.0,0.4392,1395.0,30.0,Union College,Schenectady,NY,United States,collegescorecard.ed.gov
,,,,,Union Theological Seminary in the City of New York,New York,NY,United States,collegescorecard.ed.gov
15000.0,15000.0,,,,United Talmudical Seminary,Brooklyn,NY,United States,collegescorecard.ed.gov
895.0,895.0,0.3424,1207.0,27.0,United States Merchant Marine Academy,Kings Point,NY,United States,collegescorecard.ed.gov
,,0.1245,1355.0,31.0,United States Military Academy,West  Point,NY,United States,collegescorecard.ed.gov
26930.0,26930.0,0.9195,1110.0,,Utica University,Utica,NY,United States,collegescorecard.ed.gov
71030.0,71030.0,0.1857,1494.0,33.0,Vassar College,Poughkeepsie,NY,United States,collegescorecard.ed.gov
28670.0,28670.0,0.8659,,,Villa Maria College,Buffalo,NY,United States,collegescorecard.ed.gov
51400.0,51400.0,0.9264,1320.0,26.0,School of Visual Arts,New York,NY,United States,collegescorecard.ed.gov
53200.0,53200.0,0.88,1243.0,,Wagner College,Staten Island,NY,United States,collegescorecard.ed.gov
63214.0,63214.0,0.1404,1496.0,33.0,Webb Institute,Glen Cove,NY,United States,collegescorecard.ed.gov
25191.0,25191.0,0.9442,,,The College of Westchester,White Plains,NY,United States,collegescorecard.ed.gov
5948.0,12486.0,,,,SUNY Westchester Community College,Valhalla,NY,United States,collegescorecard.ed.gov
,,,,,Westchester School of Beauty Culture,Mount Vernon,NY,United States,collegescorecard.ed.gov
11500.0,11500.0,,,,Word of Life Bible Institute,Pottersville,NY,United States,collegescorecard.ed.gov
13300.0,13300.0,,,,Yeshiva Karlin Stolin,Brooklyn,NY,United States,collegescorecard.ed.gov
12700.0,12700.0,0.8824,,,Yeshiva Derech Chaim,Brooklyn,NY,United States,collegescorecard.ed.gov
14000.0,14000.0,,,,Yeshiva of Nitra Rabbinical College,Chester,NY,United States,collegescorecard.ed.gov
19550.0,19550.0,0.7222,,,Yeshivath Shaar Hatorah,Kew Gardens,NY,United States,collegescorecard.ed.gov
51800.0,51800.0,0.5562,1426.0,,Yeshiva University,New York,NY,United States,collegescorecard.ed.gov
12000.0,12000.0,,,,Yeshivath Viznitz,Monsey,NY,United States,collegescorecard.ed.gov
10880.0,10880.0,0.3,,,Yeshivath Zichron Moshe,South Fallsburg,NY,United States,collegescorecard.ed.gov
2242.0,7652.0,,,,College of the Albemarle,Elizabeth City,NC,United States,collegescorecard.ed.gov
2022.0,6630.0,,,,South Piedmont Community College,Polkton,NC,United States,collegescorecard.ed.gov
7579.0,25212.0,0.9014,1214.0,27.0,Appalachian State University,Boone,NC,United States,collegescorecard.ed.gov
2882.0,9026.0,,,,Asheville-Buncombe Technical Community College,Asheville,NC,United States,collegescorecard.ed.gov
37250.0,37250.0,0.942,,20.0,Barton College,Wilson,NC,United States,collegescorecard.ed.gov
2540.0,8684.0,,,,Beaufort County Community College,Washington,NC,United States,collegescorecard.ed.gov
19500.0,19500.0,0.7465,1099.0,22.0,Belmont Abbey College,Belmont,NC,United States,collegescorecard.ed.gov
19140.0,19140.0,0.5066,925.0,,Bennett College,Greensboro,NC,United States,collegescorecard.ed.gov
2618.0,8762.0,,,,Bladen Community College,Dublin,NC,United States,collegescorecard.ed.gov
2660.0,8804.0,,,,Blue Ridge Community College,Flat Rock,NC,United States,collegescorecard.ed.gov
32280.0,32280.0,0.4216,1060.0,,Brevard College,Brevard,NC,United States,collegescorecard.ed.gov
2553.0,8697.0,,,,Brunswick Community College,Bolivia,NC,United States,collegescorecard.ed.gov
16550.0,16550.0,0.2338,1150.0,23.0,Cabarrus College of Health Sciences,Concord,NC,United States,collegescorecard.ed.gov
2526.0,6526.0,,,,Caldwell Community College and Technical Institute,Hudson,NC,United States,collegescorecard.ed.gov
41600.0,41600.0,0.8718,,22.0,Campbell University,Buies Creek,NC,United States,collegescorecard.ed.gov
2748.0,8892.0,,,,Cape Fear Community College,Wilmington,NC,United States,collegescorecard.ed.gov
2310.0,8222.0,,,,Carteret Community College,Morehead City,NC,United States,collegescorecard.ed.gov
34300.0,34300.0,0.7521,1096.0,22.0,Catawba College,Salisbury,NC,United States,collegescorecard.ed.gov
2427.0,7803.0,,,,Catawba Valley Community College,Hickory,NC,United States,collegescorecard.ed.gov
2711.0,8855.0,,,,Central Carolina Community College,Sanford,NC,United States,collegescorecard.ed.gov
2792.0,8936.0,,,,Central Piedmont Community College,Charlotte,NC,United States,collegescorecard.ed.gov
27910.0,27910.0,0.6879,,18.0,Chowan University,Murfreesboro,NC,United States,collegescorecard.ed.gov
2602.0,8746.0,,,,Cleveland Community College,Shelby,NC,United States,collegescorecard.ed.gov
2512.0,8656.0,,,,Coastal Carolina Community College,Jacksonville,NC,United States,collegescorecard.ed.gov
2022.0,6630.0,,,,Craven Community College,New Bern,NC,United States,collegescorecard.ed.gov
1980.0,6588.0,,,,Davidson-Davie Community College,Thomasville,NC,United States,collegescorecard.ed.gov
64410.0,64410.0,0.1337,1469.0,,Davidson College,Davidson,NC,United States,collegescorecard.ed.gov
68758.0,68758.0,0.0571,1548.0,34.0,Duke University,Durham,NC,United States,collegescorecard.ed.gov
1986.0,6594.0,,,,Durham Technical Community College,Durham,NC,United States,collegescorecard.ed.gov
7361.0,23638.0,0.8921,1180.0,,East Carolina University,Greenville,NC,United States,collegescorecard.ed.gov
2640.0,8784.0,,,,Edgecombe Community College,Tarboro,NC,United States,collegescorecard.ed.gov
6536.0,10536.0,0.6422,1019.0,17.0,Elizabeth City State University,Elizabeth City,NC,United States,collegescorecard.ed.gov
46958.0,46958.0,0.6635,1208.0,,Elon University,Elon,NC,United States,collegescorecard.ed.gov
2628.0,8772.0,,,,Fayetteville Technical Community College,Fayetteville,NC,United States,collegescorecard.ed.gov
4353.0,8353.0,0.8215,959.0,17.0,Fayetteville State University,Fayetteville,NC,United States,collegescorecard.ed.gov
2276.0,6884.0,,,,Forsyth Technical Community College,Winston-Salem,NC,United States,collegescorecard.ed.gov
34760.0,34760.0,0.7721,1113.0,21.0,Gardner-Webb University,Boiling Springs,NC,United States,collegescorecard.ed.gov
3186.0,9330.0,,,,Gaston College,Dallas,NC,United States,collegescorecard.ed.gov
21000.0,21000.0,0.7014,,,Greensboro College,Greensboro,NC,United States,collegescorecard.ed.gov
41362.0,41362.0,0.8,1105.0,20.0,Guilford College,Greensboro,NC,United States,collegescorecard.ed.gov
2320.0,7696.0,,,,Guilford Technical Community College,Jamestown,NC,United States,collegescorecard.ed.gov
2608.0,8752.0,,,,Halifax Community College,Weldon,NC,United States,collegescorecard.ed.gov
2580.0,8724.0,,,,Haywood Community College,Clyde,NC,United States,collegescorecard.ed.gov
8688.0,8688.0,,,,Heritage Bible College,Dunn,NC,United States,collegescorecard.ed.gov
45312.0,45312.0,0.7531,1288.0,26.0,High Point University,High Point,NC,United States,collegescorecard.ed.gov
2030.0,6638.0,,,,Isothermal Community College,Spindale,NC,United States,collegescorecard.ed.gov
2592.0,8736.0,,,,James Sprunt Community College,Kenansville,NC,United States,collegescorecard.ed.gov
21300.0,21300.0,0.4521,,,Johnson C Smith University,Charlotte,NC,United States,collegescorecard.ed.gov
2756.0,8900.0,,,,Johnston Community College,Smithfield,NC,United States,collegescorecard.ed.gov
33250.0,33250.0,0.7678,,23.0,Lees-McRae College,Banner Elk,NC,United States,collegescorecard.ed.gov
2578.0,8722.0,,,,Lenoir Community College,Kinston,NC,United States,collegescorecard.ed.gov
31900.0,31900.0,0.8459,,,Lenoir-Rhyne University,Hickory,NC,United States,collegescorecard.ed.gov
,,,,,Leons Beauty School Inc,Greensboro,NC,United States,collegescorecard.ed.gov
18296.0,18296.0,0.5925,,14.0,Livingstone College,Salisbury,NC,United States,collegescorecard.ed.gov
24120.0,24120.0,0.5581,,,Louisburg College,Louisburg,NC,United States,collegescorecard.ed.gov
37736.0,37736.0,0.679,,,Mars Hill University,Mars Hill,NC,United States,collegescorecard.ed.gov
2523.0,8667.0,,,,Martin Community College,Williamston,NC,United States,collegescorecard.ed.gov
2626.0,8770.0,,,,Mayland Community College,Spruce Pine,NC,United States,collegescorecard.ed.gov
2032.0,6640.0,,,,McDowell Technical Community College,Marion,NC,United States,collegescorecard.ed.gov
45630.0,45630.0,0.7418,1204.0,26.0,Meredith College,Raleigh,NC,United States,collegescorecard.ed.gov
41250.0,41250.0,0.7514,1182.0,24.0,Methodist University,Fayetteville,NC,United States,collegescorecard.ed.gov
2641.0,8785.0,,,,Mitchell Community College,Statesville,NC,United States,collegescorecard.ed.gov
2538.0,8682.0,,,,Montgomery Community College,Troy,NC,United States,collegescorecard.ed.gov
36450.0,36450.0,0.692,,25.0,Montreat College,Montreat,NC,United States,collegescorecard.ed.gov
27366.0,27366.0,0.7575,1050.0,19.0,University of Mount Olive,Mount Olive,NC,United States,collegescorecard.ed.gov
,,,,,College of Wilmington,Wilmington,NC,United States,collegescorecard.ed.gov
2866.0,8866.0,,,,Nash Community College,Rocky Mount,NC,United States,collegescorecard.ed.gov
6813.0,20673.0,0.499,1074.0,19.0,North Carolina A & T State University,Greensboro,NC,United States,collegescorecard.ed.gov
7501.0,24849.0,0.9192,1251.0,26.0,University of North Carolina Asheville,Asheville,NC,United States,collegescorecard.ed.gov
8994.0,41203.0,0.1534,1439.0,25.0,University of North Carolina at Chapel Hill,Chapel Hill,NC,United States,collegescorecard.ed.gov
7239.0,22492.0,0.796,1231.0,24.0,University of North Carolina at Charlotte,Charlotte,NC,United States,collegescorecard.ed.gov
7661.0,24012.0,0.8851,1193.0,24.0,University of North Carolina at Greensboro,Greensboro,NC,United States,collegescorecard.ed.gov
6699.0,19735.0,0.8696,1050.0,18.0,North Carolina Central University,Durham,NC,United States,collegescorecard.ed.gov
9477.0,27211.0,0.2997,1260.0,25.0,University of North Carolina School of the Arts,Winston Salem,NC,United States,collegescorecard.ed.gov
8799.0,32847.0,0.4174,1376.0,30.0,North Carolina State University at Raleigh,Raleigh,NC,United States,collegescorecard.ed.gov
35736.0,35736.0,0.8023,,18.0,North Carolina Wesleyan University,Rocky Mount,NC,United States,collegescorecard.ed.gov
7277.0,24152.0,0.6424,1287.0,26.0,University of North Carolina Wilmington,Wilmington,NC,United States,collegescorecard.ed.gov
1867.0,6475.0,,,,Pamlico Community College,Grantsboro,NC,United States,collegescorecard.ed.gov
34176.0,34176.0,0.9425,1170.0,24.0,William Peace University,Raleigh,NC,United States,collegescorecard.ed.gov
3648.0,7648.0,0.9326,1056.0,19.0,University of North Carolina at Pembroke,Pembroke,NC,United States,collegescorecard.ed.gov
35070.0,35070.0,0.9603,,22.0,Pfeiffer University,Misenheimer,NC,United States,collegescorecard.ed.gov
2556.0,8700.0,,,,Piedmont Community College,Roxboro,NC,United States,collegescorecard.ed.gov
2580.0,8724.0,,,,Pitt Community College,Winterville,NC,United States,collegescorecard.ed.gov
45846.0,45846.0,0.6208,1206.0,24.0,Queens University of Charlotte,Charlotte,NC,United States,collegescorecard.ed.gov
2416.0,8176.0,,,,Randolph Community College,Asheboro,NC,United States,collegescorecard.ed.gov
1956.0,6564.0,,,,Richmond Community College,Hamlet,NC,United States,collegescorecard.ed.gov
17280.0,17280.0,0.6216,1000.0,18.0,Mid-Atlantic Christian University,Elizabeth City,NC,United States,collegescorecard.ed.gov
2642.0,8786.0,,,,Roanoke-Chowan Community College,Ahoskie,NC,United States,collegescorecard.ed.gov
2581.0,8725.0,,,,Robeson Community College,Lumberton,NC,United States,collegescorecard.ed.gov
1966.0,6574.0,,,,Rockingham Community College,Wentworth,NC,United States,collegescorecard.ed.gov
2064.0,6672.0,,,,Rowan-Cabarrus Community College,Salisbury,NC,United States,collegescorecard.ed.gov
16896.0,16896.0,0.338,,,Saint Augustine's University,Raleigh,NC,United States,collegescorecard.ed.gov
33848.0,33848.0,0.7667,1082.0,19.0,Salem College,Winston-Salem,NC,United States,collegescorecard.ed.gov
2877.0,9789.0,,,,Sampson Community College,Clinton,NC,United States,collegescorecard.ed.gov
2040.0,6648.0,,,,Sandhills Community College,Pinehurst,NC,United States,collegescorecard.ed.gov
17538.0,17538.0,0.8016,,,Shaw University,Raleigh,NC,United States,collegescorecard.ed.gov
,,,,,Paul Mitchell the School-Fayetteville,Fayetteville,NC,United States,collegescorecard.ed.gov
2600.0,8744.0,,,,Southeastern Community College,Whiteville,NC,United States,collegescorecard.ed.gov
4112.0,13184.0,,,,Southwestern Community College,Sylva,NC,United States,collegescorecard.ed.gov
2672.0,8816.0,,,,Stanly Community College,Albemarle,NC,United States,collegescorecard.ed.gov
11318.0,11318.0,0.7463,1127.0,,Southeastern Baptist Theological Seminary,Wake Forest,NC,United States,collegescorecard.ed.gov
2668.0,8812.0,,,,Surry Community College,Dobson,NC,United States,collegescorecard.ed.gov
2592.0,8736.0,,,,Alamance Community College,Graham,NC,United States,collegescorecard.ed.gov
2636.0,8780.0,,,,Tri-County Community College,Murphy,NC,United States,collegescorecard.ed.gov
1944.0,6552.0,,,,Vance-Granville Community College,Henderson,NC,United States,collegescorecard.ed.gov
67642.0,67642.0,0.2167,1475.0,,Wake Forest University,Winston-Salem,NC,United States,collegescorecard.ed.gov
2254.0,6862.0,,,,Wake Technical Community College,Raleigh,NC,United States,collegescorecard.ed.gov
41500.0,41500.0,0.7134,1350.0,27.0,Warren Wilson College,Swannanoa,NC,United States,collegescorecard.ed.gov
,,,,,Watts College of Nursing,Durham,NC,United States,collegescorecard.ed.gov
2566.0,8710.0,,,,Wayne Community College,Goldsboro,NC,United States,collegescorecard.ed.gov
2650.0,8794.0,,,,Western Piedmont Community College,Morganton,NC,United States,collegescorecard.ed.gov
2572.0,8716.0,,,,Wilkes Community College,Wilkesboro,NC,United States,collegescorecard.ed.gov
2572.0,8716.0,,,,Wilson Community College,Wilson,NC,United States,collegescorecard.ed.gov
41636.0,41636.0,0.9113,1111.0,,Wingate University,Wingate,NC,United States,collegescorecard.ed.gov
9970.0,9970.0,,,,Carolina Christian College,Winston Salem,NC,United States,collegescorecard.ed.gov
,,,,,Winston Salem Barber School,Winston-Salem,NC,United States,collegescorecard.ed.gov
6126.0,16782.0,0.7826,945.0,17.0,Winston-Salem State University,Winston-Salem,NC,United States,collegescorecard.ed.gov
4630.0,8630.0,0.8183,1157.0,22.0,Western Carolina University,Cullowhee,NC,United States,collegescorecard.ed.gov
13957.0,13957.0,,,,Rasmussen University-North Dakota,Fargo,ND,United States,collegescorecard.ed.gov
5247.0,7331.0,,,,Bismarck State College,Bismarck,ND,United States,collegescorecard.ed.gov
9118.0,9118.0,0.3702,,19.0,Dickinson State University,Dickinson,ND,United States,collegescorecard.ed.gov
3870.0,3870.0,,,,Nueta Hidatsa Sahnish College,New Town,ND,United States,collegescorecard.ed.gov
,,,,,Josef's School of Hair Skin & Body-Grand Forks,Grand Forks,ND,United States,collegescorecard.ed.gov
24990.0,24990.0,0.8808,,21.0,University of Jamestown,Jamestown,ND,United States,collegescorecard.ed.gov
5520.0,5520.0,,,,Lake Region State College,Devils Lake,ND,United States,collegescorecard.ed.gov
3950.0,3950.0,,,,Cankdeska Cikana Community College,Fort Totten,ND,United States,collegescorecard.ed.gov
22356.0,22356.0,0.753,1159.0,,University of Mary,Bismarck,ND,United States,collegescorecard.ed.gov
7979.0,11237.0,,,20.0,Mayville State University,Mayville,ND,United States,collegescorecard.ed.gov
8702.0,8702.0,0.6462,1051.0,20.0,Minot State University,Minot,ND,United States,collegescorecard.ed.gov
10951.0,15570.0,0.769,,23.0,University of North Dakota,Grand Forks,ND,United States,collegescorecard.ed.gov
5974.0,6973.0,,,,North Dakota State College of Science,Wahpeton,ND,United States,collegescorecard.ed.gov
5388.0,6294.0,,,,Dakota College at Bottineau,Bottineau,ND,United States,collegescorecard.ed.gov
11110.0,15764.0,0.9496,1150.0,23.0,North Dakota State University-Main Campus,Fargo,ND,United States,collegescorecard.ed.gov
6128.0,6128.0,,,,Williston State College,Williston,ND,United States,collegescorecard.ed.gov
4010.0,4010.0,,,,Sitting Bull College,Fort Yates,ND,United States,collegescorecard.ed.gov
19700.0,19700.0,0.2575,,,Trinity Bible College and Graduate School,Ellendale,ND,United States,collegescorecard.ed.gov
2794.0,2794.0,,,,Turtle Mountain College,Belcourt,ND,United States,collegescorecard.ed.gov
4632.0,4632.0,,,,United Tribes Technical College,Bismarck,ND,United States,collegescorecard.ed.gov
8514.0,13544.0,0.9907,1041.0,20.0,Valley City State University,Valley City,ND,United States,collegescorecard.ed.gov
11350.0,11350.0,,,,ETI Technical College of Niles,Niles,OH,United States,collegescorecard.ed.gov
,,,,,Air Force Institute of Technology-Graduate School of Engineering & Management,Wright-Patterson AFB,OH,United States,collegescorecard.ed.gov
13450.0,13450.0,0.9457,,,Herzing University-Akron,Akron,OH,United States,collegescorecard.ed.gov
13135.0,20815.0,0.5967,1081.0,,University of Akron Main Campus,Akron,OH,United States,collegescorecard.ed.gov
7723.0,15403.0,0.8992,1040.0,,University of Akron Wayne College,Orrville,OH,United States,collegescorecard.ed.gov
6800.0,6800.0,,,,Allegheny Wesleyan College,Salem,OH,United States,collegescorecard.ed.gov
,,,,,Apollo Career Center,Lima,OH,United States,collegescorecard.ed.gov
41375.0,41375.0,0.3449,,,Art Academy of Cincinnati,Cincinnati,OH,United States,collegescorecard.ed.gov
,,,,,Ashland County-West Holmes Career Center,Ashland,OH,United States,collegescorecard.ed.gov
31210.0,31210.0,0.764,1120.0,23.0,Ashland University,Ashland,OH,United States,collegescorecard.ed.gov
,,,,,Ashtabula County Technical and Career Campus,Jefferson,OH,United States,collegescorecard.ed.gov
,,,,,Athenaeum of Ohio,Cincinnati,OH,United States,collegescorecard.ed.gov
,,,,,Auburn Career Center,Concord Twp,OH,United States,collegescorecard.ed.gov
20230.0,20230.0,0.4588,1020.0,21.0,Aultman College of Nursing and Health Sciences,Canton,OH,United States,collegescorecard.ed.gov
39832.0,39832.0,0.757,1194.0,24.0,Baldwin Wallace University,Berea,OH,United States,collegescorecard.ed.gov
4698.0,7200.0,,,,Belmont College,St Clairsville,OH,United States,collegescorecard.ed.gov
37362.0,37362.0,0.6723,976.0,,Bluffton University,Bluffton,OH,United States,collegescorecard.ed.gov
6407.0,14395.0,,,,Bowling Green State University-Firelands,Huron,OH,United States,collegescorecard.ed.gov
14460.0,22448.0,0.8096,1117.0,23.0,Bowling Green State University-Main Campus,Bowling Green,OH,United States,collegescorecard.ed.gov
19580.0,19580.0,,,,Bryant & Stratton College-Parma,Parma,OH,United States,collegescorecard.ed.gov
,,,,,Buckeye Hills Career Center,Rio Grande,OH,United States,collegescorecard.ed.gov
,,,,,Butler Technology and Career Development Schools,Monroe,OH,United States,collegescorecard.ed.gov
,,0.625,,,Canton City Schools Adult Career and Technical Education,Canton,OH,United States,collegescorecard.ed.gov
43234.0,43234.0,0.7022,1068.0,23.0,Capital University,Columbus,OH,United States,collegescorecard.ed.gov
66608.0,66608.0,0.3654,1513.0,34.0,Case Western Reserve University,Cleveland,OH,United States,collegescorecard.ed.gov
37150.0,37150.0,0.6529,1241.0,26.0,Cedarville University,Cedarville,OH,United States,collegescorecard.ed.gov
5256.0,8016.0,,,,Central Ohio Technical College,Newark,OH,United States,collegescorecard.ed.gov
,,,,,Central School of Practical Nursing,Independence,OH,United States,collegescorecard.ed.gov
8058.0,10058.0,0.9861,,16.0,Central State University,Wilberforce,OH,United States,collegescorecard.ed.gov
14415.0,14415.0,1.0,,,Choffin Career  and Technical Center,Youngstown,OH,United States,collegescorecard.ed.gov
16836.0,16836.0,0.5894,1090.0,20.0,The Christ College of Nursing and Health Sciences,Cincinnati,OH,United States,collegescorecard.ed.gov
,,,,,Cincinnati College of Mortuary Science,Cincinnati,OH,United States,collegescorecard.ed.gov
13976.0,29310.0,0.8529,1282.0,27.0,University of Cincinnati-Main Campus,Cincinnati,OH,United States,collegescorecard.ed.gov
5517.0,10044.0,,,,Cincinnati State Technical and Community College,Cincinnati,OH,United States,collegescorecard.ed.gov
6750.0,13982.0,,,,University of Cincinnati-Clermont College,Batavia,OH,United States,collegescorecard.ed.gov
7200.0,15998.0,,,,University of Cincinnati-Blue Ash College,Blue Ash,OH,United States,collegescorecard.ed.gov
24600.0,24600.0,0.3797,,,Ohio Christian University,Circleville,OH,United States,collegescorecard.ed.gov
4393.0,8049.0,,,,Clark State College,Springfield,OH,United States,collegescorecard.ed.gov
49400.0,49400.0,0.6135,1193.0,23.0,Cleveland Institute of Art,Cleveland,OH,United States,collegescorecard.ed.gov
52880.0,52880.0,0.4731,,,Cleveland Institute of Music,Cleveland,OH,United States,collegescorecard.ed.gov
12988.0,18510.0,0.913,,23.0,Cleveland State University,Cleveland,OH,United States,collegescorecard.ed.gov
,,,,,Columbiana County Career and Technical Center,Lisbon,OH,United States,collegescorecard.ed.gov
40825.0,40825.0,0.6766,,,Columbus College of Art & Design,Columbus,OH,United States,collegescorecard.ed.gov
5488.0,11224.0,,,,Columbus State Community College,Columbus,OH,United States,collegescorecard.ed.gov
3249.0,7249.0,,,,Cuyahoga Community College District,Cleveland,OH,United States,collegescorecard.ed.gov
14130.0,14130.0,,,,Davis College,Toledo,OH,United States,collegescorecard.ed.gov
,,,,,Dayton Barber College,Miamisburg,OH,United States,collegescorecard.ed.gov
49140.0,49140.0,0.6545,1335.0,26.0,University of Dayton,Dayton,OH,United States,collegescorecard.ed.gov
29320.0,29320.0,0.4755,,20.0,Defiance College,Defiance,OH,United States,collegescorecard.ed.gov
67000.0,67000.0,0.1739,1410.0,30.0,Denison University,Granville,OH,United States,collegescorecard.ed.gov
4499.0,8346.0,,,,Edison State Community College,Piqua,OH,United States,collegescorecard.ed.gov
,,,,,EHOVE Career Center,Milan,OH,United States,collegescorecard.ed.gov
41164.0,41164.0,0.8337,,23.0,The University of Findlay,Findlay,OH,United States,collegescorecard.ed.gov
9577.0,9577.0,,,,Franklin University,Columbus,OH,United States,collegescorecard.ed.gov
,,,,,Gerbers Akron Beauty School,Akron,OH,United States,collegescorecard.ed.gov
7710.0,7710.0,0.7532,,,Gods Bible School and College,Cincinnati,OH,United States,collegescorecard.ed.gov
15470.0,15470.0,0.4574,,21.0,Good Samaritan College of Nursing and Health Science,Cincinnati,OH,United States,collegescorecard.ed.gov
,,,,,Great Oaks Career Campuses,Cincinnati,OH,United States,collegescorecard.ed.gov
,,1.0,,,Adult and Community Education-Hudson,Columbus,OH,United States,collegescorecard.ed.gov
,,,,,Hebrew Union College-Jewish Institute of Religion,New York,NY,United States,collegescorecard.ed.gov
33650.0,33650.0,0.8579,,22.0,Heidelberg University,Tiffin,OH,United States,collegescorecard.ed.gov
27600.0,27600.0,0.9353,,,Hiram College,Hiram,OH,United States,collegescorecard.ed.gov
,,,,,Hobart Institute of Welding Technology,Troy,OH,United States,collegescorecard.ed.gov
5540.0,10290.0,,,,Hocking College,Nelsonville,OH,United States,collegescorecard.ed.gov
,,,,,Ross Medical Education Center-Cincinnati,Cincinnati,OH,United States,collegescorecard.ed.gov
50500.0,50500.0,0.809,1298.0,27.0,John Carroll University,University Heights,OH,United States,collegescorecard.ed.gov
14817.0,14817.0,0.8529,,,Hondros College of Nursing,Columbus,OH,United States,collegescorecard.ed.gov
,,,,,Casal Aveda Institute,Niles,OH,United States,collegescorecard.ed.gov
7492.0,17342.0,,,,Kent State University at Ashtabula,Ashtabula,OH,United States,collegescorecard.ed.gov
7492.0,17342.0,,,,Kent State University at East Liverpool,East Liverpool,OH,United States,collegescorecard.ed.gov
7492.0,17342.0,,,,Kent State University at Stark,North Canton,OH,United States,collegescorecard.ed.gov
7492.0,17342.0,,,,Kent State University at Trumbull,Warren,OH,United States,collegescorecard.ed.gov
7492.0,17342.0,,,,Kent State University at Tuscarawas,New Philadelphia,OH,United States,collegescorecard.ed.gov
7492.0,17342.0,,,,Kent State University at Salem,Salem,OH,United States,collegescorecard.ed.gov
13232.0,23082.0,0.8634,1099.0,22.0,Kent State University at Kent,Kent,OH,United States,collegescorecard.ed.gov
7492.0,17342.0,,,,Kent State University at Geauga,Burton,OH,United States,collegescorecard.ed.gov
71520.0,71520.0,0.3103,1429.0,33.0,Kenyon College,Gambier,OH,United States,collegescorecard.ed.gov
16320.0,16320.0,0.7654,1050.0,20.0,Kettering College,Kettering,OH,United States,collegescorecard.ed.gov
37634.0,37634.0,0.7036,,20.0,Lake Erie College,Painesville,OH,United States,collegescorecard.ed.gov
3872.0,9235.0,,,,Lakeland Community College,Kirtland,OH,United States,collegescorecard.ed.gov
,,,,,Collins Career Technical Center,Chesapeake,OH,United States,collegescorecard.ed.gov
4560.0,9120.0,,,,James A. Rhodes State College,Lima,OH,United States,collegescorecard.ed.gov
11534.0,11534.0,,,,Ohio Business College-Sheffield,Sheffield Village,OH,United States,collegescorecard.ed.gov
4265.0,8860.0,,,,Lorain County Community College,Elyria,OH,United States,collegescorecard.ed.gov
29500.0,29500.0,0.7413,,20.0,Lourdes University,Sylvania,OH,United States,collegescorecard.ed.gov
37160.0,37160.0,0.7586,1081.0,21.0,Malone University,Canton,OH,United States,collegescorecard.ed.gov
39652.0,39652.0,0.7931,1088.0,21.0,Marietta College,Marietta,OH,United States,collegescorecard.ed.gov
6595.0,11225.0,,,,Marion Technical College,Marion,OH,United States,collegescorecard.ed.gov
,,,,,Medina County Career Center,Medina,OH,United States,collegescorecard.ed.gov
19470.0,19470.0,0.9322,947.0,19.0,Mercy College of Ohio,Toledo,OH,United States,collegescorecard.ed.gov
,,,,,Methodist Theological School in Ohio,Delaware,OH,United States,collegescorecard.ed.gov
7491.0,19407.0,,,,Miami University-Hamilton,Hamilton,OH,United States,collegescorecard.ed.gov
7491.0,19407.0,,,,Miami University-Middletown,Middletown,OH,United States,collegescorecard.ed.gov
18161.0,41221.0,0.754,1317.0,27.0,Miami University-Oxford,Oxford,OH,United States,collegescorecard.ed.gov
,,,,,Moler Hollywood Beauty Academy,Cincinnati,OH,United States,collegescorecard.ed.gov
22080.0,22080.0,0.8429,,19.0,Mount Carmel College of Nursing,Columbus,OH,United States,collegescorecard.ed.gov
36600.0,36600.0,0.782,1088.0,22.0,University of Mount Union,Alliance,OH,United States,collegescorecard.ed.gov
37158.0,37158.0,0.8415,1131.0,22.0,Mount Vernon Nazarene University,Mount Vernon,OH,United States,collegescorecard.ed.gov
38150.0,38150.0,0.5912,1183.0,24.0,Mount St. Joseph University,Cincinnati,OH,United States,collegescorecard.ed.gov
6006.0,11766.0,,,,Zane State College,Zanesville,OH,United States,collegescorecard.ed.gov
32665.0,32665.0,0.8184,1017.0,,Muskingum University,New Concord,OH,United States,collegescorecard.ed.gov
,,,,,National Beauty College,Canton,OH,United States,collegescorecard.ed.gov
4624.0,9103.0,,,,North Central State College,Mansfield,OH,United States,collegescorecard.ed.gov
,,,,,Northern Institute of Cosmetology,Lorain,OH,United States,collegescorecard.ed.gov
4698.0,9170.0,,,,Northwest State Community College,Archbold,OH,United States,collegescorecard.ed.gov
,,,,,Toledo Public Schools Adult and Continuing Education,Toledo,OH,United States,collegescorecard.ed.gov
,,,,,Northeast Ohio Medical University,Rootstown,OH,United States,collegescorecard.ed.gov
13875.0,13875.0,,,,University of Northwestern Ohio,Lima,OH,United States,collegescorecard.ed.gov
67366.0,67366.0,0.3418,1447.0,32.0,Oberlin College,Oberlin,OH,United States,collegescorecard.ed.gov
,,,,,Ohio Technical College,Cleveland,OH,United States,collegescorecard.ed.gov
35720.0,35720.0,0.9423,,,Ohio Dominican University,Columbus,OH,United States,collegescorecard.ed.gov
39800.0,39800.0,0.744,1252.0,25.0,Ohio Northern University,Ada,OH,United States,collegescorecard.ed.gov
9584.0,36362.0,,,,Ohio State University Agricultural Technical Institute,Wooster,OH,United States,collegescorecard.ed.gov
9488.0,36266.0,,,,Ohio State University-Lima Campus,Lima,OH,United States,collegescorecard.ed.gov
9488.0,36266.0,,,,Ohio State University-Mansfield Campus,Mansfield,OH,United States,collegescorecard.ed.gov
9488.0,36266.0,,,,Ohio State University-Marion Campus,Marion,OH,United States,collegescorecard.ed.gov
9488.0,36266.0,,,,Ohio State University-Newark Campus,Newark,OH,United States,collegescorecard.ed.gov
,,,,,Ohio State Beauty Academy,Lima,OH,United States,collegescorecard.ed.gov
,,,,,Ohio State College of Barber Styling,Columbus,OH,United States,collegescorecard.ed.gov
,,,,,The Spa School,Columbus,OH,United States,collegescorecard.ed.gov
,,,,,Ohio State School of Cosmetology-Canal Winchester,CANAL WINCHESTER,OH,United States,collegescorecard.ed.gov
13244.0,40022.0,0.6057,1387.0,29.0,Ohio State University-Main Campus,Columbus,OH,United States,collegescorecard.ed.gov
6362.0,9444.0,,,,Ohio University-Eastern Campus,Saint Clairsville,OH,United States,collegescorecard.ed.gov
6362.0,9444.0,,,,Ohio University-Chillicothe Campus,Chillicothe,OH,United States,collegescorecard.ed.gov
6362.0,9444.0,,,,Ohio University-Southern Campus,Ironton,OH,United States,collegescorecard.ed.gov
6362.0,9444.0,,,,Ohio University-Lancaster Campus,Lancaster,OH,United States,collegescorecard.ed.gov
14158.0,24838.0,0.8499,1212.0,25.0,Ohio University-Main Campus,Athens,OH,United States,collegescorecard.ed.gov
6362.0,9444.0,,,,Ohio University-Zanesville Campus,Zanesville,OH,United States,collegescorecard.ed.gov
14798.0,14798.0,,,,East Ohio College,East Liverpool,OH,United States,collegescorecard.ed.gov
9619.0,10453.0,1.0,,,Trinity Health System School of Nursing,Steubenville,OH,United States,collegescorecard.ed.gov
53888.0,53888.0,0.556,,25.0,Ohio Wesleyan University,Delaware,OH,United States,collegescorecard.ed.gov
35548.0,35548.0,0.8453,1220.0,23.0,Otterbein University,Westerville,OH,United States,collegescorecard.ed.gov
5870.0,10502.0,,,,Owens Community College,Perrysburg,OH,United States,collegescorecard.ed.gov
,,,,,Paramount Beauty Academy,Portsmouth,OH,United States,collegescorecard.ed.gov
,,,,,Cuyahoga Valley Career Center,Brecksville,OH,United States,collegescorecard.ed.gov
,,,,,Payne Theological Seminary,Wilberforce,OH,United States,collegescorecard.ed.gov
28691.0,28691.0,0.9583,,,Pontifical College Josephinum,Columbus,OH,United States,collegescorecard.ed.gov
15884.0,15884.0,0.8312,,,Professional Skills Institute,Maumee,OH,United States,collegescorecard.ed.gov
,,,,,Firelands Regional Medical Center School of Nursing,Sandusky,OH,United States,collegescorecard.ed.gov
18000.0,18000.0,0.8333,,,Rabbinical College Telshe,Wickliffe,OH,United States,collegescorecard.ed.gov
,,,,,Raphael's School of Beauty Culture Inc-Niles,Niles,OH,United States,collegescorecard.ed.gov
14440.0,14440.0,,,,Fortis College-Centerville,Centerville,OH,United States,collegescorecard.ed.gov
20560.0,20560.0,,,,University of Rio Grande,Rio Grande,OH,United States,collegescorecard.ed.gov
31468.0,31468.0,0.917,,,The Modern College of Design,Kettering,OH,United States,collegescorecard.ed.gov
10626.0,17358.0,,,,Shawnee State University,Portsmouth,OH,United States,collegescorecard.ed.gov
3675.0,8556.0,,,,Sinclair Community College,Dayton,OH,United States,collegescorecard.ed.gov
4790.0,7886.0,,,,Stark State College,North Canton,OH,United States,collegescorecard.ed.gov
16699.0,16699.0,,,,Stautzenberger College-Maumee,Maumee,OH,United States,collegescorecard.ed.gov
34100.0,34100.0,0.5836,1220.0,25.0,Franciscan University of Steubenville,Steubenville,OH,United States,collegescorecard.ed.gov
5912.0,10818.0,,,,Southern State Community College,Hillsboro,OH,United States,collegescorecard.ed.gov
5748.0,8544.0,,,,Terra State Community College,Fremont,OH,United States,collegescorecard.ed.gov
,,,,,Tiffin Academy of Hair Design,Tiffin,OH,United States,collegescorecard.ed.gov
34790.0,34790.0,0.8005,986.0,,Tiffin University,Tiffin,OH,United States,collegescorecard.ed.gov
12744.0,22104.0,0.9202,1235.0,25.0,University of Toledo,Toledo,OH,United States,collegescorecard.ed.gov
9100.0,9100.0,,,,Tri-State Bible College,South Point,OH,United States,collegescorecard.ed.gov
,,,,,Tri-County Adult Career Center,Nelsonville,OH,United States,collegescorecard.ed.gov
,,,,,Tri-Rivers Career Center,Marion,OH,United States,collegescorecard.ed.gov
,,,,,United Theological Seminary,Dayton,OH,United States,collegescorecard.ed.gov
,,,,,Upper Valley Career Center,Piqua,OH,United States,collegescorecard.ed.gov
38990.0,38990.0,0.7493,1097.0,23.0,Ursuline College,Pepper Pike,OH,United States,collegescorecard.ed.gov
35745.0,35745.0,0.7074,1193.0,23.0,Walsh University,North Canton,OH,United States,collegescorecard.ed.gov
4128.0,4152.0,,,,Washington State College of Ohio,Marietta,OH,United States,collegescorecard.ed.gov
16448.0,16448.0,0.405,,18.0,Wilberforce University,Wilberforce,OH,United States,collegescorecard.ed.gov
32082.0,32082.0,0.924,1029.0,20.0,Wilmington College,Wilmington,OH,United States,collegescorecard.ed.gov
,,,,,Winebrenner Theological Seminary,Findlay,OH,United States,collegescorecard.ed.gov
45940.0,45940.0,0.7235,1179.0,23.0,Wittenberg University,Springfield,OH,United States,collegescorecard.ed.gov
61640.0,61640.0,0.5953,1353.0,29.0,The College of Wooster,Wooster,OH,United States,collegescorecard.ed.gov
11522.0,21222.0,0.9633,,21.0,Wright State University-Main Campus,Dayton,OH,United States,collegescorecard.ed.gov
7728.0,17428.0,,,21.0,Wright State University-Lake Campus,Celina,OH,United States,collegescorecard.ed.gov
50640.0,50640.0,0.8641,1217.0,25.0,Xavier University,Cincinnati,OH,United States,collegescorecard.ed.gov
11113.0,11473.0,0.8445,1120.0,21.0,Youngstown State University,Youngstown,OH,United States,collegescorecard.ed.gov
33550.0,33550.0,0.6617,,20.0,Oklahoma Wesleyan University,Bartlesville,OK,United States,collegescorecard.ed.gov
31190.0,31190.0,,,,Southern Nazarene University,Bethany,OK,United States,collegescorecard.ed.gov
,,,,,Pontotoc Technology Center,Ada,OK,United States,collegescorecard.ed.gov
7095.0,16515.0,,,,Cameron University,Lawton,OK,United States,collegescorecard.ed.gov
4380.0,9098.0,,,,Carl Albert State College,Poteau,OK,United States,collegescorecard.ed.gov
,,,,,Central Oklahoma College,Oklahoma City,OK,United States,collegescorecard.ed.gov
8818.0,19704.0,0.7812,1090.0,21.0,University of Central Oklahoma,Edmond,OK,United States,collegescorecard.ed.gov
3792.0,7530.0,,,,Connors State College,Warner,OK,United States,collegescorecard.ed.gov
8032.0,17842.0,0.5815,1049.0,20.0,East Central University,Ada,OK,United States,collegescorecard.ed.gov
4947.0,8384.0,,,,Eastern Oklahoma State College,Wilburton,OK,United States,collegescorecard.ed.gov
5385.0,7951.0,,,,Redlands Community College,El Reno,OK,United States,collegescorecard.ed.gov
,,,,,Formations Institute,Enid,OK,United States,collegescorecard.ed.gov
,,,,,Eves College of Hairstyling,Lawton,OK,United States,collegescorecard.ed.gov
17714.0,17714.0,0.5786,980.0,18.0,Randall University,Moore,OK,United States,collegescorecard.ed.gov
6863.0,14616.0,,,,Langston University,Langston,OK,United States,collegescorecard.ed.gov
7230.0,11430.0,,,,Murray State College,Tishomingo,OK,United States,collegescorecard.ed.gov
20940.0,20940.0,,,,Spartan College of Aeronautics and Technology,Tulsa,OK,United States,collegescorecard.ed.gov
7810.0,17290.0,0.9959,1049.0,20.0,Northeastern State University,Tahlequah,OK,United States,collegescorecard.ed.gov
5083.0,12202.0,,,,Northern Oklahoma College,Tonkawa,OK,United States,collegescorecard.ed.gov
5213.0,11363.0,,,,Northeastern Oklahoma A&M College,Miami,OK,United States,collegescorecard.ed.gov
5970.0,11664.0,0.6545,1003.0,20.0,Northwestern Oklahoma State University,Alva,OK,United States,collegescorecard.ed.gov
,,,,,Oklahoma State University Center for Health Sciences,Tulsa,OK,United States,collegescorecard.ed.gov
27180.0,27180.0,0.9654,1122.0,23.0,Oklahoma Christian University,Edmond,OK,United States,collegescorecard.ed.gov
,,,,,University of Oklahoma-Health Sciences Center,Oklahoma City,OK,United States,collegescorecard.ed.gov
8092.0,8673.0,,,,Oklahoma Panhandle State University,Goodwell,OK,United States,collegescorecard.ed.gov
10234.0,25754.0,0.7504,1150.0,24.0,Oklahoma State University-Main Campus,Stillwater,OK,United States,collegescorecard.ed.gov
3779.0,9564.0,,,,Oklahoma State University-Oklahoma City,Oklahoma City,OK,United States,collegescorecard.ed.gov
35570.0,35570.0,0.4941,1024.0,22.0,Oklahoma Baptist University,Shawnee,OK,United States,collegescorecard.ed.gov
4059.0,9810.0,,,,Oklahoma City Community College,Oklahoma City,OK,United States,collegescorecard.ed.gov
35648.0,35648.0,0.7702,1177.0,25.0,Oklahoma City University,Oklahoma City,OK,United States,collegescorecard.ed.gov
9797.0,27377.0,0.766,1246.0,26.0,University of Oklahoma-Norman Campus,Norman,OK,United States,collegescorecard.ed.gov
5774.0,11384.0,,,,Oklahoma State University Institute of Technology,Okmulgee,OK,United States,collegescorecard.ed.gov
35470.0,35470.0,0.989,1196.0,23.0,Oral Roberts University,Tulsa,OK,United States,collegescorecard.ed.gov
7750.0,16410.0,,,,Rogers State University,Claremore,OK,United States,collegescorecard.ed.gov
5030.0,11407.0,,,,Rose State College,Midwest City,OK,United States,collegescorecard.ed.gov
,,,,,Jenks Beauty College,Jenks,OK,United States,collegescorecard.ed.gov
9000.0,20190.0,0.6582,1152.0,,University of Science and Arts of Oklahoma,Chickasha,OK,United States,collegescorecard.ed.gov
5460.0,11790.0,,,,Seminole State College,Seminole,OK,United States,collegescorecard.ed.gov
,,,,,Southern School of Beauty Inc,Durant,OK,United States,collegescorecard.ed.gov
7530.0,16740.0,0.7643,1087.0,20.0,Southeastern Oklahoma State University,Durant,OK,United States,collegescorecard.ed.gov
21900.0,21900.0,,,,Southwestern Christian University,Bethany,OK,United States,collegescorecard.ed.gov
8469.0,8499.0,,,20.0,Southwestern Oklahoma State University,Weatherford,OK,United States,collegescorecard.ed.gov
3792.0,9720.0,,,,Tulsa Community College,Tulsa,OK,United States,collegescorecard.ed.gov
,,,,,Tulsa Welding School-Tulsa,Tulsa,OK,United States,collegescorecard.ed.gov
50061.0,50061.0,0.6151,1389.0,26.0,University of Tulsa,Tulsa,OK,United States,collegescorecard.ed.gov
5586.0,9954.0,,,,Western Oklahoma State College,Altus,OK,United States,collegescorecard.ed.gov
,,,,,Formations Institute of Cosmetology & Barbering,Woodward,OK,United States,collegescorecard.ed.gov
,,,,,High Plains Technology Center,Woodward,OK,United States,collegescorecard.ed.gov
7076.0,9754.0,,,,Blue Mountain Community College,Pendleton,OR,United States,collegescorecard.ed.gov
5049.0,13545.0,,,,Central Oregon Community College,Bend,OR,United States,collegescorecard.ed.gov
6345.0,14040.0,,,,Chemeketa Community College,Salem,OR,United States,collegescorecard.ed.gov
6345.0,14265.0,,,,Clackamas Community College,Oregon City,OR,United States,collegescorecard.ed.gov
5110.0,9610.0,,,,Clatsop Community College,Astoria,OR,United States,collegescorecard.ed.gov
,,,,,College of Hair Design Careers,Salem,OR,United States,collegescorecard.ed.gov
,,0.8889,,,Sumner College,Portland,OR,United States,collegescorecard.ed.gov
,,,,,East West College of the Healing Arts,Portland,OR,United States,collegescorecard.ed.gov
11076.0,25431.0,0.9831,,,Eastern Oregon University,La Grande,OR,United States,collegescorecard.ed.gov
17620.0,17620.0,0.8,,,New Hope Christian College-Eugene,Eugene,OR,United States,collegescorecard.ed.gov
42750.0,42750.0,0.9351,1197.0,23.0,George Fox University,Newberg,OR,United States,collegescorecard.ed.gov
,,,,,Phagans Grants Pass College of Beauty,Grants Pass,OR,United States,collegescorecard.ed.gov
6202.0,13078.0,,,,Lane Community College,Eugene,OR,United States,collegescorecard.ed.gov
64828.0,64828.0,0.7849,,30.0,Lewis & Clark College,Portland,OR,United States,collegescorecard.ed.gov
50850.0,50850.0,0.8517,,,Linfield University,McMinnville,OR,United States,collegescorecard.ed.gov
7317.0,15901.0,,,,Linn-Benton Community College,Albany,OR,United States,collegescorecard.ed.gov
,,,,,Northwest College-Beaverton,Beaverton,OR,United States,collegescorecard.ed.gov
,,,,,Northwest College-Clackamas,Happy Valley,OR,United States,collegescorecard.ed.gov
31490.0,31490.0,1.0,,,Mount Angel Seminary,Saint Benedict,OR,United States,collegescorecard.ed.gov
5247.0,9819.0,,,,Mt Hood Community College,Gresham,OR,United States,collegescorecard.ed.gov
,,,,,National University of Natural Medicine,Portland,OR,United States,collegescorecard.ed.gov
35800.0,35800.0,0.6728,1020.0,18.0,Bushnell University,Eugene,OR,United States,collegescorecard.ed.gov
,,,,,Oregon Health & Science University,Portland,OR,United States,collegescorecard.ed.gov
13260.0,37196.0,0.9502,1150.0,25.0,Oregon Institute of Technology,Klamath Falls,OR,United States,collegescorecard.ed.gov
14400.0,38190.0,0.773,1290.0,25.0,Oregon State University,Corvallis,OR,United States,collegescorecard.ed.gov
16137.0,44598.0,0.883,1272.0,,University of Oregon,Eugene,OR,United States,collegescorecard.ed.gov
49006.0,49006.0,0.7485,,,Pacific Northwest College of Art,Portland,OR,United States,collegescorecard.ed.gov
56374.0,56374.0,0.8956,1090.0,23.0,Pacific University,Forest Grove,OR,United States,collegescorecard.ed.gov
,,,,,Phagans Beauty College,Corvallis,OR,United States,collegescorecard.ed.gov
,,,,,Phagans Central Oregon Beauty College,Bend,OR,United States,collegescorecard.ed.gov
,,,,,Phagans School of Beauty,Salem,OR,United States,collegescorecard.ed.gov
,,,,,Phagans School of Hair Design,Happy Valley,OR,United States,collegescorecard.ed.gov
,,,,,Summit Salon Academy-Portland,Tigard,OR,United States,collegescorecard.ed.gov
5220.0,10440.0,,,,Portland Community College,Portland,OR,United States,collegescorecard.ed.gov
11679.0,31074.0,0.9087,,21.0,Portland State University,Portland,OR,United States,collegescorecard.ed.gov
58100.0,58100.0,0.8917,1277.0,29.0,University of Portland,Portland,OR,United States,collegescorecard.ed.gov
69350.0,69350.0,0.2461,1437.0,,Reed College,Portland,OR,United States,collegescorecard.ed.gov
5256.0,6300.0,,,,Rogue Community College,Grants Pass,OR,United States,collegescorecard.ed.gov
12762.0,31887.0,0.8862,,22.0,Southern Oregon University,Ashland,OR,United States,collegescorecard.ed.gov
7192.0,7192.0,,,,Southwestern Oregon Community College,Coos Bay,OR,United States,collegescorecard.ed.gov
6345.0,6795.0,,,,Treasure Valley Community College,Ontario,OR,United States,collegescorecard.ed.gov
6104.0,6104.0,,,,Umpqua Community College,Roseburg,OR,United States,collegescorecard.ed.gov
22220.0,22220.0,0.7114,,,Warner Pacific University,Portland,OR,United States,collegescorecard.ed.gov
40280.0,40280.0,0.939,,24.0,Corban University,Salem,OR,United States,collegescorecard.ed.gov
,,,,,Western Seminary,Portland,OR,United States,collegescorecard.ed.gov
51156.0,51156.0,0.7709,1377.0,,Willamette University,Salem,OR,United States,collegescorecard.ed.gov
11879.0,32534.0,0.981,,,Western Oregon University,Monmouth,OR,United States,collegescorecard.ed.gov
,,,,,University of Western States,Portland,OR,United States,collegescorecard.ed.gov
28917.0,28917.0,0.8294,,28.0,Bryn Athyn College of the New Church,Bryn Athyn,PA,United States,collegescorecard.ed.gov
,,,,,Academy of Vocal Arts,Philadelphia,PA,United States,collegescorecard.ed.gov
29082.0,29082.0,0.7633,,,Albright College,Reading,PA,United States,collegescorecard.ed.gov
,,,,,All-State Career School,Essington,PA,United States,collegescorecard.ed.gov
4842.0,12583.0,,,,Community College of Allegheny County,Pittsburgh,PA,United States,collegescorecard.ed.gov
56550.0,56550.0,0.5457,1275.0,26.0,Allegheny College,Meadville,PA,United States,collegescorecard.ed.gov
,,,,,The  Beauty Institute,Whitehall,PA,United States,collegescorecard.ed.gov
46800.0,46800.0,0.7709,1186.0,26.0,DeSales University,Center Valley,PA,United States,collegescorecard.ed.gov
,,,,,Altoona Beauty School Inc,Altoona,PA,United States,collegescorecard.ed.gov
45000.0,45000.0,0.5806,1170.0,,Alvernia University,Reading,PA,United States,collegescorecard.ed.gov
,,,,,The Beauty Institute-Ambler,Ambler,PA,United States,collegescorecard.ed.gov
,,,,,American College of Financial Services,King of Prussia,PA,United States,collegescorecard.ed.gov
,,,,,Automotive Training Center-Exton,Exton,PA,United States,collegescorecard.ed.gov
7500.0,20700.0,,,,Community College of Beaver County,Monaca,PA,United States,collegescorecard.ed.gov
49610.0,49610.0,0.8022,1190.0,25.0,Arcadia University,Glenside,PA,United States,collegescorecard.ed.gov
65920.0,65920.0,0.2943,1396.0,,Bryn Mawr College,Bryn Mawr,PA,United States,collegescorecard.ed.gov
67812.0,67812.0,0.2893,1410.0,31.0,Bucknell University,Lewisburg,PA,United States,collegescorecard.ed.gov
5683.0,13963.0,,,,Bucks County Community College,Newtown,PA,United States,collegescorecard.ed.gov
,,,,,Beauty Culture School LLC,Feasterville,PA,United States,collegescorecard.ed.gov
,,,,,Butler Beauty Academy,Butler,PA,United States,collegescorecard.ed.gov
5910.0,12000.0,,,,Butler County Community College,Butler,PA,United States,collegescorecard.ed.gov
35874.0,35874.0,0.8695,1080.0,23.0,Carlow University,Pittsburgh,PA,United States,collegescorecard.ed.gov
66246.0,66246.0,0.1166,1546.0,34.0,Carnegie Mellon University,Pittsburgh,PA,United States,collegescorecard.ed.gov
46314.0,46314.0,0.8407,,25.0,Cedar Crest College,Allentown,PA,United States,collegescorecard.ed.gov
19854.0,19854.0,0.1846,,,Central Penn College,Summerdale,PA,United States,collegescorecard.ed.gov
44626.0,44626.0,0.6196,1198.0,,Chatham University,Pittsburgh,PA,United States,collegescorecard.ed.gov
39870.0,39870.0,0.7446,,,Chestnut Hill College,Philadelphia,PA,United States,collegescorecard.ed.gov
10904.0,18870.0,,,,Cheyney University of Pennsylvania,Cheyney,PA,United States,collegescorecard.ed.gov
,,0.8333,,,Citizens School of Nursing,Tarentum,PA,United States,collegescorecard.ed.gov
,,0.3034,1070.0,,DLP Conemaugh Memorial Medical Center,Johnstown,PA,United States,collegescorecard.ed.gov
0.0,0.0,0.0458,,,Curtis Institute of Music,Philadelphia,PA,United States,collegescorecard.ed.gov
6930.0,15540.0,,,,Delaware County Community College,Media,PA,United States,collegescorecard.ed.gov
44850.0,44850.0,0.9321,1204.0,26.0,Delaware Valley University,Doylestown,PA,United States,collegescorecard.ed.gov
65650.0,65650.0,0.4209,1391.0,,Dickinson College,Carlisle,PA,United States,collegescorecard.ed.gov
19450.0,19450.0,,,,Douglas Education Center,Monessen,PA,United States,collegescorecard.ed.gov
62412.0,62412.0,0.7944,1345.0,29.0,Drexel University,Philadelphia,PA,United States,collegescorecard.ed.gov
48986.0,48986.0,0.8356,1276.0,27.0,Duquesne University,Pittsburgh,PA,United States,collegescorecard.ed.gov
11536.0,19502.0,0.9205,1084.0,23.0,East Stroudsburg University of Pennsylvania,East Stroudsburg,PA,United States,collegescorecard.ed.gov
38400.0,38400.0,0.9077,,,Eastern University,Saint Davids,PA,United States,collegescorecard.ed.gov
37950.0,37950.0,0.7787,1204.0,26.0,Elizabethtown College,Elizabethtown,PA,United States,collegescorecard.ed.gov
,,,,,Empire Beauty School-Lebanon,Lebanon,PA,United States,collegescorecard.ed.gov
,,,,,Empire Beauty School-York,York,PA,United States,collegescorecard.ed.gov
,,,,,Empire Beauty School-Lancaster,Lancaster,PA,United States,collegescorecard.ed.gov
,,,,,Empire Beauty School-Shamokin Dam,Shamokin Dam,PA,United States,collegescorecard.ed.gov
,,,,,Empire Beauty School-Pottsville,Pottsville,PA,United States,collegescorecard.ed.gov
,,,,,Empire Beauty  School-Lehigh Valley,Whitehall,PA,United States,collegescorecard.ed.gov
,,,,,Empire Beauty School-Gwinnett,Lawrenceville,GA,United States,collegescorecard.ed.gov
,,,,,Empire Beauty School-Wyoming Valley,Moosic,PA,United States,collegescorecard.ed.gov
,,,,,Empire Beauty School-Harrisburg,Harrisburg,PA,United States,collegescorecard.ed.gov
,,,,,Empire Beauty School-Reading,Reading,PA,United States,collegescorecard.ed.gov
15264.0,15264.0,,,,Erie Institute of Technology Inc,Erie,PA,United States,collegescorecard.ed.gov
70794.0,70794.0,0.2819,1392.0,,Franklin and Marshall College,Lancaster,PA,United States,collegescorecard.ed.gov
40656.0,40656.0,0.7416,,24.0,Gannon University,Erie,PA,United States,collegescorecard.ed.gov
33450.0,33450.0,,,,Geneva College,Beaver Falls,PA,United States,collegescorecard.ed.gov
66640.0,66640.0,0.389,1379.0,30.0,Gettysburg College,Gettysburg,PA,United States,collegescorecard.ed.gov
,,,,,Empire Beauty School-NE Philadelphia,Philadelphia,PA,United States,collegescorecard.ed.gov
,,,,,Gratz College,Jenkintown,PA,United States,collegescorecard.ed.gov
21700.0,21700.0,0.7232,1272.0,27.0,Grove City College,Grove City,PA,United States,collegescorecard.ed.gov
40122.0,40122.0,0.8963,1090.0,,Gwynedd Mercy University,Gwynedd Valley,PA,United States,collegescorecard.ed.gov
32000.0,32000.0,,,,Harcum College,Bryn Mawr,PA,United States,collegescorecard.ed.gov
6975.0,12472.0,,,,Harrisburg Area Community College,Harrisburg,PA,United States,collegescorecard.ed.gov
70688.0,70688.0,0.1237,1513.0,34.0,Haverford College,Haverford,PA,United States,collegescorecard.ed.gov
7714.0,7714.0,,,,Commonwealth Technical Institute,Johnstown,PA,United States,collegescorecard.ed.gov
35330.0,35330.0,0.7104,1060.0,21.0,Holy Family University,Philadelphia,PA,United States,collegescorecard.ed.gov
29330.0,29330.0,0.8576,1260.0,25.0,Immaculata University,Immaculata,PA,United States,collegescorecard.ed.gov
11380.0,16297.0,0.9077,1082.0,21.0,Indiana University of Pennsylvania,Indiana,PA,United States,collegescorecard.ed.gov
15940.0,15940.0,0.9956,,,UPMC Jameson School of Nursing,New Castle,PA,United States,collegescorecard.ed.gov
,,,,,Great Lakes Institute of Technology,Erie,PA,United States,collegescorecard.ed.gov
21225.0,21225.0,0.9793,,,Johnson College,Scranton,PA,United States,collegescorecard.ed.gov
58580.0,58580.0,0.7891,1227.0,,Juniata College,Huntingdon,PA,United States,collegescorecard.ed.gov
18300.0,18300.0,0.848,,,Keystone College,La Plume,PA,United States,collegescorecard.ed.gov
44100.0,44100.0,0.9311,1170.0,,King's College,Wilkes-Barre,PA,United States,collegescorecard.ed.gov
,,,,,Butler Beauty Academy-Kittanning Beauty Academy,Kittanning,PA,United States,collegescorecard.ed.gov
11314.0,16068.0,0.9075,1210.0,21.0,Kutztown University of Pennsylvania,Kutztown,PA,United States,collegescorecard.ed.gov
34052.0,34052.0,0.7576,1055.0,21.0,La Roche University,Pittsburgh,PA,United States,collegescorecard.ed.gov
37800.0,37800.0,0.9659,,,La Salle University,Philadelphia,PA,United States,collegescorecard.ed.gov
18400.0,18400.0,,,,Lackawanna College,Scranton,PA,United States,collegescorecard.ed.gov
65398.0,65398.0,0.3145,1424.0,32.0,Lafayette College,Easton,PA,United States,collegescorecard.ed.gov
29990.0,29990.0,0.5589,1180.0,23.0,Lancaster Bible College,Lancaster,PA,United States,collegescorecard.ed.gov
,,,,,Lancaster School of Cosmetology & Therapeutic Bodywork,Lancaster,PA,United States,collegescorecard.ed.gov
12150.0,12150.0,,,,Lansdale School of Business,North Wales,PA,United States,collegescorecard.ed.gov
,,,,,Lansdale School of Cosmetology Inc,Lansdale,PA,United States,collegescorecard.ed.gov
52080.0,52080.0,0.8377,1240.0,,Lebanon Valley College,Annville,PA,United States,collegescorecard.ed.gov
5280.0,13270.0,,,,Lehigh Carbon Community College,Schnecksville,PA,United States,collegescorecard.ed.gov
,,,,,Miller-Motte College-Berks Technical Institute,Wyomissing,PA,United States,collegescorecard.ed.gov
64980.0,64980.0,0.2593,1440.0,32.0,Lehigh University,Bethlehem,PA,United States,collegescorecard.ed.gov
,,,,,Lincoln Technical Institute-Allentown,Allentown,PA,United States,collegescorecard.ed.gov
,,,,,Lincoln Technical Institute-Levittown,Levittown,PA,United States,collegescorecard.ed.gov
12512.0,19384.0,0.6572,920.0,19.0,Lincoln University,Lincoln University,PA,United States,collegescorecard.ed.gov
16190.0,16190.0,0.8077,,,UPMC St. Margaret School of Nursing,Pittsburgh,PA,United States,collegescorecard.ed.gov
,,,,,United Lutheran Seminary,Gettysburg,PA,United States,collegescorecard.ed.gov
6600.0,16260.0,,,,Luzerne County Community College,Nanticoke,PA,United States,collegescorecard.ed.gov
50029.0,50029.0,0.7407,1160.0,25.0,Lycoming College,Williamsport,PA,United States,collegescorecard.ed.gov
21780.0,21780.0,0.9486,820.0,,Manor College,Jenkintown,PA,United States,collegescorecard.ed.gov
41420.0,41420.0,0.6058,1162.0,22.0,Marywood University,Scranton,PA,United States,collegescorecard.ed.gov
17320.0,17320.0,0.7755,,,Vet Tech Institute,Pittsburgh,PA,United States,collegescorecard.ed.gov
,,,,,Roxborough Memorial Hospital School of Nursing,Philadelphia,PA,United States,collegescorecard.ed.gov
45770.0,45770.0,0.8102,,,Mercyhurst University,Erie,PA,United States,collegescorecard.ed.gov
42240.0,42240.0,0.7897,1236.0,27.0,Messiah University,Mechanicsburg,PA,United States,collegescorecard.ed.gov
12147.0,12147.0,0.5,,,ASPIRA City College,Philadelphia,PA,United States,collegescorecard.ed.gov
11128.0,22952.0,0.8619,1110.0,,Millersville University of Pennsylvania,Millersville,PA,United States,collegescorecard.ed.gov
40370.0,40370.0,0.7093,,,Misericordia University,Dallas,PA,United States,collegescorecard.ed.gov
6690.0,17250.0,,,,Montgomery County Community College,Blue Bell,PA,United States,collegescorecard.ed.gov
52812.0,52812.0,0.5646,1282.0,,Moore College of Art and Design,Philadelphia,PA,United States,collegescorecard.ed.gov
53500.0,53500.0,0.5417,1183.0,,Moravian University,Bethlehem,PA,United States,collegescorecard.ed.gov
27072.0,27072.0,0.8205,1070.0,,Mount Aloysius College,Cresson,PA,United States,collegescorecard.ed.gov
62805.0,62805.0,0.7199,1343.0,30.0,Muhlenberg College,Allentown,PA,United States,collegescorecard.ed.gov
39100.0,39100.0,0.8128,,21.0,Neumann University,Aston,PA,United States,collegescorecard.ed.gov
,,,,,New Castle School of Trades,New Castle,PA,United States,collegescorecard.ed.gov
5550.0,15270.0,,,,Northampton County Area Community College,Bethlehem,PA,United States,collegescorecard.ed.gov
22800.0,22800.0,0.8205,,,Heritage Valley Health System School of Nursing,McKees Rocks,PA,United States,collegescorecard.ed.gov
,,0.7951,,,Orleans Technical College,Philadelphia,PA,United States,collegescorecard.ed.gov
14850.0,14850.0,,,,Pennsylvania Institute of Technology,Media,PA,United States,collegescorecard.ed.gov
15972.0,26958.0,0.9683,1228.0,,Pennsylvania State University-Penn State Erie-Behrend College,Erie,PA,United States,collegescorecard.ed.gov
,,,,,Pennsylvania State University-Penn State Great Valley,Malvern,PA,United States,collegescorecard.ed.gov
14408.0,24134.0,0.9529,1190.0,,Pennsylvania State University-Penn State New Kensington,New Kensington,PA,United States,collegescorecard.ed.gov
14024.0,23560.0,0.922,,,Pennsylvania State University-Penn State Shenango,Sharon,PA,United States,collegescorecard.ed.gov
14280.0,24006.0,0.9699,1200.0,,Pennsylvania State University-Penn State Wilkes-Barre,Dallas,PA,United States,collegescorecard.ed.gov
15208.0,25392.0,0.9852,1190.0,,Pennsylvania State University-Penn State Scranton,Dunmore,PA,United States,collegescorecard.ed.gov
15208.0,25392.0,0.9737,1210.0,,Pennsylvania State University-Penn State Lehigh Valley,Center Valley,PA,United States,collegescorecard.ed.gov
15972.0,26958.0,0.9806,1187.0,,Pennsylvania State University-Penn State Altoona,Altoona,PA,United States,collegescorecard.ed.gov
14408.0,24134.0,0.9565,1214.0,,Pennsylvania State University-Penn State Beaver,Monaca,PA,United States,collegescorecard.ed.gov
15972.0,26958.0,0.9867,1174.0,,Pennsylvania State University-Penn State Berks,Reading,PA,United States,collegescorecard.ed.gov
15972.0,26958.0,0.976,1227.0,,Pennsylvania State University-Penn State Harrisburg,Middletown,PA,United States,collegescorecard.ed.gov
15208.0,25392.0,0.9811,1200.0,,Pennsylvania State University-Penn State Brandywine,Media,PA,United States,collegescorecard.ed.gov
14408.0,24134.0,0.9712,1080.0,,Pennsylvania State University-Penn State DuBois,DuBois,PA,United States,collegescorecard.ed.gov
14408.0,24134.0,0.9547,1170.0,,Pennsylvania State University-Penn State Fayette- Eberly,Lemont Furnace,PA,United States,collegescorecard.ed.gov
15208.0,25392.0,0.9641,1200.0,,Pennsylvania State University-Penn State Hazleton,Hazleton,PA,United States,collegescorecard.ed.gov
20644.0,41790.0,0.6056,1337.0,,Pennsylvania State University-Main Campus,University Park,PA,United States,collegescorecard.ed.gov
14408.0,24134.0,0.9647,1160.0,,Pennsylvania State University-Penn State Greater Allegheny,McKeesport,PA,United States,collegescorecard.ed.gov
14408.0,24134.0,0.9821,1160.0,,Pennsylvania State University-Penn State Mont Alto,Mont Alto,PA,United States,collegescorecard.ed.gov
15268.0,25664.0,0.9677,1181.0,,Pennsylvania State University-Penn State Abington,Abington,PA,United States,collegescorecard.ed.gov
15208.0,25392.0,0.9664,1130.0,,Pennsylvania State University-Penn State Schuylkill,Schuylkill Haven,PA,United States,collegescorecard.ed.gov
15208.0,25392.0,0.9741,1140.0,,Pennsylvania State University-Penn State York,York,PA,United States,collegescorecard.ed.gov
15060.0,15060.0,,,,Peirce College,Philadelphia,PA,United States,collegescorecard.ed.gov
13654.0,13654.0,0.5584,,,Penn Commercial Business/Technical School,Washington,PA,United States,collegescorecard.ed.gov
,,,,,Pennco Tech-Bristol,Bristol,PA,United States,collegescorecard.ed.gov
44600.0,44600.0,,,,Pennsylvania Academy of the Fine Arts,Philadelphia,PA,United States,collegescorecard.ed.gov
,,,,,Pennsylvania Gunsmith School,Pittsburgh,PA,United States,collegescorecard.ed.gov
,,,,,Cortiva Institute,King of Prussia,PA,United States,collegescorecard.ed.gov
32150.0,32150.0,0.9924,,,Pennsylvania College of Art and Design,Lancaster,PA,United States,collegescorecard.ed.gov
68686.0,68686.0,0.054,1553.0,34.0,University of Pennsylvania,Philadelphia,PA,United States,collegescorecard.ed.gov
34009.0,34009.0,0.8817,1110.0,,Cairn University-Langhorne,Langhorne,PA,United States,collegescorecard.ed.gov
,,,,,Philadelphia College of Osteopathic Medicine,Philadelphia,PA,United States,collegescorecard.ed.gov
4632.0,12744.0,,,,Community College of Philadelphia,Philadelphia,PA,United States,collegescorecard.ed.gov
14770.0,26644.0,0.8854,1125.0,24.0,University of Pittsburgh-Bradford,Bradford,PA,United States,collegescorecard.ed.gov
14710.0,26584.0,0.9521,1160.0,22.0,University of Pittsburgh-Greensburg,Greensburg,PA,United States,collegescorecard.ed.gov
14906.0,26780.0,0.9484,1105.0,24.0,University of Pittsburgh-Johnstown,Johnstown,PA,United States,collegescorecard.ed.gov
21926.0,41430.0,0.5808,1370.0,31.0,University of Pittsburgh-Pittsburgh Campus,Pittsburgh,PA,United States,collegescorecard.ed.gov
11918.0,22210.0,0.3478,,,University of Pittsburgh-Titusville,Titusville,PA,United States,collegescorecard.ed.gov
18730.0,18730.0,,,,Pittsburgh Institute of Aeronautics,West Mifflin,PA,United States,collegescorecard.ed.gov
,,,,,Pittsburgh Institute of Mortuary Science Inc,Pittsburgh,PA,United States,collegescorecard.ed.gov
,,,,,Pittsburgh Theological Seminary,Pittsburgh,PA,United States,collegescorecard.ed.gov
39570.0,39570.0,0.9691,,22.0,Point Park University,Pittsburgh,PA,United States,collegescorecard.ed.gov
,,,,,Joseph F McCloskey School of Nursing,Pottsville,PA,United States,collegescorecard.ed.gov
,,,,,The Salon Professional Academy-Altoona,Altoona,PA,United States,collegescorecard.ed.gov
6480.0,12510.0,,,,Reading Area Community College,Reading,PA,United States,collegescorecard.ed.gov
12225.0,12225.0,0.2925,,,Reading Hospital School of Health Sciences,Reading,PA,United States,collegescorecard.ed.gov
,,,,,Reconstructionist Rabbinical College,Wyncote,PA,United States,collegescorecard.ed.gov
29499.0,29499.0,0.4272,,,Walnut Hill College,Philadelphia,PA,United States,collegescorecard.ed.gov
35970.0,35970.0,0.8989,,,Robert Morris University,Moon Township,PA,United States,collegescorecard.ed.gov
17402.0,17402.0,0.75,,,Rosedale Technical College,Pittsburgh,PA,United States,collegescorecard.ed.gov
23845.0,23845.0,0.7634,,21.0,Rosemont College,Rosemont,PA,United States,collegescorecard.ed.gov
44000.0,44000.0,0.7682,1155.0,,Saint Francis University,Loretto,PA,United States,collegescorecard.ed.gov
53260.0,53260.0,0.8883,1258.0,28.0,Saint Joseph's University - Philadelphia,Philadelphia,PA,United States,collegescorecard.ed.gov
42396.0,42396.0,0.6173,1116.0,25.0,Saint Vincent College,Latrobe,PA,United States,collegescorecard.ed.gov
,,,,,Saint Vincent Seminary,Latrobe,PA,United States,collegescorecard.ed.gov
,,,,,Schuylkill Technology Center,Frackville,PA,United States,collegescorecard.ed.gov
53983.0,53983.0,0.8123,1237.0,26.0,University of Scranton,Scranton,PA,United States,collegescorecard.ed.gov
42944.0,42944.0,0.7953,1117.0,,Seton Hill University,Greensburg,PA,United States,collegescorecard.ed.gov
16190.0,16190.0,0.7795,,,UPMC Shadyside School of Nursing,Pittsburgh,PA,United States,collegescorecard.ed.gov
13431.0,13431.0,0.8529,,,Laurel Technical Institute,Hermitage,PA,United States,collegescorecard.ed.gov
13720.0,15974.0,0.865,1120.0,,Shippensburg University of Pennsylvania,Shippensburg,PA,United States,collegescorecard.ed.gov
10568.0,14676.0,0.7147,1095.0,23.0,Slippery Rock University of Pennsylvania,Slippery Rock,PA,United States,collegescorecard.ed.gov
25774.0,25774.0,1.0,,,Saint Charles Borromeo Seminary-Overbrook,Ambler,PA,United States,collegescorecard.ed.gov
,,,,,South Hills Beauty Academy,Pittsburgh,PA,United States,collegescorecard.ed.gov
19905.0,19905.0,0.9727,,,South Hills School of Business & Technology,State College,PA,United States,collegescorecard.ed.gov
,,,,,St Lukes Hospital School of Nursing,Bethlehem,PA,United States,collegescorecard.ed.gov
,,,,,The Beauty Institute,Stroudsburg,PA,United States,collegescorecard.ed.gov
59850.0,59850.0,0.8143,1232.0,,Susquehanna University,Selinsgrove,PA,United States,collegescorecard.ed.gov
65494.0,65494.0,0.0746,1534.0,34.0,Swarthmore College,Swarthmore,PA,United States,collegescorecard.ed.gov
9050.0,9050.0,0.7122,,,Thaddeus Stevens College of Technology,Lancaster,PA,United States,collegescorecard.ed.gov
11512.0,11512.0,0.9024,,,Talmudical Yeshiva of Philadelphia,Philadelphia,PA,United States,collegescorecard.ed.gov
23011.0,38958.0,0.8041,,,Temple University,Philadelphia,PA,United States,collegescorecard.ed.gov
,,,,,Theological Seminary of the Reformed Episcopal Church,Oreland,PA,United States,collegescorecard.ed.gov
38344.0,38344.0,0.7155,,21.0,Thiel College,Greenville,PA,United States,collegescorecard.ed.gov
47505.0,47505.0,0.8097,1243.0,28.0,Thomas Jefferson University,Philadelphia,PA,United States,collegescorecard.ed.gov
,,,,,Trinity Anglican Seminary,Ambridge,PA,United States,collegescorecard.ed.gov
61210.0,61210.0,0.9177,1310.0,30.0,Ursinus College,Collegeville,PA,United States,collegescorecard.ed.gov
25240.0,25240.0,0.612,,,University of Valley Forge,Phoenixville,PA,United States,collegescorecard.ed.gov
32176.0,32176.0,,,,Valley Forge Military College,Wayne,PA,United States,collegescorecard.ed.gov
,,,,,Venus Beauty Academy,Aston,PA,United States,collegescorecard.ed.gov
67776.0,67776.0,0.2698,1460.0,33.0,Villanova University,Villanova,PA,United States,collegescorecard.ed.gov
,,,,,Washington Health System School of Nursing,Washington,PA,United States,collegescorecard.ed.gov
29392.0,29392.0,0.8064,,26.0,Washington & Jefferson College,Washington,PA,United States,collegescorecard.ed.gov
30480.0,30480.0,0.8982,1090.0,,Waynesburg University,Waynesburg,PA,United States,collegescorecard.ed.gov
,,,,,Welder Training and Testing Institute,Allentown,PA,United States,collegescorecard.ed.gov
10775.0,22599.0,0.784,1187.0,26.0,West Chester University of Pennsylvania,West Chester,PA,United States,collegescorecard.ed.gov
13410.0,13410.0,1.0,,,Western Pennsylvania Hospital School of Nursing,Pittsburgh,PA,United States,collegescorecard.ed.gov
40290.0,40290.0,0.9256,,23.0,Westminster College,New Wilmington,PA,United States,collegescorecard.ed.gov
,,,,,Westminster Theological Seminary,Glenside,PA,United States,collegescorecard.ed.gov
6018.0,14424.0,,,,Westmoreland County Community College,Youngwood,PA,United States,collegescorecard.ed.gov
55730.0,55730.0,0.7093,1180.0,,Widener University,Chester,PA,United States,collegescorecard.ed.gov
43496.0,43496.0,0.9064,1136.0,24.0,Wilkes University,Wilkes-Barre,PA,United States,collegescorecard.ed.gov
31611.0,31611.0,0.2188,,,Williamson College of the Trades,Media,PA,United States,collegescorecard.ed.gov
27100.0,27100.0,0.9211,1000.0,,Wilson College,Chambersburg,PA,United States,collegescorecard.ed.gov
10600.0,10600.0,1.0,,,Yeshivath Beth Moshe,Scranton,PA,United States,collegescorecard.ed.gov
25588.0,25588.0,0.7374,1162.0,25.0,York College of Pennsylvania,York,PA,United States,collegescorecard.ed.gov
,,,,,YTI Career Institute-York,York,PA,United States,collegescorecard.ed.gov
71412.0,71412.0,0.0539,1546.0,34.0,Brown University,Providence,RI,United States,collegescorecard.ed.gov
52677.0,52677.0,0.6546,1265.0,28.0,Bryant University,Smithfield,RI,United States,collegescorecard.ed.gov
42419.0,42419.0,0.8841,1050.0,,Johnson & Wales University-Providence,Providence,RI,United States,collegescorecard.ed.gov
37275.0,37275.0,0.6673,,,New England Institute of Technology,East Greenwich,RI,United States,collegescorecard.ed.gov
,,,,,New England Tractor Trailer Training School of Rhode Island,Pawtucket,RI,United States,collegescorecard.ed.gov
63550.0,63550.0,0.5089,1346.0,29.0,Providence College,Providence,RI,United States,collegescorecard.ed.gov
11300.0,27299.0,0.9182,990.0,,Rhode Island College,Providence,RI,United States,collegescorecard.ed.gov
5550.0,14834.0,,,,Community College of Rhode Island,Warwick,RI,United States,collegescorecard.ed.gov
16942.0,37146.0,0.7216,1160.0,28.0,University of Rhode Island,Kingston,RI,United States,collegescorecard.ed.gov
62688.0,62688.0,0.1866,1473.0,31.0,Rhode Island School of Design,Providence,RI,United States,collegescorecard.ed.gov
44418.0,44418.0,0.8771,1223.0,,Roger Williams University,Bristol,RI,United States,collegescorecard.ed.gov
50100.0,50100.0,0.6817,1232.0,,Salve Regina University,Newport,RI,United States,collegescorecard.ed.gov
,,,,,Empire Beauty School-Warwick,Providence,RI,United States,collegescorecard.ed.gov
14160.0,14160.0,,,,Northpoint Bible College,Haverhill,MA,United States,collegescorecard.ed.gov
5174.0,7924.0,,,,Aiken Technical College,Graniteville,SC,United States,collegescorecard.ed.gov
14304.0,14304.0,0.7254,,,Allen University,Columbia,SC,United States,collegescorecard.ed.gov
34970.0,34970.0,0.5471,1202.0,,Anderson University,Anderson,SC,United States,collegescorecard.ed.gov
32520.0,32520.0,0.9646,1059.0,21.0,Charleston Southern University,Charleston,SC,United States,collegescorecard.ed.gov
6156.0,11916.0,,,,Technical College of the Lowcountry,Beaufort,SC,United States,collegescorecard.ed.gov
17440.0,17440.0,0.957,,,Benedict College,Columbia,SC,United States,collegescorecard.ed.gov
24470.0,24470.0,,,,Bob Jones University,Greenville,SC,United States,collegescorecard.ed.gov
29800.0,29800.0,0.9953,1140.0,21.0,Southern Wesleyan University,Central,SC,United States,collegescorecard.ed.gov
,,,,,Charleston Cosmetology Institute,Charleston,SC,United States,collegescorecard.ed.gov
12978.0,38296.0,0.6003,1247.0,26.0,College of Charleston,Charleston,SC,United States,collegescorecard.ed.gov
5664.0,6024.0,,,,Northeastern Technical College,Cheraw,SC,United States,collegescorecard.ed.gov
12570.0,38508.0,0.2272,1208.0,,Citadel Military College of South Carolina,Charleston,SC,United States,collegescorecard.ed.gov
18282.0,18282.0,0.6493,,,Claflin University,Orangeburg,SC,United States,collegescorecard.ed.gov
15554.0,40866.0,0.3834,1353.0,30.0,Clemson University,Clemson,SC,United States,collegescorecard.ed.gov
11136.0,11136.0,,,,Clinton College,Rock Hill,SC,United States,collegescorecard.ed.gov
33416.0,33416.0,0.9396,,20.0,Coker University,Hartsville,SC,United States,collegescorecard.ed.gov
27900.0,27900.0,0.9447,,21.0,Columbia International University,Columbia,SC,United States,collegescorecard.ed.gov
22214.0,22214.0,0.9393,,,Columbia College,Columbia,SC,United States,collegescorecard.ed.gov
25240.0,25240.0,0.6774,1138.0,,Converse University,Spartanburg,SC,United States,collegescorecard.ed.gov
6315.0,11955.0,,,,Denmark Technical College,Denmark,SC,United States,collegescorecard.ed.gov
36710.0,36710.0,0.6274,,20.0,Erskine College,Due West,SC,United States,collegescorecard.ed.gov
4636.0,6772.0,,,,Florence-Darlington Technical College,Florence,SC,United States,collegescorecard.ed.gov
11160.0,21544.0,0.8639,1015.0,19.0,Francis Marion University,Florence,SC,United States,collegescorecard.ed.gov
59770.0,59770.0,0.4295,1371.0,31.0,Furman University,Greenville,SC,United States,collegescorecard.ed.gov
5495.0,10775.0,,,,Greenville Technical College,Greenville,SC,United States,collegescorecard.ed.gov
4468.0,8836.0,,,,Horry-Georgetown Technical College,Conway,SC,United States,collegescorecard.ed.gov
,,,,,Kenneth Shuler School of Cosmetology-North Augusta,North Augusta,SC,United States,collegescorecard.ed.gov
,,,,,Kenneth Shuler School of Cosmetology and Nails-Columbia,West Columbia,SC,United States,collegescorecard.ed.gov
11700.0,21300.0,0.8131,1057.0,21.0,Lander University,Greenwood,SC,United States,collegescorecard.ed.gov
,,,,,Medical University of South Carolina,Charleston,SC,United States,collegescorecard.ed.gov
5100.0,14700.0,,,,Midlands Technical College,West Columbia,SC,United States,collegescorecard.ed.gov
16664.0,16664.0,,,,Morris College,Sumter,SC,United States,collegescorecard.ed.gov
31100.0,31100.0,0.8979,,19.0,Newberry College,Newberry,SC,United States,collegescorecard.ed.gov
25800.0,25800.0,0.6667,1156.0,22.0,North Greenville University,Tigerville,SC,United States,collegescorecard.ed.gov
5210.0,8354.0,,,,Orangeburg Calhoun Technical College,Orangeburg,SC,United States,collegescorecard.ed.gov
4775.0,6923.0,,,,Piedmont Technical College,Greenwood,SC,United States,collegescorecard.ed.gov
44910.0,44910.0,0.6837,1118.0,23.0,Presbyterian College,Clinton,SC,United States,collegescorecard.ed.gov
10760.0,21218.0,0.7854,1120.0,20.0,University of South Carolina Aiken,Aiken,SC,United States,collegescorecard.ed.gov
10730.0,21776.0,0.725,,,University of South Carolina Beaufort,Bluffton,SC,United States,collegescorecard.ed.gov
12688.0,35972.0,0.6015,1297.0,29.0,University of South Carolina-Columbia,Columbia,SC,United States,collegescorecard.ed.gov
7558.0,18238.0,0.8344,,,University of South Carolina-Lancaster,Lancaster,SC,United States,collegescorecard.ed.gov
7558.0,18238.0,0.7599,,,University of South Carolina-Salkehatchie,Allendale,SC,United States,collegescorecard.ed.gov
7558.0,18238.0,0.7406,,,University of South Carolina-Sumter,Sumter,SC,United States,collegescorecard.ed.gov
7558.0,18238.0,0.6222,,,University of South Carolina-Union,Union,SC,United States,collegescorecard.ed.gov
11640.0,29628.0,0.7527,1143.0,23.0,Coastal Carolina University,Conway,SC,United States,collegescorecard.ed.gov
11060.0,21750.0,0.8262,,17.0,South Carolina State University,Orangeburg,SC,United States,collegescorecard.ed.gov
11588.0,23090.0,0.6726,1099.0,21.0,University of South Carolina-Upstate,Spartanburg,SC,United States,collegescorecard.ed.gov
,,,,,Sherman College of Chiropractic,Boiling Springs,SC,United States,collegescorecard.ed.gov
20650.0,20650.0,0.7816,,,Spartanburg Methodist College,Spartanburg,SC,United States,collegescorecard.ed.gov
5071.0,10135.0,,,,Spartanburg Community College,Spartanburg,SC,United States,collegescorecard.ed.gov
5715.0,9016.0,,,,Central Carolina Technical College,Sumter,SC,United States,collegescorecard.ed.gov
4448.0,11815.0,,,,Tri-County Technical College,Pendleton,SC,United States,collegescorecard.ed.gov
4546.0,8620.0,,,,Trident Technical College,Charleston,SC,United States,collegescorecard.ed.gov
12630.0,12630.0,,,,Voorhees University,Denmark,SC,United States,collegescorecard.ed.gov
4488.0,8592.0,,,,Williamsburg Technical College,Kingstree,SC,United States,collegescorecard.ed.gov
14678.0,28676.0,0.7925,1139.0,23.0,Winthrop University,Rock Hill,SC,United States,collegescorecard.ed.gov
56005.0,56005.0,0.5194,1296.0,30.0,Wofford College,Spartanburg,SC,United States,collegescorecard.ed.gov
8036.0,13340.0,,,,York Technical College,Rock Hill,SC,United States,collegescorecard.ed.gov
40160.0,40160.0,0.6775,1195.0,25.0,Augustana University,Sioux Falls,SD,United States,collegescorecard.ed.gov
,,,,,The Salon Professional Academy,Rapid City,SD,United States,collegescorecard.ed.gov
8764.0,11866.0,0.9633,1087.0,21.0,Black Hills State University,Spearfish,SD,United States,collegescorecard.ed.gov
9654.0,12756.0,0.8805,1215.0,23.0,Dakota State University,Madison,SD,United States,collegescorecard.ed.gov
33790.0,33790.0,0.7338,,22.0,Dakota Wesleyan University,Mitchell,SD,United States,collegescorecard.ed.gov
,,,,,Paul Mitchell the School-Rapid City,Rapid City,SD,United States,collegescorecard.ed.gov
6718.0,6718.0,,,,Lake Area Technical College,Watertown,SD,United States,collegescorecard.ed.gov
7524.0,7524.0,,,,Mitchell Technical College,Mitchell,SD,United States,collegescorecard.ed.gov
34600.0,34600.0,0.4257,1120.0,22.0,Mount Marty University,Yankton,SD,United States,collegescorecard.ed.gov
16065.0,16065.0,,,,National American University-Rapid City,Rapid City,SD,United States,collegescorecard.ed.gov
3600.0,3600.0,0.8462,,,Kairos University,Sioux Falls,SD,United States,collegescorecard.ed.gov
8845.0,11947.0,0.93,1089.0,21.0,Northern State University,Aberdeen,SD,United States,collegescorecard.ed.gov
2684.0,2684.0,,,,Oglala Lakota College,Kyle,SD,United States,collegescorecard.ed.gov
10500.0,14900.0,0.7987,1245.0,27.0,South Dakota School of Mines and Technology,Rapid City,SD,United States,collegescorecard.ed.gov
9299.0,12809.0,0.9834,1120.0,22.0,South Dakota State University,Brookings,SD,United States,collegescorecard.ed.gov
4714.0,4714.0,,,,Sinte Gleska University,Mission,SD,United States,collegescorecard.ed.gov
21750.0,21750.0,0.8289,,,University of Sioux Falls,Sioux Falls,SD,United States,collegescorecard.ed.gov
,,,,,Sanford Medical Center,Sioux Falls,SD,United States,collegescorecard.ed.gov
4330.0,4330.0,,,,Sisseton Wahpeton College,Sisseton,SD,United States,collegescorecard.ed.gov
7650.0,7650.0,,,,Southeast Technical College,Sioux Falls,SD,United States,collegescorecard.ed.gov
,,,,,Stewart School,Sioux Falls,SD,United States,collegescorecard.ed.gov
9432.0,12942.0,0.9878,1125.0,22.0,University of South Dakota,Vermillion,SD,United States,collegescorecard.ed.gov
8294.0,8294.0,,,,Western Dakota Technical College,Rapid City,SD,United States,collegescorecard.ed.gov
13604.0,13604.0,,,,American Baptist College,Nashville,TN,United States,collegescorecard.ed.gov
,,,,,Arnolds Beauty School,Milan,TN,United States,collegescorecard.ed.gov
,,,,,TCAT Athens,Athens,TN,United States,collegescorecard.ed.gov
9006.0,14766.0,0.9641,1088.0,21.0,Austin Peay State University,Clarksville,TN,United States,collegescorecard.ed.gov
13796.0,13796.0,0.8202,1050.0,22.0,Baptist Health Sciences University,Memphis,TN,United States,collegescorecard.ed.gov
42540.0,42540.0,0.9528,1280.0,27.0,Belmont University,Nashville,TN,United States,collegescorecard.ed.gov
18712.0,18712.0,0.6023,972.0,18.0,Bethel University,McKenzie,TN,United States,collegescorecard.ed.gov
19800.0,19800.0,,,,Bryan College-Dayton,Dayton,TN,United States,collegescorecard.ed.gov
34700.0,34700.0,0.9045,1117.0,22.0,Carson-Newman University,Jefferson City,TN,United States,collegescorecard.ed.gov
4772.0,17756.0,,,,Chattanooga State Community College,Chattanooga,TN,United States,collegescorecard.ed.gov
38420.0,38420.0,0.867,1098.0,22.0,Christian Brothers University,Memphis,TN,United States,collegescorecard.ed.gov
,,,,,Pentecostal Theological Seminary,Cleveland,TN,United States,collegescorecard.ed.gov
,,,,,Austin's Beauty College Inc,Clarksville,TN,United States,collegescorecard.ed.gov
4762.0,17746.0,,,,Cleveland State Community College,Cleveland,TN,United States,collegescorecard.ed.gov
5296.0,18112.0,,,,Columbia State Community College,Columbia,TN,United States,collegescorecard.ed.gov
,,0.9506,,,Concorde Career College-Memphis,Memphis,TN,United States,collegescorecard.ed.gov
27840.0,27840.0,0.6733,,,Cumberland University,Lebanon,TN,United States,collegescorecard.ed.gov
40572.0,40572.0,0.6773,1256.0,26.0,Lipscomb University,Nashville,TN,United States,collegescorecard.ed.gov
,,,,,Tennessee College of Applied Technology-Dickson,Dickson,TN,United States,collegescorecard.ed.gov
4758.0,17742.0,,,,Dyersburg State Community College,Dyersburg,TN,United States,collegescorecard.ed.gov
10472.0,14522.0,0.8619,1144.0,23.0,East Tennessee State University,Johnson City,TN,United States,collegescorecard.ed.gov
12709.0,12709.0,,,,Chattanooga College Medical Dental and & Technical Careers,Chattanooga,TN,United States,collegescorecard.ed.gov
,,,,,Tennessee College of Applied Technology-Elizabethton,Elizabethton,TN,United States,collegescorecard.ed.gov
,,,,,The Hair Academy LLC,Fayetteville,TN,United States,collegescorecard.ed.gov
25858.0,25858.0,0.3742,1200.0,23.0,Fisk University,Nashville,TN,United States,collegescorecard.ed.gov
21400.0,21400.0,,,,Welch College,Gallatin,TN,United States,collegescorecard.ed.gov
25620.0,25620.0,0.5968,1109.0,24.0,Freed-Hardeman University,Henderson,TN,United States,collegescorecard.ed.gov
,,,,,Tennessee College of Applied Technology-Harriman,Harriman,TN,United States,collegescorecard.ed.gov
,,,,,Tennessee College of Applied Technology-Hartsville,Hartsville,TN,United States,collegescorecard.ed.gov
,,,,,Tennessee College of Applied Technology-Hohenwald,Hohenwald,TN,United States,collegescorecard.ed.gov
,,,,,Tennessee College of Applied Technology-Jacksboro,Jacksboro,TN,United States,collegescorecard.ed.gov
4740.0,17724.0,,,,Jackson State Community College,Jackson,TN,United States,collegescorecard.ed.gov
12223.0,12223.0,1.0,1020.0,21.0,John A Gupton College,Nashville,TN,United States,collegescorecard.ed.gov
21122.0,21122.0,0.6511,1078.0,22.0,Johnson University,Knoxville,TN,United States,collegescorecard.ed.gov
,,,,,Paul Mitchell the School-Murfreesboro,Murfreesboro,TN,United States,collegescorecard.ed.gov
36194.0,36194.0,0.9972,,21.0,King University,Bristol,TN,United States,collegescorecard.ed.gov
18535.0,18535.0,,,,South College,Knoxville,TN,United States,collegescorecard.ed.gov
11790.0,11790.0,,,,Lane College,Jackson,TN,United States,collegescorecard.ed.gov
12076.0,12076.0,0.9923,,15.0,Le Moyne-Owen College,Memphis,TN,United States,collegescorecard.ed.gov
23790.0,23790.0,0.7052,1145.0,24.0,Lee University,Cleveland,TN,United States,collegescorecard.ed.gov
26938.0,26938.0,0.6259,1092.0,22.0,Lincoln Memorial University,Harrogate,TN,United States,collegescorecard.ed.gov
,,,,,Tennessee College of Applied Technology-Livingston,Livingston,TN,United States,collegescorecard.ed.gov
10924.0,10924.0,0.8671,1083.0,21.0,The University of Tennessee Southern,Pulaski,TN,United States,collegescorecard.ed.gov
39284.0,39284.0,0.6092,,24.0,Maryville College,Maryville,TN,United States,collegescorecard.ed.gov
,,,,,Genesis Career College-Cookeville,Cookeville,TN,United States,collegescorecard.ed.gov
,,,,,Meharry Medical College,Nashville,TN,United States,collegescorecard.ed.gov
,,,,,Tennessee College of Applied Technology-Memphis,Memphis,TN,United States,collegescorecard.ed.gov
10728.0,15384.0,0.7203,1088.0,,University of Memphis,Memphis,TN,United States,collegescorecard.ed.gov
,,,,,Memphis Theological Seminary,Memphis,TN,United States,collegescorecard.ed.gov
10266.0,31574.0,0.6909,1121.0,23.0,Middle Tennessee State University,Murfreesboro,TN,United States,collegescorecard.ed.gov
,,,,,Middle Tennessee School of Anesthesia Inc,Madison,TN,United States,collegescorecard.ed.gov
,,,,,Tennessee College of Applied Technology-Morristown,Morristown,TN,United States,collegescorecard.ed.gov
4738.0,17722.0,,,,Motlow State Community College,Tullahoma,TN,United States,collegescorecard.ed.gov
,,,,,Tennessee College of Applied Technology-Murfreesboro,Murfreesboro,TN,United States,collegescorecard.ed.gov
,,,,,Nashville Auto-Diesel College,Nashville,TN,United States,collegescorecard.ed.gov
4730.0,17714.0,,,,Nashville State Community College,Nashville,TN,United States,collegescorecard.ed.gov
,,,,,Tennessee College of Applied Technology Northwest,Newbern,TN,United States,collegescorecard.ed.gov
,,,,,Tennessee College of Applied Technology-Henry/Carroll,Paris,TN,United States,collegescorecard.ed.gov
,,,,,Tennessee College of Applied Technology-Pulaski,Pulaski,TN,United States,collegescorecard.ed.gov
57110.0,57110.0,0.5035,1362.0,30.0,Rhodes College,Memphis,TN,United States,collegescorecard.ed.gov
4998.0,18630.0,,,,Roane State Community College,Harriman,TN,United States,collegescorecard.ed.gov
,,,,,Tennessee College of Applied Technology Crump,Crump,TN,United States,collegescorecard.ed.gov
4778.0,17750.0,,,,Southwest Tennessee Community College,Memphis,TN,United States,collegescorecard.ed.gov
,,,,,Tennessee College of Applied Technology-Shelbyville,Shelbyville,TN,United States,collegescorecard.ed.gov
56120.0,56120.0,0.569,1344.0,29.0,The University of the South,Sewanee,TN,United States,collegescorecard.ed.gov
,,,,,Tennessee College of Applied Technology-Oneida-Huntsville,Huntsville,TN,United States,collegescorecard.ed.gov
,,,,,Tennessee College of Applied Technology-Upper Cumberland,Crossville,TN,United States,collegescorecard.ed.gov
,,,,,Tennessee College of Applied Technology-McMinnville,McMinnville,TN,United States,collegescorecard.ed.gov
,,,,,Tennessee College of Applied Technology-Jackson,Jackson,TN,United States,collegescorecard.ed.gov
,,,,,Tennessee College of Applied Technology-Knoxville,Knoxville,TN,United States,collegescorecard.ed.gov
4786.0,17770.0,,,,Pellissippi State Community College,Knoxville,TN,United States,collegescorecard.ed.gov
27300.0,27300.0,0.655,1129.0,,Southern Adventist University,Collegedale,TN,United States,collegescorecard.ed.gov
,,,,,Southern College of Optometry,Memphis,TN,United States,collegescorecard.ed.gov
30814.0,30814.0,0.6885,1090.0,21.0,Tennessee Wesleyan University,Athens,TN,United States,collegescorecard.ed.gov
10448.0,18512.0,0.8109,1147.0,23.0,The University of Tennessee-Chattanooga,Chattanooga,TN,United States,collegescorecard.ed.gov
13812.0,33256.0,0.416,1311.0,28.0,The University of Tennessee-Knoxville,Knoxville,TN,United States,collegescorecard.ed.gov
10560.0,16600.0,0.882,1120.0,22.0,The University of Tennessee-Martin,Martin,TN,United States,collegescorecard.ed.gov
,,,,,Tennessee School of Beauty of Knoxville Inc,Knoxville,TN,United States,collegescorecard.ed.gov
8616.0,22416.0,0.7011,1000.0,,Tennessee State University,Nashville,TN,United States,collegescorecard.ed.gov
11376.0,15576.0,0.7613,1151.0,,Tennessee Technological University,Cookeville,TN,United States,collegescorecard.ed.gov
31300.0,31300.0,0.6944,1091.0,,Trevecca Nazarene University,Nashville,TN,United States,collegescorecard.ed.gov
4782.0,17766.0,,,,Northeast State Community College,Blountville,TN,United States,collegescorecard.ed.gov
29250.0,29250.0,0.7217,,22.0,Tusculum University,Greeneville,TN,United States,collegescorecard.ed.gov
40025.0,40025.0,0.6041,1256.0,27.0,Union University,Jackson,TN,United States,collegescorecard.ed.gov
67498.0,67498.0,0.0586,1549.0,35.0,Vanderbilt University,Nashville,TN,United States,collegescorecard.ed.gov
4756.0,17740.0,,,,Volunteer State Community College,Gallatin,TN,United States,collegescorecard.ed.gov
4752.0,17736.0,,,,Walters State Community College,Morristown,TN,United States,collegescorecard.ed.gov
9723.0,9723.0,,,,William R Moore College of Technology,Memphis,TN,United States,collegescorecard.ed.gov
44200.0,44200.0,0.6603,1194.0,25.0,Abilene Christian University,Abilene,TX,United States,collegescorecard.ed.gov
1906.0,4402.0,,,,Alvin Community College,Alvin,TX,United States,collegescorecard.ed.gov
2136.0,4704.0,,,,Amarillo College,Amarillo,TX,United States,collegescorecard.ed.gov
,,,,,Amberton University,Garland,TX,United States,collegescorecard.ed.gov
3430.0,6490.0,,,,Angelina College,Lufkin,TX,United States,collegescorecard.ed.gov
8460.0,18300.0,0.8301,1054.0,21.0,Angelo State University,San Angelo,TX,United States,collegescorecard.ed.gov
20830.0,20830.0,,,,Arlington Baptist University,Arlington,TX,United States,collegescorecard.ed.gov
,,,,,Arlington Career Institute,Arlington,TX,United States,collegescorecard.ed.gov
48680.0,48680.0,0.4765,1212.0,26.0,Austin College,Sherman,TX,United States,collegescorecard.ed.gov
2550.0,10590.0,,,,Austin Community College District,Austin,TX,United States,collegescorecard.ed.gov
,,,,,Austin Presbyterian Theological Seminary,Austin,TX,United States,collegescorecard.ed.gov
,,,,,Baldwin Beauty School-South Austin,Austin,TX,United States,collegescorecard.ed.gov
13760.0,13760.0,1.0,,,Baptist Health System School of Health Professions,San Antonio,TX,United States,collegescorecard.ed.gov
10050.0,10050.0,0.2857,,,Baptist Missionary Association Theological Seminary,Jacksonville,TX,United States,collegescorecard.ed.gov
,,,,,Baylor College of Medicine,Houston,TX,United States,collegescorecard.ed.gov
58100.0,58100.0,0.5128,1329.0,29.0,Baylor University,Waco,TX,United States,collegescorecard.ed.gov
2916.0,5226.0,,,,Coastal Bend College,Beeville,TX,United States,collegescorecard.ed.gov
4890.0,11370.0,,,,Blinn College District,Brenham,TX,United States,collegescorecard.ed.gov
15025.0,15025.0,,,,Remington College-Dallas Campus,Dallas,TX,United States,collegescorecard.ed.gov
16324.0,16324.0,0.8095,,,Vet Tech Institute of Houston,Houston,TX,United States,collegescorecard.ed.gov
2388.0,4711.0,,,,Brazosport College,Lake Jackson,TX,United States,collegescorecard.ed.gov
3750.0,7500.0,,,,Central Texas College,Killeen,TX,United States,collegescorecard.ed.gov
,,,,,Charles and Sues School of Hair Design,Bryan,TX,United States,collegescorecard.ed.gov
4710.0,7140.0,,,,Cisco College,Cisco,TX,United States,collegescorecard.ed.gov
3720.0,5400.0,,,,Clarendon College,Clarendon,TX,United States,collegescorecard.ed.gov
23500.0,23500.0,0.9125,,20.0,Concordia University Texas,Austin,TX,United States,collegescorecard.ed.gov
,,,,,BK Cosmo College of Cosmetology,Kerrville,TX,United States,collegescorecard.ed.gov
3600.0,5739.0,,,,North Central Texas College,Gainesville,TX,United States,collegescorecard.ed.gov
9748.0,20794.0,0.8858,1086.0,22.0,Texas A & M University-Corpus Christi,Corpus Christi,TX,United States,collegescorecard.ed.gov
,,,,,Paul Mitchell the School-Dallas,Carrollton,TX,United States,collegescorecard.ed.gov
40190.0,40190.0,0.8884,1120.0,23.0,Dallas Baptist University,Dallas,TX,United States,collegescorecard.ed.gov
21730.0,21730.0,0.218,931.0,,Dallas Christian College,Dallas,TX,United States,collegescorecard.ed.gov
17640.0,17640.0,,,,Dallas Institute of Funeral Service,Dallas,TX,United States,collegescorecard.ed.gov
,,,,,Dallas Theological Seminary,Dallas,TX,United States,collegescorecard.ed.gov
53930.0,53930.0,0.5344,1227.0,28.0,University of Dallas,Irving,TX,United States,collegescorecard.ed.gov
3440.0,6050.0,,,,Del Mar College,Corpus Christi,TX,United States,collegescorecard.ed.gov
30680.0,30680.0,0.5776,,,East Texas Baptist University,Marshall,TX,United States,collegescorecard.ed.gov
8349.0,45080.0,0.6354,,21.0,Texas A&M University-Texarkana,Texarkana,TX,United States,collegescorecard.ed.gov
10026.0,22326.0,0.9224,1076.0,21.0,East Texas A&M University,Commerce,TX,United States,collegescorecard.ed.gov
2730.0,6900.0,,,,Dallas College,Dallas,TX,United States,collegescorecard.ed.gov
4080.0,6630.0,,,,El Paso Community College,El Paso,TX,United States,collegescorecard.ed.gov
,,,,,Western Technical College,El Paso,TX,United States,collegescorecard.ed.gov
,,,,,Western Technical College,El Paso,TX,United States,collegescorecard.ed.gov
,,,,,Episcopal Theological Seminary of the Southwest,Austin,TX,United States,collegescorecard.ed.gov
3712.0,4882.0,,,,Frank Phillips College,Borger,TX,United States,collegescorecard.ed.gov
2726.0,6176.0,,,,Galveston College,Galveston,TX,United States,collegescorecard.ed.gov
,,,,,Graham's Barber College,DALLAS,TX,United States,collegescorecard.ed.gov
3052.0,6352.0,,,,Grayson College,Denison,TX,United States,collegescorecard.ed.gov
,,0.5134,,,Hallmark University,San Antonio,TX,United States,collegescorecard.ed.gov
32960.0,32960.0,0.9,1108.0,21.0,Hardin-Simmons University,Abilene,TX,United States,collegescorecard.ed.gov
2640.0,5970.0,,,,Trinity Valley Community College,Athens,TX,United States,collegescorecard.ed.gov
3570.0,3570.0,,,,Hill College,Hillsboro,TX,United States,collegescorecard.ed.gov
39430.0,39430.0,0.8444,1084.0,25.0,Houston Christian University,Houston,TX,United States,collegescorecard.ed.gov
7770.0,21114.0,0.9052,1060.0,20.0,University of Houston-Clear Lake,Houston,TX,United States,collegescorecard.ed.gov
2040.0,5460.0,,,,Houston City College,Houston,TX,United States,collegescorecard.ed.gov
7708.0,17548.0,0.8996,1029.0,,University of Houston-Downtown,Houston,TX,United States,collegescorecard.ed.gov
7149.0,16989.0,0.959,,,Texas A&M University-Victoria,Victoria,TX,United States,collegescorecard.ed.gov
9717.0,22547.0,0.7392,1250.0,26.0,University of Houston,Houston,TX,United States,collegescorecard.ed.gov
2766.0,6716.0,,,,Howard College,Big Spring,TX,United States,collegescorecard.ed.gov
34982.0,34982.0,0.6737,1026.0,,Howard Payne University,Brownwood,TX,United States,collegescorecard.ed.gov
26709.0,26709.0,0.3909,1014.0,17.0,Huston-Tillotson University,Austin,TX,United States,collegescorecard.ed.gov
37090.0,37090.0,0.9814,,20.0,University of the Incarnate Word,San Antonio,TX,United States,collegescorecard.ed.gov
8850.0,8850.0,,,,Jacksonville College-Main Campus,Jacksonville,TX,United States,collegescorecard.ed.gov
11720.0,11720.0,,,,Jarvis Christian University,Hawkins,TX,United States,collegescorecard.ed.gov
20521.0,20521.0,0.6818,,,KD Conservatory College of Film and Dramatic Arts,Dallas,TX,United States,collegescorecard.ed.gov
2160.0,5256.0,,,,Kilgore College,Kilgore,TX,United States,collegescorecard.ed.gov
8905.0,18745.0,0.8641,1061.0,20.0,Lamar University,Beaumont,TX,United States,collegescorecard.ed.gov
3540.0,17280.0,,,,Lamar State College-Orange,Orange,TX,United States,collegescorecard.ed.gov
1770.0,8070.0,,,,Lamar State College-Port Arthur,Port Arthur,TX,United States,collegescorecard.ed.gov
3300.0,5748.0,,,,Laredo College,Laredo,TX,United States,collegescorecard.ed.gov
7894.0,19454.0,0.4437,993.0,18.0,Texas A & M International University,Laredo,TX,United States,collegescorecard.ed.gov
2520.0,5190.0,,,,Lee College,Baytown,TX,United States,collegescorecard.ed.gov
37160.0,37160.0,0.3801,1208.0,26.0,LeTourneau University,Longview,TX,United States,collegescorecard.ed.gov
,,,,,Lincoln College of Technology-Grand Prairie,Grand Prairie,TX,United States,collegescorecard.ed.gov
28540.0,28540.0,0.731,1100.0,23.0,Lubbock Christian University,Lubbock,TX,United States,collegescorecard.ed.gov
2310.0,4140.0,,,,College of the Mainland,Texas City,TX,United States,collegescorecard.ed.gov
32020.0,32020.0,0.9576,1099.0,22.0,University of Mary Hardin-Baylor,Belton,TX,United States,collegescorecard.ed.gov
3660.0,5910.0,,,,McLennan Community College,Waco,TX,United States,collegescorecard.ed.gov
32340.0,32340.0,0.5704,1043.0,24.0,McMurry University,Abilene,TX,United States,collegescorecard.ed.gov
,,,,,Covenant School of Nursing and Allied Health,Lubbock,TX,United States,collegescorecard.ed.gov
3180.0,6180.0,,,,Midland College,Midland,TX,United States,collegescorecard.ed.gov
10580.0,12530.0,0.9352,,,Midwestern State University,Wichita Falls,TX,United States,collegescorecard.ed.gov
,,,,,William Edge Institute,New Braunfels,TX,United States,collegescorecard.ed.gov
17692.0,17692.0,,,,Wade College,Dallas,TX,United States,collegescorecard.ed.gov
,,,,,Southern Careers Institute-Austin,Austin,TX,United States,collegescorecard.ed.gov
,,,,,Tint School of Makeup & Cosmetology,Irving,TX,United States,collegescorecard.ed.gov
3008.0,6578.0,,,,Navarro College,Corsicana,TX,United States,collegescorecard.ed.gov
3330.0,9390.0,,,,Lone Star College System,The Woodlands,TX,United States,collegescorecard.ed.gov
11309.0,21149.0,0.7223,1109.0,23.0,University of North Texas,Denton,TX,United States,collegescorecard.ed.gov
2980.0,5620.0,,,,Northeast Texas Community College,Mount Pleasant,TX,United States,collegescorecard.ed.gov
,,,,,Oblate School of Theology,San Antonio,TX,United States,collegescorecard.ed.gov
,,,,,Ocean Corporation,Houston,TX,United States,collegescorecard.ed.gov
2688.0,4926.0,,,,Odessa College,Odessa,TX,United States,collegescorecard.ed.gov
,,,,,Ogle School Hair Skin Nails-Arlington,Arlington,TX,United States,collegescorecard.ed.gov
,,,,,Ogle School Hair Skin Nails-Ft Worth,Fort Worth,TX,United States,collegescorecard.ed.gov
32106.0,32106.0,,,19.0,Our Lady of the Lake University,San Antonio,TX,United States,collegescorecard.ed.gov
9987.0,19827.0,0.9419,985.0,,The University of Texas Rio Grande Valley,Edinburg,TX,United States,collegescorecard.ed.gov
3148.0,4948.0,,,,Texas Southmost College,Brownsville,TX,United States,collegescorecard.ed.gov
2352.0,5232.0,,,,Panola College,Carthage,TX,United States,collegescorecard.ed.gov
2700.0,5700.0,,,,Paris Junior College,Paris,TX,United States,collegescorecard.ed.gov
13498.0,13498.0,0.4028,,,Paul Quinn College,Dallas,TX,United States,collegescorecard.ed.gov
11299.0,26874.0,0.7931,980.0,19.0,Prairie View A & M University,Prairie View,TX,United States,collegescorecard.ed.gov
2766.0,9066.0,,,,Ranger College,Ranger,TX,United States,collegescorecard.ed.gov
16757.0,16757.0,,,,Aviation Institute of Maintenance-Houston,Houston,TX,United States,collegescorecard.ed.gov
64144.0,64144.0,0.08,1553.0,35.0,Rice University,Houston,TX,United States,collegescorecard.ed.gov
51384.0,51384.0,0.8142,1138.0,,Saint Edward's University,Austin,TX,United States,collegescorecard.ed.gov
3412.0,9952.0,,,,St Philip's College,San Antonio,TX,United States,collegescorecard.ed.gov
34634.0,34634.0,0.8992,1090.0,21.0,University of St Thomas,Houston,TX,United States,collegescorecard.ed.gov
9228.0,19068.0,0.9026,1041.0,21.0,Sam Houston State University,Huntsville,TX,United States,collegescorecard.ed.gov
3412.0,9952.0,,,,San Antonio College,San Antonio,TX,United States,collegescorecard.ed.gov
2490.0,6690.0,,,,San Jacinto Community College,Pasadena,TX,United States,collegescorecard.ed.gov
39266.0,39266.0,0.882,,21.0,Schreiner University,Kerrville,TX,United States,collegescorecard.ed.gov
,,,,,Seguin Beauty School-Seguin,Seguin,TX,United States,collegescorecard.ed.gov
37434.0,37434.0,0.9776,1089.0,,St. Mary's University,San Antonio,TX,United States,collegescorecard.ed.gov
2731.0,5155.0,,,,South Plains College,Levelland,TX,United States,collegescorecard.ed.gov
,,,,,South Texas College of Law Houston,Houston,TX,United States,collegescorecard.ed.gov
,,,,,South Texas Vocational Technical Institute-Weslaco,Weslaco,TX,United States,collegescorecard.ed.gov
,,,,,Miller-Motte College-STVT-McAllen,McAllen,TX,United States,collegescorecard.ed.gov
67040.0,67040.0,0.6335,1428.0,33.0,Southern Methodist University,Dallas,TX,United States,collegescorecard.ed.gov
,,,,,Southwest School of Business and Technical Careers-San Antonio,San Antonio,TX,United States,collegescorecard.ed.gov
2646.0,6294.0,,,,Southwest Texas College,Uvalde,TX,United States,collegescorecard.ed.gov
25064.0,25064.0,0.8902,980.0,20.0,Nelson University,Waxahachie,TX,United States,collegescorecard.ed.gov
53813.0,53813.0,0.4305,1241.0,28.0,Southwestern University,Georgetown,TX,United States,collegescorecard.ed.gov
11128.0,23426.0,0.9399,1066.0,21.0,Stephen F Austin State University,Nacogdoches,TX,United States,collegescorecard.ed.gov
11450.0,22930.0,0.8932,1103.0,22.0,Texas State University,San Marcos,TX,United States,collegescorecard.ed.gov
25380.0,25380.0,0.7836,1031.0,21.0,Southwestern Adventist University,Keene,TX,United States,collegescorecard.ed.gov
14638.0,14638.0,,,,Southwestern Christian College,Terrell,TX,United States,collegescorecard.ed.gov
7592.0,17672.0,0.9871,1024.0,16.0,Sul Ross State University,Alpine,TX,United States,collegescorecard.ed.gov
8302.0,18142.0,0.8955,1075.0,20.0,Tarleton State University,Stephenville,TX,United States,collegescorecard.ed.gov
1863.0,8370.0,,,,Tarrant County College District,Fort Worth,TX,United States,collegescorecard.ed.gov
3000.0,7224.0,,,,Temple College,Temple,TX,United States,collegescorecard.ed.gov
,,,,,University of Texas Southwestern Medical Center,Dallas,TX,United States,collegescorecard.ed.gov
,,,,,The University of Texas Health Science Center at San Antonio,San Antonio,TX,United States,collegescorecard.ed.gov
,,,,,The University of Texas Medical Branch at Galveston,Galveston,TX,United States,collegescorecard.ed.gov
2476.0,5332.0,,,,Texarkana College,Texarkana,TX,United States,collegescorecard.ed.gov
9892.0,25746.0,0.9092,1050.0,19.0,Texas A&M University-Kingsville,Kingsville,TX,United States,collegescorecard.ed.gov
13154.0,40124.0,0.5743,1280.0,28.0,Texas A&M University-College Station,College Station,TX,United States,collegescorecard.ed.gov
11950.0,29582.0,0.799,1124.0,23.0,The University of Texas at Arlington,Arlington,TX,United States,collegescorecard.ed.gov
11688.0,44908.0,0.2664,1395.0,30.0,The University of Texas at Austin,Austin,TX,United States,collegescorecard.ed.gov
14644.0,40144.0,0.6513,1286.0,,The University of Texas at Dallas,Richardson,TX,United States,collegescorecard.ed.gov
9744.0,25502.0,0.9992,962.0,,The University of Texas at El Paso,El Paso,TX,United States,collegescorecard.ed.gov
9736.0,25494.0,0.9402,1114.0,22.0,The University of Texas at Tyler,Tyler,TX,United States,collegescorecard.ed.gov
,,,,,Texas Chiropractic College Foundation Inc,Pasadena,TX,United States,collegescorecard.ed.gov
61740.0,61740.0,0.4449,1298.0,29.0,Texas Christian University,Fort Worth,TX,United States,collegescorecard.ed.gov
10008.0,10008.0,,,,Texas College,Tyler,TX,United States,collegescorecard.ed.gov
,,,,,University of North Texas Health Science Center,Fort Worth,TX,United States,collegescorecard.ed.gov
36230.0,36230.0,0.9571,,,Texas Lutheran University,Seguin,TX,United States,collegescorecard.ed.gov
9236.0,21504.0,0.9489,1033.0,20.0,The University of Texas Permian Basin,Odessa,TX,United States,collegescorecard.ed.gov
9011.0,22051.0,0.8679,1105.0,22.0,The University of Texas at San Antonio,San Antonio,TX,United States,collegescorecard.ed.gov
9173.0,21473.0,0.9691,914.0,17.0,Texas Southern University,Houston,TX,United States,collegescorecard.ed.gov
11852.0,24451.0,0.7265,1190.0,26.0,Texas Tech University,Lubbock,TX,United States,collegescorecard.ed.gov
39582.0,39582.0,0.6916,1070.0,19.0,Texas Wesleyan University,Fort Worth,TX,United States,collegescorecard.ed.gov
8640.0,18480.0,0.9612,,21.0,Texas Woman's University,Denton,TX,United States,collegescorecard.ed.gov
53676.0,53676.0,0.2592,1416.0,31.0,Trinity University,San Antonio,TX,United States,collegescorecard.ed.gov
,,,,,The University of Texas Health Science Center at Houston,Houston,TX,United States,collegescorecard.ed.gov
,,,,,Texas Tech University Health Sciences Center,Lubbock,TX,United States,collegescorecard.ed.gov
2400.0,4512.0,,,,Tyler Junior College,Tyler,TX,United States,collegescorecard.ed.gov
,,,,,Universal Technical Institute of Texas Inc.,Houston,TX,United States,collegescorecard.ed.gov
,,,,,UCAS University of Cosmetology Arts & Sciences-McAllen,McAllen,TX,United States,collegescorecard.ed.gov
3720.0,6120.0,,,,Vernon College,Vernon,TX,United States,collegescorecard.ed.gov
,,,,,Victoria Beauty & Barber College,Victoria,TX,United States,collegescorecard.ed.gov
2976.0,5328.0,,,,Victoria College,Victoria,TX,United States,collegescorecard.ed.gov
,,,,,Vogue College of Cosmetology-McAllen,McAllen,TX,United States,collegescorecard.ed.gov
23782.0,23782.0,0.5596,,,Wayland Baptist University,Plainview,TX,United States,collegescorecard.ed.gov
5250.0,10860.0,,,,Weatherford College,Weatherford,TX,United States,collegescorecard.ed.gov
9101.0,10996.0,0.9868,1050.0,21.0,West Texas A & M University,Canyon,TX,United States,collegescorecard.ed.gov
3300.0,6150.0,,,,Western Texas College,Snyder,TX,United States,collegescorecard.ed.gov
3192.0,5904.0,,,,Wharton County Junior College,Wharton,TX,United States,collegescorecard.ed.gov
12500.0,12500.0,,,,Wiley University,Marshall,TX,United States,collegescorecard.ed.gov
,,,,,Bridgerland Technical College,Logan,UT,United States,collegescorecard.ed.gov
6688.0,6688.0,0.6778,1376.0,29.0,Brigham Young University,Provo,UT,United States,collegescorecard.ed.gov
6630.0,6630.0,0.4696,1130.0,24.0,Brigham Young University-Hawaii,Laie,HI,United States,collegescorecard.ed.gov
,,,,,Cameo College of Essential Beauty,Murray,UT,United States,collegescorecard.ed.gov
,,,,,Collectiv Academy,Sandy,UT,United States,collegescorecard.ed.gov
,,,,,Davis Technical College,Kaysville,UT,United States,collegescorecard.ed.gov
6306.0,18246.0,,,,Utah Tech University,Saint George,UT,United States,collegescorecard.ed.gov
,,,,,Evans Hairstyling College-Cedar City,Cedar City,UT,United States,collegescorecard.ed.gov
,,,,,Evans Hairstyling College-St George,Saint George,UT,United States,collegescorecard.ed.gov
,,,,,Paul Mitchell the School-Salt Lake City,Holladay,UT,United States,collegescorecard.ed.gov
16548.0,16548.0,,,,Eagle Gate College-Murray,Murray,UT,United States,collegescorecard.ed.gov
4004.0,4004.0,,,,Ensign College,Salt Lake City,UT,United States,collegescorecard.ed.gov
,,,,,Ogden-Weber Technical College,Ogden,UT,United States,collegescorecard.ed.gov
4338.0,14288.0,,,,Snow College,Ephraim,UT,United States,collegescorecard.ed.gov
6962.0,21192.0,0.8179,,23.0,Southern Utah University,Cedar City,UT,United States,collegescorecard.ed.gov
,,,,,Uintah Basin Technical College,Roosevelt,UT,United States,collegescorecard.ed.gov
9228.0,24802.0,0.9247,1187.0,25.0,Utah State University,Logan,UT,United States,collegescorecard.ed.gov
6507.0,18489.0,,,,Utah Valley University,Orem,UT,United States,collegescorecard.ed.gov
4426.0,14244.0,,,,Salt Lake Community College,Salt Lake City,UT,United States,collegescorecard.ed.gov
9620.0,30860.0,0.8598,1257.0,26.0,University of Utah,Salt Lake City,UT,United States,collegescorecard.ed.gov
6557.0,17545.0,,,,Weber State University,Ogden,UT,United States,collegescorecard.ed.gov
43528.0,43528.0,0.6657,1220.0,27.0,Westminster University,Salt Lake City,UT,United States,collegescorecard.ed.gov
66262.0,66262.0,0.4453,1364.0,,Bennington College,Bennington,VT,United States,collegescorecard.ed.gov
47850.0,47850.0,0.8292,1312.0,,Champlain College,Burlington,VT,United States,collegescorecard.ed.gov
6920.0,13640.0,,,,Community College of Vermont,Montpelier,VT,United States,collegescorecard.ed.gov
67600.0,67600.0,0.1075,1508.0,33.0,Middlebury College,Middlebury,VT,United States,collegescorecard.ed.gov
49740.0,49740.0,0.7444,1190.0,,Norwich University,Northfield,VT,United States,collegescorecard.ed.gov
,,,,,O'Briens Aveda Institute,Williston,VT,United States,collegescorecard.ed.gov
51450.0,51450.0,0.8451,1245.0,,Saint Michael's College,Colchester,VT,United States,collegescorecard.ed.gov
,,,,,SIT Graduate Institute,Brattleboro,VT,United States,collegescorecard.ed.gov
40760.0,40760.0,0.6667,,,Sterling College,Craftsbury Common,VT,United States,collegescorecard.ed.gov
,,,,,Vermont Law and Graduate School,South Royalton,VT,United States,collegescorecard.ed.gov
11952.0,22296.0,0.8167,,,Vermont State University,Randolph,VT,United States,collegescorecard.ed.gov
19058.0,45502.0,0.653,1374.0,31.0,University of Vermont,Burlington,VT,United States,collegescorecard.ed.gov
,,,,,Paul Mitchell the School-Roanoke,Roanoke,VA,United States,collegescorecard.ed.gov
14568.0,14568.0,0.5354,,,Advanced Technology Institute,Virginia Beach,VA,United States,collegescorecard.ed.gov
38550.0,38550.0,0.5659,1135.0,20.0,Averett University,Danville,VA,United States,collegescorecard.ed.gov
5646.0,12084.0,,,,Blue Ridge Community College,Weyers Cave,VA,United States,collegescorecard.ed.gov
26770.0,26770.0,0.5931,,,Bluefield University,Bluefield,VA,United States,collegescorecard.ed.gov
16090.0,16090.0,0.9172,1180.0,25.0,Bridgewater College,Bridgewater,VA,United States,collegescorecard.ed.gov
25914.0,51038.0,0.3407,1473.0,33.0,William & Mary,Williamsburg,VA,United States,collegescorecard.ed.gov
21650.0,21650.0,0.3812,1153.0,26.0,Regent University,Virginia Beach,VA,United States,collegescorecard.ed.gov
,,,,,Central School of Practical Nursing,Norfolk,VA,United States,collegescorecard.ed.gov
5157.0,11595.0,,,,Central Virginia Community College,Lynchburg,VA,United States,collegescorecard.ed.gov
16828.0,31178.0,0.8604,1180.0,27.0,Christopher Newport University,Newport News,VA,United States,collegescorecard.ed.gov
18489.0,18489.0,,,,Bryant & Stratton College-Virginia Beach,Virginia Beach,VA,United States,collegescorecard.ed.gov
5022.0,11460.0,,,,Mountain Gateway Community College,Clifton Forge,VA,United States,collegescorecard.ed.gov
4992.0,11430.0,,,,Danville Community College,Danville,VA,United States,collegescorecard.ed.gov
16637.0,16637.0,,,,Centura College-Chesapeake,Chesapeake,VA,United States,collegescorecard.ed.gov
39000.0,39000.0,0.8365,1135.0,,Emory & Henry University,Emory,VA,United States,collegescorecard.ed.gov
43920.0,43920.0,1.0,,30.0,Eastern Mennonite University,Harrisonburg,VA,United States,collegescorecard.ed.gov
5082.0,11520.0,,,,Eastern Shore Community College,Melfa,VA,United States,collegescorecard.ed.gov
28520.0,28520.0,0.8898,,21.0,Ferrum College,Ferrum,VA,United States,collegescorecard.ed.gov
14220.0,38688.0,0.8748,1274.0,28.0,George Mason University,Fairfax,VA,United States,collegescorecard.ed.gov
5257.0,11648.0,,,,Germanna Community College,Locust Grove,VA,United States,collegescorecard.ed.gov
54550.0,54550.0,0.4092,1207.0,24.0,Hampden-Sydney College,Hampden-Sydney,VA,United States,collegescorecard.ed.gov
30592.0,30592.0,0.6225,969.0,,Hampton University,Hampton,VA,United States,collegescorecard.ed.gov
43560.0,43560.0,0.6795,1230.0,,Hollins University,Roanoke,VA,United States,collegescorecard.ed.gov
5280.0,11718.0,,,,J Sargeant Reynolds Community College,Richmond,VA,United States,collegescorecard.ed.gov
14250.0,31604.0,0.7152,1256.0,27.0,James Madison University,Harrisonburg,VA,United States,collegescorecard.ed.gov
5082.0,11520.0,,,,Brightpoint Community College,Chester,VA,United States,collegescorecard.ed.gov
22465.0,22465.0,0.9898,,,Liberty University,Lynchburg,VA,United States,collegescorecard.ed.gov
15744.0,27978.0,0.9022,1120.0,20.0,Longwood University,Farmville,VA,United States,collegescorecard.ed.gov
5072.0,11510.0,,,,Laurel Ridge Community College,Middletown,VA,United States,collegescorecard.ed.gov
36750.0,36750.0,0.4301,1125.0,,University of Lynchburg,Lynchburg,VA,United States,collegescorecard.ed.gov
12983.0,12983.0,1.0,,,Centra College,Lynchburg,VA,United States,collegescorecard.ed.gov
34152.0,34152.0,,,,Mary Baldwin University,Staunton,VA,United States,collegescorecard.ed.gov
14640.0,27560.0,0.7978,1272.0,29.0,University of Mary Washington,Fredericksburg,VA,United States,collegescorecard.ed.gov
40920.0,40920.0,0.9316,,,Marymount University,Arlington,VA,United States,collegescorecard.ed.gov
,,,,,Sovah School of Health Professions,Danville,VA,United States,collegescorecard.ed.gov
5007.0,11445.0,,,,Mountain Empire Community College,Big Stone Gap,VA,United States,collegescorecard.ed.gov
10961.0,10961.0,,,,American National University,Salem,VA,United States,collegescorecard.ed.gov
4979.0,11417.0,,,,New River Community College,Dublin,VA,United States,collegescorecard.ed.gov
,,,,,Sentara College of Health Sciences,Chesapeake,VA,United States,collegescorecard.ed.gov
16337.0,16337.0,,,,Tidewater Tech-Trades,Norfolk,VA,United States,collegescorecard.ed.gov
10180.0,21682.0,0.8777,927.0,18.0,Norfolk State University,Norfolk,VA,United States,collegescorecard.ed.gov
5891.0,12409.0,,,,Northern Virginia Community College,Annandale,VA,United States,collegescorecard.ed.gov
12750.0,33780.0,0.9036,1197.0,24.0,Old Dominion University,Norfolk,VA,United States,collegescorecard.ed.gov
5002.0,11440.0,,,,Patrick & Henry Community College,Martinsville,VA,United States,collegescorecard.ed.gov
5012.0,11450.0,,,,Paul D Camp Community College,Franklin,VA,United States,collegescorecard.ed.gov
,,,,,Southside College of Health Sciences,Colonial Heights,VA,United States,collegescorecard.ed.gov
5072.0,11510.0,,,,Piedmont Virginia Community College,Charlottesville,VA,United States,collegescorecard.ed.gov
12548.0,25633.0,0.8953,1060.0,21.0,Radford University,Radford,VA,United States,collegescorecard.ed.gov
,,,,,Sylvain Melloul International Hair Academy,Lynchburg,VA,United States,collegescorecard.ed.gov
49466.0,49466.0,0.8661,1095.0,,Randolph-Macon College,Ashland,VA,United States,collegescorecard.ed.gov
30310.0,30310.0,0.9371,1134.0,25.0,Randolph College,Lynchburg,VA,United States,collegescorecard.ed.gov
5102.0,11540.0,,,,Rappahannock Community College,Glenns,VA,United States,collegescorecard.ed.gov
14801.0,14801.0,,,,Fortis College-Norfolk,Norfolk,VA,United States,collegescorecard.ed.gov
9090.0,14970.0,0.8926,,,Richard Bland College,South Prince George,VA,United States,collegescorecard.ed.gov
,,,,,Bon Secours Memorial College of Nursing,Richmond,VA,United States,collegescorecard.ed.gov
65230.0,65230.0,0.222,1497.0,,University of Richmond,University of Richmond,VA,United States,collegescorecard.ed.gov
17250.0,17250.0,0.129,,,Riverside College of Health Sciences,Newport News,VA,United States,collegescorecard.ed.gov
38068.0,38068.0,0.8306,1211.0,25.0,Roanoke College,Salem,VA,United States,collegescorecard.ed.gov
,,,,,Bon Secours St Mary's Hospital School of Medical Imaging,Richmond,VA,United States,collegescorecard.ed.gov
36950.0,36950.0,0.7695,,,Shenandoah University,Winchester,VA,United States,collegescorecard.ed.gov
11739.0,11739.0,,,,Southeastern Free Will Baptist Bible College,Wendell,NC,United States,collegescorecard.ed.gov
21280.0,21280.0,0.9642,,22.0,Southern Virginia University,Buena Vista,VA,United States,collegescorecard.ed.gov
5007.0,11445.0,,,,Southside Virginia Community College,Alberta,VA,United States,collegescorecard.ed.gov
5075.0,11513.0,,,,Southwest Virginia Community College,Cedar Bluff,VA,United States,collegescorecard.ed.gov
,,,,,Staunton School of Cosmetology,Staunton,VA,United States,collegescorecard.ed.gov
13920.0,13920.0,,,,Strayer University-Virginia,Arlington,VA,United States,collegescorecard.ed.gov
26160.0,26160.0,0.7554,1230.0,25.0,Sweet Briar College,Sweet Briar,VA,United States,collegescorecard.ed.gov
5088.0,11526.0,,,,Virginia Peninsula Community College,Hampton,VA,United States,collegescorecard.ed.gov
5588.0,12296.0,,,,Tidewater Community College,Norfolk,VA,United States,collegescorecard.ed.gov
,,,,,Union Presbyterian Seminary,Richmond,VA,United States,collegescorecard.ed.gov
11780.0,28010.0,0.2854,1050.0,22.0,University of Virginia's College at Wise,Wise,VA,United States,collegescorecard.ed.gov
5022.0,11460.0,,,,Virginia Highlands Community College,Abingdon,VA,United States,collegescorecard.ed.gov
15948.0,37764.0,0.5478,1364.0,29.0,Virginia Polytechnic Institute and State University,Blacksburg,VA,United States,collegescorecard.ed.gov
5400.0,11838.0,,,,Virginia Western Community College,Roanoke,VA,United States,collegescorecard.ed.gov
16945.0,40109.0,0.9262,1137.0,25.0,Virginia Commonwealth University,Richmond,VA,United States,collegescorecard.ed.gov
21803.0,59512.0,0.1681,1480.0,34.0,University of Virginia-Main Campus,Charlottesville,VA,United States,collegescorecard.ed.gov
21046.0,52638.0,0.7125,1244.0,25.0,Virginia Military Institute,Lexington,VA,United States,collegescorecard.ed.gov
11360.0,11360.0,,,,Virginia University of Lynchburg,Lynchburg,VA,United States,collegescorecard.ed.gov
10043.0,22650.0,0.8863,948.0,18.0,Virginia State University,Petersburg,VA,United States,collegescorecard.ed.gov
17450.0,17450.0,0.9799,850.0,16.0,Virginia Union University,Richmond,VA,United States,collegescorecard.ed.gov
37500.0,37500.0,0.7287,,29.0,Virginia Wesleyan University,Virginia Beach,VA,United States,collegescorecard.ed.gov
68045.0,68045.0,0.1397,1498.0,34.0,Washington and Lee University,Lexington,VA,United States,collegescorecard.ed.gov
5007.0,11445.0,,,,Wytheville Community College,Wytheville,VA,United States,collegescorecard.ed.gov
4436.0,10502.0,,,,Bellevue College,Bellevue,WA,United States,collegescorecard.ed.gov
4431.0,5809.0,,,,Bellingham Technical College,Bellingham,WA,United States,collegescorecard.ed.gov
5059.0,5619.0,,,,Big Bend Community College,Moses Lake,WA,United States,collegescorecard.ed.gov
9417.0,27526.0,0.9062,,,Central Washington University,Ellensburg,WA,United States,collegescorecard.ed.gov
5266.0,5651.0,,,,Centralia College,Centralia,WA,United States,collegescorecard.ed.gov
,,,,,City University of Seattle,Seattle,WA,United States,collegescorecard.ed.gov
,,,,,Paul Mitchell the School-Richland,Richland,WA,United States,collegescorecard.ed.gov
5233.0,11183.0,,,,Clark College,Vancouver,WA,United States,collegescorecard.ed.gov
6634.0,6634.0,,,,Clover Park Technical College,Lakewood,WA,United States,collegescorecard.ed.gov
6555.0,8668.0,,,,Columbia Basin College,Pasco,WA,United States,collegescorecard.ed.gov
,,,,,Divers Institute of Technology,Seattle,WA,United States,collegescorecard.ed.gov
8586.0,25959.0,0.9075,,,Eastern Washington University,Cheney,WA,United States,collegescorecard.ed.gov
4810.0,10875.0,,,,Edmonds College,Lynnwood,WA,United States,collegescorecard.ed.gov
5032.0,11171.0,,,,Everett Community College,Everett,WA,United States,collegescorecard.ed.gov
9264.0,31905.0,0.9637,1216.0,23.0,The Evergreen State College,Olympia,WA,United States,collegescorecard.ed.gov
5418.0,5976.0,,,,Pierce College District,Lakewood,WA,United States,collegescorecard.ed.gov
55480.0,55480.0,0.8169,1335.0,29.0,Gonzaga University,Spokane,WA,United States,collegescorecard.ed.gov
5593.0,12553.0,,,,Grays Harbor College,Aberdeen,WA,United States,collegescorecard.ed.gov
4711.0,5263.0,,,,Green River College,Auburn,WA,United States,collegescorecard.ed.gov
,,,,,Toni & Guy Hairdressing Academy-Shoreline,Shoreline,WA,United States,collegescorecard.ed.gov
20928.0,20928.0,,,,Heritage University,Toppenish,WA,United States,collegescorecard.ed.gov
4772.0,5332.0,,,,Highline College,Des Moines,WA,United States,collegescorecard.ed.gov
,,,,,Bastyr University,Kenmore,WA,United States,collegescorecard.ed.gov
6027.0,12165.0,,,,Bates Technical College,Tacoma,WA,United States,collegescorecard.ed.gov
5997.0,12062.0,,,,Lake Washington Institute of Technology,Kirkland,WA,United States,collegescorecard.ed.gov
4626.0,6003.0,,,,Lower Columbia College,Longview,WA,United States,collegescorecard.ed.gov
5238.0,5796.0,,,,North Seattle College,Seattle,WA,United States,collegescorecard.ed.gov
36035.0,36035.0,0.832,1150.0,28.0,Northwest University,Kirkland,WA,United States,collegescorecard.ed.gov
4197.0,9740.0,,,,Olympic College,Bremerton,WA,United States,collegescorecard.ed.gov
,,,,,Perry Technical Institute,Yakima,WA,United States,collegescorecard.ed.gov
52254.0,52254.0,0.7802,1168.0,25.0,Pacific Lutheran University,Tacoma,WA,United States,collegescorecard.ed.gov
4718.0,5270.0,,,,Peninsula College,Port Angeles,WA,United States,collegescorecard.ed.gov
62898.0,62898.0,0.7225,1296.0,29.0,University of Puget Sound,Tacoma,WA,United States,collegescorecard.ed.gov
6308.0,7369.0,,,,Renton Technical College,Renton,WA,United States,collegescorecard.ed.gov
45510.0,45510.0,0.898,1093.0,21.0,Saint Martin's University,Lacey,WA,United States,collegescorecard.ed.gov
5238.0,5796.0,,,,South Seattle College,Seattle,WA,United States,collegescorecard.ed.gov
5184.0,5745.0,,,,Seattle Central College,Seattle,WA,United States,collegescorecard.ed.gov
40407.0,40407.0,0.834,,24.0,Seattle Pacific University,Seattle,WA,United States,collegescorecard.ed.gov
56721.0,56721.0,0.7692,1307.0,28.0,Seattle University,Seattle,WA,United States,collegescorecard.ed.gov
5115.0,7905.0,,,,Shoreline College,Shoreline,WA,United States,collegescorecard.ed.gov
5400.0,7500.0,,,,Skagit Valley College,Mount Vernon,WA,United States,collegescorecard.ed.gov
5252.0,5813.0,,,,South Puget Sound Community College,Olympia,WA,United States,collegescorecard.ed.gov
5461.0,6612.0,,,,Spokane Community College,Spokane,WA,United States,collegescorecard.ed.gov
5461.0,6612.0,,,,Spokane Falls Community College,Spokane,WA,United States,collegescorecard.ed.gov
,,,,,Stylemaster College of Hair Design,Longview,WA,United States,collegescorecard.ed.gov
5507.0,11646.0,,,,Tacoma Community College,Tacoma,WA,United States,collegescorecard.ed.gov
5279.0,6700.0,,,,Walla Walla Community College,Walla Walla,WA,United States,collegescorecard.ed.gov
34227.0,34227.0,,,,Walla Walla University,College Place,WA,United States,collegescorecard.ed.gov
13391.0,29950.0,0.8664,,,Washington State University,Pullman,WA,United States,collegescorecard.ed.gov
12973.0,43209.0,0.3915,,,University of Washington-Seattle Campus,Seattle,WA,United States,collegescorecard.ed.gov
5267.0,5636.0,,,,Wenatchee Valley College,Wenatchee,WA,United States,collegescorecard.ed.gov
9582.0,28707.0,0.9325,1289.0,26.0,Western Washington University,Bellingham,WA,United States,collegescorecard.ed.gov
5115.0,11037.0,,,,Whatcom Community College,Bellingham,WA,United States,collegescorecard.ed.gov
64050.0,64050.0,0.3815,1410.0,31.0,Whitman College,Walla Walla,WA,United States,collegescorecard.ed.gov
52880.0,52880.0,0.8978,1220.0,25.0,Whitworth University,Spokane,WA,United States,collegescorecard.ed.gov
5312.0,5873.0,,,,Yakima Valley College,Yakima,WA,United States,collegescorecard.ed.gov
,,,,,Appalachian Beauty School,Belfry,KY,United States,collegescorecard.ed.gov
18760.0,18760.0,0.7778,1039.0,23.0,Appalachian Bible College,Mount Hope,WV,United States,collegescorecard.ed.gov
,,,,,B M Spurr School of Practical Nursing,Glen Dale,WV,United States,collegescorecard.ed.gov
,,,,,Ben Franklin Career Center,Dunbar,WV,United States,collegescorecard.ed.gov
36765.0,36765.0,0.5879,,22.0,Bethany College,Bethany,WV,United States,collegescorecard.ed.gov
10648.0,18376.0,0.9723,989.0,20.0,Bluefield State University,Bluefield,WV,United States,collegescorecard.ed.gov
,,,,,Cabell County Career Technology Center,Huntington,WV,United States,collegescorecard.ed.gov
,,,,,Charleston School of Beauty Culture,Charleston,WV,United States,collegescorecard.ed.gov
33800.0,33800.0,0.6152,,,University of Charleston,Charleston,WV,United States,collegescorecard.ed.gov
,,,,,Clarksburg Beauty Academy and School of Massage Therapy,Clarksburg,WV,United States,collegescorecard.ed.gov
10664.0,22000.0,0.9256,977.0,21.0,Concord University,Athens,WV,United States,collegescorecard.ed.gov
31820.0,31820.0,0.9433,,,Davis & Elkins College,Elkins,WV,United States,collegescorecard.ed.gov
8708.0,18924.0,0.9862,996.0,20.0,Fairmont State University,Fairmont,WV,United States,collegescorecard.ed.gov
9578.0,11354.0,,,,Glenville State University,Glenville,WV,United States,collegescorecard.ed.gov
10050.0,10050.0,,,,Ameritas College,Huntington,WV,United States,collegescorecard.ed.gov
,,,,,James Rumsey Technical Institute,Martinsburg,WV,United States,collegescorecard.ed.gov
,,,,,Ralph R Willis Career and Technical Center,Stollings,WV,United States,collegescorecard.ed.gov
9162.0,20342.0,0.9573,1061.0,22.0,Marshall University,Huntington,WV,United States,collegescorecard.ed.gov
,,,,,Mercer County Technical Education Center,Princeton,WV,United States,collegescorecard.ed.gov
,,0.5833,,,Monongalia County Technical Education Center,Morgantown,WV,United States,collegescorecard.ed.gov
,,,,,Morgantown Beauty College Inc,Morgantown,WV,United States,collegescorecard.ed.gov
4612.0,9124.0,,,,West Virginia University at Parkersburg,Parkersburg,WV,United States,collegescorecard.ed.gov
5280.0,13200.0,,,,Potomac State College of West Virginia University,Keyser,WV,United States,collegescorecard.ed.gov
,,,,,Academy of Careers and Technology,Beckley,WV,United States,collegescorecard.ed.gov
11900.0,11900.0,,,,Salem University,Salem,WV,United States,collegescorecard.ed.gov
9056.0,19082.0,0.9678,1034.0,23.0,Shepherd University,Shepherdstown,WV,United States,collegescorecard.ed.gov
5136.0,7872.0,,,,Southern West Virginia Community and Technical College,Logan,WV,United States,collegescorecard.ed.gov
,,,,,Fred W Eberle Technical Center,Buckhannon,WV,United States,collegescorecard.ed.gov
,,,,,West Virginia School of Osteopathic Medicine,Lewisburg,WV,United States,collegescorecard.ed.gov
9570.0,14990.0,0.9596,955.0,,West Virginia State University,Institute,WV,United States,collegescorecard.ed.gov
,,,,,West Virginia University Hospital Departments of Rad Tech and Nutrition,Morgantown,WV,United States,collegescorecard.ed.gov
8893.0,17442.0,0.9727,1045.0,21.0,West Liberty University,West Liberty,WV,United States,collegescorecard.ed.gov
8424.0,21072.0,0.3668,1033.0,22.0,West Virginia University Institute of Technology,Beckley,WV,United States,collegescorecard.ed.gov
34090.0,34090.0,0.9334,1052.0,21.0,West Virginia Wesleyan College,Buckhannon,WV,United States,collegescorecard.ed.gov
14798.0,14798.0,,,,West Virginia Junior College-Charleston,Cross Lanes,WV,United States,collegescorecard.ed.gov
14798.0,14798.0,,,,West Virginia Junior College-Morgantown,Morgantown,WV,United States,collegescorecard.ed.gov
,,,,,International Beauty School,Martinsburg,WV,United States,collegescorecard.ed.gov
4706.0,12698.0,,,,West Virginia Northern Community College,Wheeling,WV,United States,collegescorecard.ed.gov
10104.0,28608.0,0.89,1122.0,24.0,West Virginia University,Morgantown,WV,United States,collegescorecard.ed.gov
29875.0,29875.0,0.6316,,20.0,Wheeling University,Wheeling,WV,United States,collegescorecard.ed.gov
,,0.75,,,Wood County Technical Center-Practical Nursing,Parkersburg,WV,United States,collegescorecard.ed.gov
,,,,,VICI Beauty School,Greenfield,WI,United States,collegescorecard.ed.gov
34086.0,34086.0,0.8574,,,Alverno College,Milwaukee,WI,United States,collegescorecard.ed.gov
4977.0,7255.0,,,,Madison Area Technical College,Madison,WI,United States,collegescorecard.ed.gov
30952.0,30952.0,0.9718,,22.0,Bellin College,Green Bay,WI,United States,collegescorecard.ed.gov
60886.0,60886.0,0.6304,1287.0,26.0,Beloit College,Beloit,WI,United States,collegescorecard.ed.gov
4267.0,6061.0,,,,Blackhawk Technical College,Janesville,WI,United States,collegescorecard.ed.gov
38890.0,38890.0,0.6684,1190.0,25.0,Carroll University,Waukesha,WI,United States,collegescorecard.ed.gov
38750.0,38750.0,0.8706,1150.0,24.0,Carthage College,Kenosha,WI,United States,collegescorecard.ed.gov
35470.0,35470.0,0.782,1190.0,23.0,Concordia University-Wisconsin,Mequon,WI,United States,collegescorecard.ed.gov
35860.0,35860.0,0.7573,,,Edgewood University,Madison,WI,United States,collegescorecard.ed.gov
5040.0,7283.0,,,,Fox Valley Technical College,Appleton,WI,United States,collegescorecard.ed.gov
4956.0,7199.0,,,,Gateway Technical College,Kenosha,WI,United States,collegescorecard.ed.gov
,,,,,The Professional Hair Design Academy,Eau Claire,WI,United States,collegescorecard.ed.gov
33396.0,33396.0,0.8628,,,Lakeland University,Plymouth,WI,United States,collegescorecard.ed.gov
4844.0,7087.0,,,,Lakeshore Technical College,Cleveland,WI,United States,collegescorecard.ed.gov
56982.0,56982.0,0.6394,1350.0,30.0,Lawrence University,Appleton,WI,United States,collegescorecard.ed.gov
21550.0,21550.0,0.719,1170.0,24.0,Maranatha Baptist University,Watertown,WI,United States,collegescorecard.ed.gov
35178.0,35178.0,0.7498,,21.0,Marian University,Fond Du Lac,WI,United States,collegescorecard.ed.gov
51170.0,51170.0,0.8134,1310.0,28.0,Marquette University,Milwaukee,WI,United States,collegescorecard.ed.gov
,,,,,Medical College of Wisconsin,Milwaukee,WI,United States,collegescorecard.ed.gov
5002.0,7171.0,,,,Mid-State Technical College,Wisconsin Rapids,WI,United States,collegescorecard.ed.gov
5184.0,7427.0,,,,Milwaukee Area Technical College,Milwaukee,WI,United States,collegescorecard.ed.gov
43743.0,43743.0,0.6054,,,Milwaukee Institute of Art & Design,Milwaukee,WI,United States,collegescorecard.ed.gov
50480.0,50480.0,0.5893,,27.0,Milwaukee School of Engineering,Milwaukee,WI,United States,collegescorecard.ed.gov
4819.0,7084.0,,,,Moraine Park Technical College,Fond du Lac,WI,United States,collegescorecard.ed.gov
35420.0,35420.0,0.6233,1020.0,19.0,Mount Mary University,Milwaukee,WI,United States,collegescorecard.ed.gov
,,,,,Nashotah House,Nashotah,WI,United States,collegescorecard.ed.gov
4793.0,7066.0,,,,Nicolet Area Technical College,Rhinelander,WI,United States,collegescorecard.ed.gov
4889.0,7132.0,,,,Northcentral Technical College,Wausau,WI,United States,collegescorecard.ed.gov
4960.0,7233.0,,,,Northeast Wisconsin Technical College,Green Bay,WI,United States,collegescorecard.ed.gov
51900.0,51900.0,0.7984,1176.0,24.0,Ripon College,Ripon,WI,United States,collegescorecard.ed.gov
,,,,,Sacred Heart Seminary and School of Theology,Franklin,WI,United States,collegescorecard.ed.gov
45580.0,45580.0,0.8574,1182.0,27.0,Saint Norbert College,De Pere,WI,United States,collegescorecard.ed.gov
,,,,,State College of Beauty Culture,Wausau,WI,United States,collegescorecard.ed.gov
4904.0,7147.0,,,,Southwest Wisconsin Technical College,Fennimore,WI,United States,collegescorecard.ed.gov
34250.0,34250.0,0.7243,1190.0,23.0,Viterbo University,La Crosse,WI,United States,collegescorecard.ed.gov
4844.0,7087.0,,,,Chippewa Valley Technical College,Eau Claire,WI,United States,collegescorecard.ed.gov
4872.0,7115.0,,,,Waukesha County Technical College,Pewaukee,WI,United States,collegescorecard.ed.gov
4820.0,7078.0,,,,Western Technical College,La Crosse,WI,United States,collegescorecard.ed.gov
8616.0,18716.0,0.8572,1050.0,21.0,University of Wisconsin-Whitewater,Whitewater,WI,United States,collegescorecard.ed.gov
4926.0,7169.0,,,,Northwood Technical College,Rice Lake,WI,United States,collegescorecard.ed.gov
,,,,,Wisconsin School of Professional Psychology,Milwaukee,WI,United States,collegescorecard.ed.gov
9642.0,19228.0,0.8234,1220.0,24.0,University of Wisconsin-Eau Claire,Eau Claire,WI,United States,collegescorecard.ed.gov
8700.0,17288.0,0.8859,1120.0,22.0,University of Wisconsin-Green Bay,Green Bay,WI,United States,collegescorecard.ed.gov
10070.0,19517.0,0.755,1220.0,24.0,University of Wisconsin-La Crosse,La Crosse,WI,United States,collegescorecard.ed.gov
36110.0,36110.0,0.7816,1239.0,25.0,Wisconsin Lutheran College,Milwaukee,WI,United States,collegescorecard.ed.gov
8532.0,16446.0,0.865,1090.0,21.0,University of Wisconsin-Oshkosh,Oshkosh,WI,United States,collegescorecard.ed.gov
8270.0,17429.0,0.7539,1090.0,21.0,University of Wisconsin-Parkside,Kenosha,WI,United States,collegescorecard.ed.gov
13450.0,13450.0,0.943,,,Herzing University-Madison,Madison,WI,United States,collegescorecard.ed.gov
10701.0,19265.0,0.8767,1150.0,23.0,University of Wisconsin-Stout,Menomonie,WI,United States,collegescorecard.ed.gov
8812.0,16726.0,0.9301,1090.0,21.0,University of Wisconsin-Superior,Superior,WI,United States,collegescorecard.ed.gov
11603.0,42103.0,0.452,1427.0,29.0,University of Wisconsin-Madison,Madison,WI,United States,collegescorecard.ed.gov
10398.0,22398.0,0.9068,1090.0,22.0,University of Wisconsin-Milwaukee,Milwaukee,WI,United States,collegescorecard.ed.gov
8644.0,17603.0,0.8938,1190.0,23.0,University of Wisconsin-Platteville,Platteville,WI,United States,collegescorecard.ed.gov
9008.0,17470.0,0.8172,1150.0,22.0,University of Wisconsin-River Falls,River Falls,WI,United States,collegescorecard.ed.gov
9488.0,18508.0,0.918,1150.0,22.0,University of Wisconsin-Stevens Point,Stevens Point,WI,United States,collegescorecard.ed.gov
4470.0,10770.0,,,,Casper College,Casper,WY,United States,collegescorecard.ed.gov
4800.0,11100.0,,,,Central Wyoming College,Riverton,WY,United States,collegescorecard.ed.gov
4290.0,10590.0,,,,Eastern Wyoming College,Torrington,WY,United States,collegescorecard.ed.gov
4613.0,10913.0,,,,Laramie County Community College,Cheyenne,WY,United States,collegescorecard.ed.gov
4962.0,11262.0,,,,Northwest College,Powell,WY,United States,collegescorecard.ed.gov
4830.0,11130.0,,,,Northern Wyoming Community College District,Sheridan,WY,United States,collegescorecard.ed.gov
4230.0,10530.0,,,,Western Wyoming Community College,Rock Springs,WY,United States,collegescorecard.ed.gov
,,,,,Cheeks Beauty Academy,Cheyenne,WY,United States,collegescorecard.ed.gov
,,,,,WyoTech,Laramie,WY,United States,collegescorecard.ed.gov
7768.0,24178.0,0.9688,,,University of Wyoming,Laramie,WY,United States,collegescorecard.ed.gov
5300.0,5600.0,,,,American Samoa Community College,Pago Pago,AS,United States,collegescorecard.ed.gov
3414.0,4614.0,,,,Guam Community College,Mangilao,GU,United States,collegescorecard.ed.gov
6110.0,11414.0,,,,University of Guam,Mangilao,GU,United States,collegescorecard.ed.gov
4038.0,5520.0,,,,Northern Marianas College,Saipan,MP,United States,collegescorecard.ed.gov
,,,,,Institute of Beauty Careers,Arecibo,PR,United States,collegescorecard.ed.gov
8306.0,8306.0,,,,American Educational College,Bayamon,PR,United States,collegescorecard.ed.gov
,,,,,Antilles School of Technical Careers,San Juan,PR,United States,collegescorecard.ed.gov
8350.0,8350.0,1.0,,,Universidad Adventista de las Antillas,Mayaguez,PR,United States,collegescorecard.ed.gov
8280.0,8280.0,,,,Atlantic University,Guaynabo,PR,United States,collegescorecard.ed.gov
5986.0,5986.0,0.6594,,,Universidad Central de Bayamon,Bayamón,PR,United States,collegescorecard.ed.gov
8505.0,8505.0,1.0,,,Albizu University-San Juan,San Juan,PR,United States,collegescorecard.ed.gov
8844.0,8844.0,,,,Caribbean University-Bayamon,Bayamon,PR,United States,collegescorecard.ed.gov
8844.0,8844.0,,,,Caribbean University-Carolina,Carolina,PR,United States,collegescorecard.ed.gov
6550.0,6550.0,0.9378,,,Pontifical Catholic University of Puerto Rico-Arecibo,Arecibo,PR,United States,collegescorecard.ed.gov
6650.0,6650.0,0.9808,1300.0,,Pontifical Catholic University of Puerto Rico-Ponce,Ponce,PR,United States,collegescorecard.ed.gov
12900.0,12900.0,,,,CEM College-San Juan,San Juan,PR,United States,collegescorecard.ed.gov
6660.0,6660.0,,,,Universidad Teologica del Caribe,Trujillo Alto,PR,United States,collegescorecard.ed.gov
2580.0,2580.0,0.7538,,,Colegio Universitario de San Juan,San Juan,PR,United States,collegescorecard.ed.gov
7750.0,7750.0,,,,Universidad Ana G. Mendez-Cupey Campus,San Juan,PR,United States,collegescorecard.ed.gov
3370.0,3850.0,0.7835,,,Puerto Rico Conservatory of Music,San Juan,PR,United States,collegescorecard.ed.gov
,,,,,Center for Advanced Studies On Puerto Rico and the Caribbean,San Juan,PR,United States,collegescorecard.ed.gov
7050.0,14125.0,0.9574,,,EDP University of Puerto Rico Inc-San Sebastian,San Sebastian,PR,United States,collegescorecard.ed.gov
4902.0,8502.0,1.0,,,Escuela de Artes Plasticas y Diseno de Puerto Rico,San Juan,PR,United States,collegescorecard.ed.gov
1600.0,1600.0,0.9337,,,Instituto Tecnologico de Puerto Rico-Recinto de Manati,Manati,PR,United States,collegescorecard.ed.gov
8750.0,8750.0,,,,Huertas College,Caguas,PR,United States,collegescorecard.ed.gov
6560.0,6560.0,,,,Humacao Community College,Humacao,PR,United States,collegescorecard.ed.gov
8664.0,8664.0,,,,ICPR Junior College-Arecibo,Arecibo,PR,United States,collegescorecard.ed.gov
8664.0,8664.0,,,,ICPR Junior College-Mayaguez,Mayaguez,PR,United States,collegescorecard.ed.gov
3608.0,3608.0,0.7899,,,Instituto Tecnologico de Puerto Rico-Recinto de Guayama,Guayama,PR,United States,collegescorecard.ed.gov
1180.0,1180.0,0.6324,,,Instituto Tecnologico de Puerto Rico-Recinto de San Juan,San Juan,PR,United States,collegescorecard.ed.gov
5780.0,5780.0,0.4248,,,Inter American University of Puerto Rico-San German,San German,PR,United States,collegescorecard.ed.gov
5742.0,5742.0,0.4176,,,Inter American University of Puerto Rico-Aguadilla,Aguadilla,PR,United States,collegescorecard.ed.gov
5780.0,5780.0,0.382,,,Inter American University of Puerto Rico-Arecibo,Arecibo,PR,United States,collegescorecard.ed.gov
5742.0,5742.0,0.8595,,,Inter American University of Puerto Rico-Barranquitas,Barranquitas,PR,United States,collegescorecard.ed.gov
5780.0,5780.0,0.6972,,,Inter American University of Puerto Rico-Metro,San Juan,PR,United States,collegescorecard.ed.gov
5780.0,5780.0,0.3373,,,Inter American University of Puerto Rico-Ponce,Mercedita,PR,United States,collegescorecard.ed.gov
5780.0,5780.0,0.2654,,,Inter American University of Puerto Rico-Fajardo,Fajardo,PR,United States,collegescorecard.ed.gov
5780.0,5780.0,0.3633,,,Inter American University of Puerto Rico-Guayama,Guayama,PR,United States,collegescorecard.ed.gov
5780.0,5780.0,0.3962,,,Inter American University of Puerto Rico-Bayamon,Bayamon,PR,United States,collegescorecard.ed.gov
,,,,,Inter American University of Puerto Rico-School of Law,San Juan,PR,United States,collegescorecard.ed.gov
8451.0,8451.0,,,,Liceo de Arte y Tecnologia,San Juan,PR,United States,collegescorecard.ed.gov
,,,,,Modern Hairstyling Institute-Bayamon,Bayamon,PR,United States,collegescorecard.ed.gov
,,0.74,,,Modern Hairstyling Institute-Arecibo,Arecibo,PR,United States,collegescorecard.ed.gov
12698.0,13853.0,,,,NUC University,Bayamon,PR,United States,collegescorecard.ed.gov
,,,,,Ponce Health Sciences University,Ponce,PR,United States,collegescorecard.ed.gov
5954.0,5954.0,0.814,909.0,,University of Puerto Rico-Aguadilla,Aguadilla,PR,United States,collegescorecard.ed.gov
5354.0,5354.0,0.5918,,,University of Puerto Rico-Arecibo,Arecibo,PR,United States,collegescorecard.ed.gov
6284.0,6284.0,0.3533,,,University of Puerto Rico,Bayamon,PR,United States,collegescorecard.ed.gov
7986.0,7986.0,0.5454,932.0,,University of Puerto Rico-Carolina,Carolina,PR,United States,collegescorecard.ed.gov
5354.0,5354.0,0.53,955.0,,University of Puerto Rico at Cayey,Cayey,PR,United States,collegescorecard.ed.gov
5364.0,5364.0,0.548,,,University of Puerto Rico-Humacao,Humacao,PR,United States,collegescorecard.ed.gov
5354.0,5354.0,0.6411,,,University of Puerto Rico-Utuado,Utuado,PR,United States,collegescorecard.ed.gov
5274.0,5274.0,0.5652,,,University of Puerto Rico-Mayaguez,Mayaguez,PR,United States,collegescorecard.ed.gov
,,,,,University of Puerto Rico-Medical Sciences,San Juan,PR,United States,collegescorecard.ed.gov
5354.0,5354.0,0.5245,,,University of Puerto Rico at Ponce,Ponce,PR,United States,collegescorecard.ed.gov
5354.0,5354.0,0.5459,,,University of Puerto Rico-Rio Piedras,San Juan,PR,United States,collegescorecard.ed.gov
7750.0,7750.0,,,,Universidad Ana G. Mendez-Carolina Campus,Carolina,PR,United States,collegescorecard.ed.gov
6410.0,6410.0,0.5802,,,Universidad del Sagrado Corazon,Santurce,PR,United States,collegescorecard.ed.gov
,,,,,Seminario Evangelico de Puerto Rico,San Juan,PR,United States,collegescorecard.ed.gov
7707.0,7707.0,0.6,,,Universidad Central Del Caribe,Bayamon,PR,United States,collegescorecard.ed.gov
9870.0,9870.0,,,,Universidad Politecnica de Puerto Rico,Hato Rey,PR,United States,collegescorecard.ed.gov
6550.0,6550.0,0.9917,,,Pontifical Catholic University of Puerto Rico-Mayaguez,Mayaguez,PR,United States,collegescorecard.ed.gov
7750.0,7750.0,,,,Universidad Ana G. Mendez-Gurabo Campus,Gurabo,PR,United States,collegescorecard.ed.gov
5050.0,5050.0,0.8707,,,College of Micronesia-FSM,Pohnpei,FM,United States,collegescorecard.ed.gov
3730.0,3970.0,,,,Palau Community College,Koror,PW,United States,collegescorecard.ed.gov
5957.0,16557.0,0.9898,938.0,17.0,University of the Virgin Islands,Charlotte Amalie,VI,United States,collegescorecard.ed.gov
65910.0,65910.0,0.0361,1553.0,35.0,Stanford University,Stanford,CA,United States,collegescorecard.ed.gov
9992.0,28794.0,0.4987,1364.0,30.0,Purdue University-Main Campus,West Lafayette,IN,United States,collegescorecard.ed.gov
17893.0,17893.0,,,,Parker University,Dallas,TX,United States,collegescorecard.ed.gov
7050.0,14125.0,0.6067,,,EDP University of Puerto Rico Inc-San Juan,San Juan,PR,United States,collegescorecard.ed.gov
8664.0,8664.0,,,,ICPR Junior College,Hato Rey,PR,United States,collegescorecard.ed.gov
,,,,,Meridian College,Sarasota,FL,United States,collegescorecard.ed.gov
3104.0,10064.0,0.9077,919.0,,Georgia State University-Perimeter College,Atlanta,GA,United States,collegescorecard.ed.gov
3386.0,5954.0,,,,Georgia Piedmont Technical College,Clarkston,GA,United States,collegescorecard.ed.gov
,,,,,ETI School of Skilled Trades,Willowbrook,IL,United States,collegescorecard.ed.gov
,,,,,Traxlers School of Hair,Jackson,MS,United States,collegescorecard.ed.gov
5460.0,6360.0,,,,Warren County Community College,Washington,NJ,United States,collegescorecard.ed.gov
40504.0,40504.0,0.5315,1426.0,28.0,St. John's College,Santa Fe,NM,United States,collegescorecard.ed.gov
8600.0,8600.0,0.375,,,Bais Medrash Elyon,Monsey,NY,United States,collegescorecard.ed.gov
,,,,,Antioch University-Los Angeles,Culver City,CA,United States,collegescorecard.ed.gov
,,,,,Antioch University-Santa Barbara,Santa Barbara,CA,United States,collegescorecard.ed.gov
,,,,,Antioch University-New England,Keene,NH,United States,collegescorecard.ed.gov
,,,,,Antioch University-Seattle,Seattle,WA,United States,collegescorecard.ed.gov
,,,,,Antioch University,Yellow Springs,OH,United States,collegescorecard.ed.gov
21294.0,21294.0,0.9176,1020.0,,Mid-America Christian University,Oklahoma City,OK,United States,collegescorecard.ed.gov
,,,,,Miller-Motte College-Tulsa,Tulsa,OK,United States,collegescorecard.ed.gov
,,,,,Ponca City Beauty College,Ponca City,OK,United States,collegescorecard.ed.gov
,,,,,Francis Tuttle Technology Center,Oklahoma City,OK,United States,collegescorecard.ed.gov
,,,,,Central Technology Center,Drumright,OK,United States,collegescorecard.ed.gov
,,,,,Carrington College-Portland,Portland,OR,United States,collegescorecard.ed.gov
,,1.0,,,Career Technology Center of Lackawanna County,Scranton,PA,United States,collegescorecard.ed.gov
3412.0,9952.0,,,,Palo Alto College,San Antonio,TX,United States,collegescorecard.ed.gov
,,,,,UCAS University of Cosmetology Arts & Sciences-San Antonio 410,San Antonio,TX,United States,collegescorecard.ed.gov
,,,,,Central Texas Beauty College-Round Rock,Round Rock,TX,United States,collegescorecard.ed.gov
,,,,,HJ International Graduate School for Peace and Public Leadership,New York,NY,United States,collegescorecard.ed.gov
3390.0,5958.0,,,,Athens Technical College,Athens,GA,United States,collegescorecard.ed.gov
,,,,,GateWay Community College-Central City,Phoenix,AZ,United States,collegescorecard.ed.gov
,,,,,Carrington College-San Leandro Campus,San Leandro,CA,United States,collegescorecard.ed.gov
,,,,,Headmasters School of Hair Design,Lewiston,ID,United States,collegescorecard.ed.gov
,,,,,The Salon Professional Academy-Nampa,Nampa,ID,United States,collegescorecard.ed.gov
13295.0,13295.0,,,,Beckfield College-Florence,Florence,KY,United States,collegescorecard.ed.gov
16990.0,16990.0,,,,Dorsey College-Wayne,Wayne,MI,United States,collegescorecard.ed.gov
,,,,,Ecumenical Theological Seminary,Detroit,MI,United States,collegescorecard.ed.gov
,,,,,Ross Medical Education Center-Saginaw,Saginaw,MI,United States,collegescorecard.ed.gov
5544.0,9024.0,,,,Sussex County Community College,Newton,NJ,United States,collegescorecard.ed.gov
66540.0,66540.0,0.4944,,,Landmark College,Putney,VT,United States,collegescorecard.ed.gov
6100.0,6100.0,0.9,,,Yeshiva Gedolah of Greater Detroit,Oak Park,MI,United States,collegescorecard.ed.gov
2014.0,6064.0,,,,Collin County Community College District,McKinney,TX,United States,collegescorecard.ed.gov
4728.0,6432.0,,,,Owensboro Community and Technical College,Owensboro,KY,United States,collegescorecard.ed.gov
,,,,,Cloyd's Beauty School 3 Inc,Monroe,LA,United States,collegescorecard.ed.gov
,,,,,Moore Norman Technology Center,Norman,OK,United States,collegescorecard.ed.gov
,,,,,Fayette County Career & Technical Institute Practical Nursing Program,Uniontown,PA,United States,collegescorecard.ed.gov
,,1.0,,,Franklin County Career and Technology Center,Chambersburg,PA,United States,collegescorecard.ed.gov
,,,,,Ogle School Hair Skin Nails-Hurst,Hurst,TX,United States,collegescorecard.ed.gov
,,,,,Tennessee College of Applied Technology Nashville,Nashville,TN,United States,collegescorecard.ed.gov
18484.0,18484.0,0.7452,,,ECPI University,Virginia Beach,VA,United States,collegescorecard.ed.gov
,,,,,Ms Roberts Academy of Beauty Culture,Hillside,IL,United States,collegescorecard.ed.gov
,,,,,Paul Mitchell the School-Houston,Houston,TX,United States,collegescorecard.ed.gov
13955.0,13955.0,,,,Fortis Institute-Forty Fort,Forty Fort,PA,United States,collegescorecard.ed.gov
13713.0,13713.0,0.7685,,,Laurel Technical Institute,Uniontown,PA,United States,collegescorecard.ed.gov
16757.0,16757.0,,,,Aviation Institute of Maintenance-Philadelphia,Philadelphia,PA,United States,collegescorecard.ed.gov
16990.0,16990.0,,,,Dorsey College-Roseville,Roseville,MI,United States,collegescorecard.ed.gov
,,,,,Moler-Pickens Beauty Academy,Fairfield,OH,United States,collegescorecard.ed.gov
,,,,,Red River Technology Center,Duncan,OK,United States,collegescorecard.ed.gov
5040.0,8910.0,,,,Southern Union State Community College,Wadley,AL,United States,collegescorecard.ed.gov
18145.0,18145.0,,,,South University-Columbia,Columbia,SC,United States,collegescorecard.ed.gov
,,1.0,,,Greene County Career and Technology Center,Waynesburg,PA,United States,collegescorecard.ed.gov
6030.0,6030.0,,,,Lac Courte Oreilles Ojibwe University,Hayward,WI,United States,collegescorecard.ed.gov
,,,,,Diesel Driving Academy-Shreveport,Shreveport,LA,United States,collegescorecard.ed.gov
,,,,,Pima Medical Institute-Mesa,Mesa,AZ,United States,collegescorecard.ed.gov
14922.0,14922.0,,,,Platt College-Los Angeles,Alhambra,CA,United States,collegescorecard.ed.gov
,,,,,Paul Mitchell the School-Boise,Boise,ID,United States,collegescorecard.ed.gov
,,,,,Educators of Beauty College of Cosmetology-Rockford,Rockford,IL,United States,collegescorecard.ed.gov
,,,,,Douglas J Aveda Institute,East Lansing,MI,United States,collegescorecard.ed.gov
,,,,,Ross Medical Education Center-Brighton,Brighton,MI,United States,collegescorecard.ed.gov
,,,,,Ross Medical Education Center-Ann Arbor,Ann Arbor,MI,United States,collegescorecard.ed.gov
,,,,,Dorsey School of Beauty,Taylor,MI,United States,collegescorecard.ed.gov
,,,,,Pike-Lincoln Technical Center,Eolia,MO,United States,collegescorecard.ed.gov
3048.0,6096.0,,,,St Charles Community College,Cottleville,MO,United States,collegescorecard.ed.gov
12540.0,12540.0,,,,University of Massachusetts Global,Aliso Viejo,CA,United States,collegescorecard.ed.gov
6916.0,29944.0,0.732,1150.0,26.0,New College of Florida,Sarasota,FL,United States,collegescorecard.ed.gov
14640.0,14640.0,,,,Montana Bible College,Billings,MT,United States,collegescorecard.ed.gov
,,,,,Conservatory of Recording Arts and Sciences,Tempe,AZ,United States,collegescorecard.ed.gov
,,,,,San Joaquin Valley College-Fresno,Fresno,CA,United States,collegescorecard.ed.gov
,,1.0,,,Dr. Ida Rolf Institute,Boulder,CO,United States,collegescorecard.ed.gov
,,,,,Aveda Institute-Fort Myers,Fort Myers,FL,United States,collegescorecard.ed.gov
,,,,,Ross Medical Education Center-Port Huron,Port Huron,MI,United States,collegescorecard.ed.gov
,,,,,Raphael's School of Beauty Culture Inc-Alliance,Alliance,OH,United States,collegescorecard.ed.gov
,,,,,Metro Technology Centers,Oklahoma City,OK,United States,collegescorecard.ed.gov
1474.0,3418.0,,,,Luna Community College,Las Vegas,NM,United States,collegescorecard.ed.gov
,,,,,Grabber School of Hair Design,St. Louis,MO,United States,collegescorecard.ed.gov
9300.0,9300.0,,,,Yeshivah Gedolah Rabbinical College,Miami Beach,FL,United States,collegescorecard.ed.gov
,,,,,Raphael's School of Beauty Culture Inc-Brunswick,Brunswick,OH,United States,collegescorecard.ed.gov
8844.0,8844.0,,,,Caribbean University-Ponce,Ponce,PR,United States,collegescorecard.ed.gov
8844.0,8844.0,,,,Caribbean University-Vega Baja,Vega Baja,PR,United States,collegescorecard.ed.gov
19365.0,19365.0,0.9806,,,University of Advancing Technology,Tempe,AZ,United States,collegescorecard.ed.gov
2358.0,8958.0,,,,Paradise Valley Community College,Phoenix,AZ,United States,collegescorecard.ed.gov
2358.0,8958.0,,,,Chandler-Gilbert Community College,Chandler,AZ,United States,collegescorecard.ed.gov
,,,,,Great Plains Technology Center,Lawton,OK,United States,collegescorecard.ed.gov
,,,,,Roane-Jackson Technical Center,Leroy,WV,United States,collegescorecard.ed.gov
,,,,,Pioneer Technology Center,Ponca City,OK,United States,collegescorecard.ed.gov
,,,,,Portage Lakes Career Center,Uniontown,OH,United States,collegescorecard.ed.gov
,,,,,Caddo Kiowa Technology Center,Fort Cobb,OK,United States,collegescorecard.ed.gov
,,,,,Center for Instruction Technology & Innovation,Mexico,NY,United States,collegescorecard.ed.gov
,,,,,International School of Skin Nailcare & Massage Therapy,Sandy Springs,GA,United States,collegescorecard.ed.gov
,,,,,Palomar Institute of Cosmetology,San Marcos,CA,United States,collegescorecard.ed.gov
,,,,,Southern Oklahoma Technology Center,Ardmore,OK,United States,collegescorecard.ed.gov
,,0.7094,,,Autry Technology Center,Enid,OK,United States,collegescorecard.ed.gov
,,,,,Greene County Career Center,Xenia,OH,United States,collegescorecard.ed.gov
,,,,,Canadian Valley Technology Center,El Reno,OK,United States,collegescorecard.ed.gov
,,0.7925,,,Wilkes-Barre Area Career and Technical Center Practical Nursing,Wilkes Barre,PA,United States,collegescorecard.ed.gov
,,,,,Meridian Technology Center,Stillwater,OK,United States,collegescorecard.ed.gov
,,,,,Waynesville Career Center,Waynesville,MO,United States,collegescorecard.ed.gov
,,,,,Capitol Beauty School,Omaha,NE,United States,collegescorecard.ed.gov
,,1.0,,,Morris County Vocational School District,Denville,NJ,United States,collegescorecard.ed.gov
,,,,,Ross Medical Education Center-Roosevelt Park,Roosevelt Park,MI,United States,collegescorecard.ed.gov
,,,,,Ross Medical Education Center-Kentwood,Kentwood,MI,United States,collegescorecard.ed.gov
7980.0,7980.0,,,,South Florida Bible College and Theological Seminary,Deerfield Beach,FL,United States,collegescorecard.ed.gov
,,,,,Cloyd's Barber School 2 Inc,Monroe,LA,United States,collegescorecard.ed.gov
,,,,,Universal Technical Institute of Illinois Inc,Lisle,IL,United States,collegescorecard.ed.gov
18240.0,25980.0,,,,Pennsylvania College of Technology,Williamsport,PA,United States,collegescorecard.ed.gov
15313.0,15313.0,0.8642,1110.0,,Commonwealth Institute of Funeral Service,Houston,TX,United States,collegescorecard.ed.gov
,,,,,Delta College of Arts & Technology,Baton Rouge,LA,United States,collegescorecard.ed.gov
3610.0,3610.0,,,,Stone Child College,Box Elder,MT,United States,collegescorecard.ed.gov
,,,,,New York Academy of Art,New York,NY,United States,collegescorecard.ed.gov
6630.0,12460.0,,,,Suffolk County Community College,Selden,NY,United States,collegescorecard.ed.gov
1168.0,9808.0,,,,Las Positas College,Livermore,CA,United States,collegescorecard.ed.gov
3388.0,5956.0,,,,Ogeechee Technical College,Statesboro,GA,United States,collegescorecard.ed.gov
16411.0,16411.0,,,,Remington College-Mobile Campus,Mobile,AL,United States,collegescorecard.ed.gov
14894.0,14894.0,,,,Southern Technical College,Fort Myers,FL,United States,collegescorecard.ed.gov
,,,,,Mercy-St Luke's School of Radiologic Technology,Cedar Rapids,IA,United States,collegescorecard.ed.gov
,,,,,Northwest Technology Center-Alva,Alva,OK,United States,collegescorecard.ed.gov
8082.0,20682.0,0.951,,,California State University-San Marcos,San Marcos,CA,United States,collegescorecard.ed.gov
,,,,,Tricoci University of Beauty Culture LLC-Bloomington,Bloomington,IN,United States,collegescorecard.ed.gov
10970.0,10970.0,,,,Interactive College of Technology-Newport,Newport,KY,United States,collegescorecard.ed.gov
,,,,,Ross Medical Education Center-Taylor,Taylor,MI,United States,collegescorecard.ed.gov
10970.0,10970.0,,,,Interactive College of Technology,Houston,TX,United States,collegescorecard.ed.gov
,,,,,Butler Beauty Academy-New Castle Beauty Academy,New Castle,PA,United States,collegescorecard.ed.gov
3342.0,5238.0,,,,NorthWest Arkansas Community College,Bentonville,AR,United States,collegescorecard.ed.gov
,,,,,H W Brewster Technical College,Tampa,FL,United States,collegescorecard.ed.gov
,,,,,University of St. Augustine for Health Sciences,San Marcos,CA,United States,collegescorecard.ed.gov
12075.0,12075.0,0.9444,,,Capital Area Career Center,Springfield,IL,United States,collegescorecard.ed.gov
,,,,,Hair Professionals Career College,Palos Hills,IL,United States,collegescorecard.ed.gov
,,,,,Empire Beauty School-Bloomfield,Bloomfield,NJ,United States,collegescorecard.ed.gov
,,,,,Southwest Technology Center,Altus,OK,United States,collegescorecard.ed.gov
,,,,,Western Area Career & Technology Center,Canonsburg,PA,United States,collegescorecard.ed.gov
20350.0,20350.0,0.4631,,,Nossi College of Art and Design,Nashville,TN,United States,collegescorecard.ed.gov
,,,,,Pima Medical Institute-Seattle,Seattle,WA,United States,collegescorecard.ed.gov
,,,,,Mineral County Vocational Technical Center,Keyser,WV,United States,collegescorecard.ed.gov
,,,,,Hypnosis Motivation Institute,Tarzana,CA,United States,collegescorecard.ed.gov
,,,,,Thanh Le College School of Cosmetology,Garden Grove,CA,United States,collegescorecard.ed.gov
3400.0,5968.0,,,,Southeastern Technical College,Vidalia,GA,United States,collegescorecard.ed.gov
,,,,,Massachusetts School of Law,Andover,MA,United States,collegescorecard.ed.gov
,,,,,Universal Technical Institute-Orlando,Orlando,FL,United States,collegescorecard.ed.gov
,,,,,Erwin Technical College,Tampa,FL,United States,collegescorecard.ed.gov
,,,,,Rosel School of Cosmetology,Niles,IL,United States,collegescorecard.ed.gov
20500.0,20500.0,0.92,,24.0,Worsham College of Mortuary Science,Wheeling,IL,United States,collegescorecard.ed.gov
15868.0,15868.0,,,,Bryan University,Springfield,MO,United States,collegescorecard.ed.gov
,,0.962,,,Central Pennsylvania Institute of Science and Technology,Pleasant Gap,PA,United States,collegescorecard.ed.gov
,,,,,Northwest Educational Center,Houston,TX,United States,collegescorecard.ed.gov
,,,,,PCI Health Training Center,Dallas,TX,United States,collegescorecard.ed.gov
,,,,,Hamrick School,Medina,OH,United States,collegescorecard.ed.gov
,,,,,Fortis College,Mobile,AL,United States,collegescorecard.ed.gov
,,,,,Downey Adult School,Downey,CA,United States,collegescorecard.ed.gov
,,,,,CRU Institute of Cosmetology and Barbering,Garden Grove,CA,United States,collegescorecard.ed.gov
,,,,,Modern Technology School,Fountain Valley,CA,United States,collegescorecard.ed.gov
,,,,,National Career Education,Citrus Heights,CA,United States,collegescorecard.ed.gov
,,,,,North-West College-Glendale,Glendale,CA,United States,collegescorecard.ed.gov
,,,,,Fremont University,Cerritos,CA,United States,collegescorecard.ed.gov
,,,,,Pomona Unified School District Adult and Career Education,Pomona,CA,United States,collegescorecard.ed.gov
,,,,,Universal College of Beauty Inc-Los Angeles 2,Los Angeles,CA,United States,collegescorecard.ed.gov
,,,,,IBMC College,Fort Collins,CO,United States,collegescorecard.ed.gov
,,,,,Avalon Institute-Aurora,Aurora,CO,United States,collegescorecard.ed.gov
,,,,,Academy of Cosmetology,Merritt Island,FL,United States,collegescorecard.ed.gov
15543.0,15543.0,,,,Fortis College-Smyrna,Smyrna,GA,United States,collegescorecard.ed.gov
,,,,,Ross College-Davenport,Davenport,IA,United States,collegescorecard.ed.gov
,,,,,Pivot Point Academy,Bloomingdale,IL,United States,collegescorecard.ed.gov
,,,,,Blalock's Professional Beauty College,Shreveport,LA,United States,collegescorecard.ed.gov
,,,,,Diesel Driving Academy-Baton Rouge,Baton Rouge,LA,United States,collegescorecard.ed.gov
,,,,,New England Hair Academy,Malden,MA,United States,collegescorecard.ed.gov
,,,,,Rob Roy Academy-Worcester,Worcester,MA,United States,collegescorecard.ed.gov
,,0.7143,,,Upper Cape Cod Regional Technical School,Bourne,MA,United States,collegescorecard.ed.gov
,,,,,All-State Career-Baltimore,Baltimore,MD,United States,collegescorecard.ed.gov
,,,,,Adler Graduate School,Minnetonka,MN,United States,collegescorecard.ed.gov
,,,,,Mississippi Barber Academy,Jackson,MS,United States,collegescorecard.ed.gov
,,,,,KC's School of Hair Design,Pontotoc,MS,United States,collegescorecard.ed.gov
,,,,,Lincoln Technical Institute-Moorestown,Moorestown,NJ,United States,collegescorecard.ed.gov
,,,,,MCVSD,Freehold,NJ,United States,collegescorecard.ed.gov
12500.0,12500.0,,,,Yeshiva Gedolah Imrei Yosef D'spinka,Brooklyn,NY,United States,collegescorecard.ed.gov
,,,,,Knox County Career Center,Mount Vernon,OH,United States,collegescorecard.ed.gov
,,,,,Madison Adult Career Center,Mansfield,OH,United States,collegescorecard.ed.gov
15876.0,15876.0,,,,Remington College-Cleveland Campus,Cleveland,OH,United States,collegescorecard.ed.gov
,,,,,Brown & Clermont Adult Career Campuses,Bethel,OH,United States,collegescorecard.ed.gov
,,,,,Chisholm Trail Technology Center,Omega,OK,United States,collegescorecard.ed.gov
,,,,,Gordon Cooper Technology Center,Shawnee,OK,United States,collegescorecard.ed.gov
,,,,,Kiamichi Technology Center-McAlester,McAlester,OK,United States,collegescorecard.ed.gov
,,,,,YTI Career Institute-Altoona,Altoona,PA,United States,collegescorecard.ed.gov
,,0.8081,,,Eastern Center for Arts and Technology,Willow Grove,PA,United States,collegescorecard.ed.gov
,,,,,Empire Beauty School-Center City Philadelphia,Philadelphia,PA,United States,collegescorecard.ed.gov
12900.0,12900.0,,,,CEM College-Humacao,Humacao,PR,United States,collegescorecard.ed.gov
,,,,,Colegio Mayor de Tecnologia Inc,Arroyo,PR,United States,collegescorecard.ed.gov
,,,,,Institucion Chaviano de Mayaguez,Mayaguez,PR,United States,collegescorecard.ed.gov
12226.0,12226.0,,,,Liceo de Arte-Dise-O y Comercio,Caguas,PR,United States,collegescorecard.ed.gov
,,,,,Universal Technology College of Puerto Rico,Aguadilla,PR,United States,collegescorecard.ed.gov
,,,,,Academy of Hair Technology,Greenville,SC,United States,collegescorecard.ed.gov
,,,,,Mr Wayne's School of Unisex Hair Design,Cookeville,TN,United States,collegescorecard.ed.gov
6840.0,7480.0,,,,College of the Marshall Islands,Majuro,MH,United States,collegescorecard.ed.gov
16071.0,16071.0,,,,Remington College-Fort Worth Campus,North Richland Hills,TX,United States,collegescorecard.ed.gov
,,,,,UCAS University of Cosmetology Arts & Sciences,San Antonio,TX,United States,collegescorecard.ed.gov
,,0.6857,,,School of Automotive Machinists & Technology,Houston,TX,United States,collegescorecard.ed.gov
,,,,,Nuvani Institute,San Antonio,TX,United States,collegescorecard.ed.gov
,,,,,Nuvani Institute,Eagle Pass,TX,United States,collegescorecard.ed.gov
,,,,,Texas College of Cosmetology-Abilene,Abilene,TX,United States,collegescorecard.ed.gov
16637.0,16637.0,,,,Centura College-Newport News,Newport News,VA,United States,collegescorecard.ed.gov
16637.0,16637.0,,,,Centura College-Norfolk,Norfolk,VA,United States,collegescorecard.ed.gov
,,,,,Virginia Beach City Public Schools School of Practical Nursing,Virginia Beach,VA,United States,collegescorecard.ed.gov
18100.0,18100.0,0.6598,,,Northwest College of Art & Design,Tacoma,WA,United States,collegescorecard.ed.gov
12919.0,43155.0,0.906,,,University of Washington-Bothell Campus,Bothell,WA,United States,collegescorecard.ed.gov
13168.0,43404.0,0.8252,,,University of Washington-Tacoma Campus,Tacoma,WA,United States,collegescorecard.ed.gov
,,,,,Huntington School of Beauty Culture,Huntington,WV,United States,collegescorecard.ed.gov
,,,,,Valley College-Beckley,Beckley,WV,United States,collegescorecard.ed.gov
,,,,,Valley College-Martinsburg,Martinsburg,WV,United States,collegescorecard.ed.gov
,,,,,Bellus Academy-Poway,Poway,CA,United States,collegescorecard.ed.gov
,,,,,Capstone College,Pasadena,CA,United States,collegescorecard.ed.gov
,,,,,Central Coast College,Salinas,CA,United States,collegescorecard.ed.gov
11000.0,11000.0,,,,Pacific College of Health and Science,San Diego,CA,United States,collegescorecard.ed.gov
,,,,,Artistic Nails and Beauty Academy-Tampa,Tampa,FL,United States,collegescorecard.ed.gov
,,,,,National Aviation Academy of Tampa Bay,Clearwater,FL,United States,collegescorecard.ed.gov
,,1.0,,,Madison Oneida BOCES-Practical Nursing Program,Verona,NY,United States,collegescorecard.ed.gov
,,,,,College of Health Care Professions,Houston,TX,United States,collegescorecard.ed.gov
,,,,,Center for Advanced Legal Studies,Houston,TX,United States,collegescorecard.ed.gov
,,,,,Houston Training School-Main Campus,Houston,TX,United States,collegescorecard.ed.gov
3480.0,3480.0,,,,Bay Mills Community College,Brimley,MI,United States,collegescorecard.ed.gov
6006.0,6006.0,,,,Fond du Lac Tribal and Community College,Cloquet,MN,United States,collegescorecard.ed.gov
4365.0,4365.0,,,,Northwest Indian College,Bellingham,WA,United States,collegescorecard.ed.gov
16548.0,16548.0,,,,Provo College,Provo,UT,United States,collegescorecard.ed.gov
,,,,,CET-Coachella,Coachella,CA,United States,collegescorecard.ed.gov
,,,,,CET-Oxnard,Oxnard,CA,United States,collegescorecard.ed.gov
,,,,,CET-Santa Maria,Santa Maria,CA,United States,collegescorecard.ed.gov
,,,,,Colorado Chinese Medicine University,Denver,CO,United States,collegescorecard.ed.gov
,,,,,Michigan College of Beauty-Troy,Troy,MI,United States,collegescorecard.ed.gov
,,,,,Ogle School Hair Skin Nails-Dallas,Dallas,TX,United States,collegescorecard.ed.gov
,,,,,Phoenix Seminary,Scottsdale,AZ,United States,collegescorecard.ed.gov
,,,,,Faust Institute of Cosmetology-Spirit Lake,Spirit Lake,IA,United States,collegescorecard.ed.gov
,,,,,Cheeks Beauty Academy,Loveland,CO,United States,collegescorecard.ed.gov
11764.0,11764.0,,,,Colorado School of Healing Arts,Lakewood,CO,United States,collegescorecard.ed.gov
,,,,,Mt. Diablo Adult Education-Mt. Diablo USD,Concord,CA,United States,collegescorecard.ed.gov
,,0.75,,,Greater Lowell Technical School,Tyngsboro,MA,United States,collegescorecard.ed.gov
,,,,,Academy of Hair Design-Pearl,Pearl,MS,United States,collegescorecard.ed.gov
,,,,,Genesis Career College-Lebanon,Lebanon,TN,United States,collegescorecard.ed.gov
2766.0,14746.0,,,,Southwest College for the Deaf,Big Spring,TX,United States,collegescorecard.ed.gov
15688.0,15688.0,,,,Fortis College-Richmond,Richmond,VA,United States,collegescorecard.ed.gov
,,,,,Midwest College of Oriental Medicine-Racine,Racine,WI,United States,collegescorecard.ed.gov
,,1.0,,,Hacienda La Puente Adult Education,La Puente,CA,United States,collegescorecard.ed.gov
,,,,,La Belle Beauty Academy,Miami,FL,United States,collegescorecard.ed.gov
3204.0,8340.0,,,,Hawaii Community College,Hilo,HI,United States,collegescorecard.ed.gov
,,,,,Robert Fiance Beauty Schools-North Plainfield,North Plainfield,NJ,United States,collegescorecard.ed.gov
,,,,,Long Island Beauty School-Hauppauge,Hauppauge,NY,United States,collegescorecard.ed.gov
,,,,,Buckeye Joint Vocational School,New Philadelphia,OH,United States,collegescorecard.ed.gov
,,,,,Sandusky Career Center,Sandusky,OH,United States,collegescorecard.ed.gov
,,,,,Greater Altoona Career & Technology Center,Altoona,PA,United States,collegescorecard.ed.gov
,,,,,Central Texas Beauty College-Temple,Temple,TX,United States,collegescorecard.ed.gov
,,,,,Erie 2 Chautauqua Cattaraugus BOCES-Practical Nursing Program,Angola,NY,United States,collegescorecard.ed.gov
1372.0,3268.0,,,,Eastern New Mexico University Ruidoso Branch Community College,Ruidoso,NM,United States,collegescorecard.ed.gov
,,,,,UEI College-Ontario,Ontario,CA,United States,collegescorecard.ed.gov
,,,,,UEI College-Reseda,Reseda,CA,United States,collegescorecard.ed.gov
51680.0,51680.0,0.4347,,,Beacon College,Leesburg,FL,United States,collegescorecard.ed.gov
,,,,,Acupuncture and Integrative Medicine College-Berkeley,Berkeley,CA,United States,collegescorecard.ed.gov
2358.0,8958.0,,,,Estrella Mountain Community College,Avondale,AZ,United States,collegescorecard.ed.gov
5550.0,13110.0,,,,Heartland Community College,Normal,IL,United States,collegescorecard.ed.gov
6660.0,6660.0,,,,University of the Potomac-Washington DC Campus,Washington,DC,United States,collegescorecard.ed.gov
12700.0,12700.0,0.9167,,,Rabbi Jacob Joseph School,Edison,NJ,United States,collegescorecard.ed.gov
,,,,,The Salon Professional Academy-Melbourne,Melbourne,FL,United States,collegescorecard.ed.gov
,,,,,Albert Einstein College of Medicine,Bronx,NY,United States,collegescorecard.ed.gov
15348.0,15348.0,,,,Fortis Institute-Scranton,Scranton,PA,United States,collegescorecard.ed.gov
21680.0,21680.0,0.8145,,,Everglades University,Boca Raton,FL,United States,collegescorecard.ed.gov
12500.0,12500.0,0.844,,,Seminar L'moros Bais Yaakov,Brooklyn,NY,United States,collegescorecard.ed.gov
13450.0,13450.0,0.942,,,Herzing University-Orlando,Winter Park,FL,United States,collegescorecard.ed.gov
,,,,,Cortiva Institute,Maitland,FL,United States,collegescorecard.ed.gov
9350.0,9350.0,,,,College of Biblical Studies-Houston,Houston,TX,United States,collegescorecard.ed.gov
,,,,,Mercaz Hatorah of Belle Harbor,Belle Harbor,NY,United States,collegescorecard.ed.gov
,,,,,Mid-EastCTC-Adult Education,Zanesville,OH,United States,collegescorecard.ed.gov
,,,,,Polaris Career Center,Middleburg Heights,OH,United States,collegescorecard.ed.gov
,,,,,P&A Scholars Beauty School,Detroit,MI,United States,collegescorecard.ed.gov
,,,,,Sharp's Academy of Hairstyling,Grand Blanc,MI,United States,collegescorecard.ed.gov
,,,,,The College of Health Care Professions-Northwest,Houston,TX,United States,collegescorecard.ed.gov
8750.0,8750.0,0.0,,,School of Professional Horticulture New York Botanical Garden,Bronx,NY,United States,collegescorecard.ed.gov
,,,,,Fortis College,Houston,TX,United States,collegescorecard.ed.gov
,,,,,UEI College-Gardena,Gardena,CA,United States,collegescorecard.ed.gov
,,,,,Asian-American International Beauty College,Westminster,CA,United States,collegescorecard.ed.gov
1390.0,13570.0,,,,Copper Mountain Community College,Joshua Tree,CA,United States,collegescorecard.ed.gov
,,,,,Diversified Vocational College,Los Angeles,CA,United States,collegescorecard.ed.gov
,,,,,UEI College-Fresno,Fresno,CA,United States,collegescorecard.ed.gov
1164.0,9612.0,,,,Santiago Canyon College,Orange,CA,United States,collegescorecard.ed.gov
20515.0,20515.0,0.7419,,,Southern California Institute of Technology,Anaheim,CA,United States,collegescorecard.ed.gov
38728.0,38728.0,0.4338,1440.0,26.0,Soka University of America,Aliso Viejo,CA,United States,collegescorecard.ed.gov
,,,,,Summit College,San Bernardino,CA,United States,collegescorecard.ed.gov
,,,,,Advance Beauty College,Garden Grove,CA,United States,collegescorecard.ed.gov
7260.0,7260.0,,,,Los Angeles Pacific College,Los Angeles,CA,United States,collegescorecard.ed.gov
6920.0,6920.0,,,,World Mission University,Los Angeles,CA,United States,collegescorecard.ed.gov
,,,,,Yo San University of Traditional Chinese Medicine,Los Angeles,CA,United States,collegescorecard.ed.gov
,,,,,John Amico School of Hair Design,Oak Forest,IL,United States,collegescorecard.ed.gov
,,,,,Delta College Inc,Covington,LA,United States,collegescorecard.ed.gov
,,,,,Tri-State Cosmetology Institute,El Paso,TX,United States,collegescorecard.ed.gov
,,,,,Brookline College-Tempe,Tempe,AZ,United States,collegescorecard.ed.gov
,,,,,Inter American University of Puerto Rico-School of Optometry,Bayamon,PR,United States,collegescorecard.ed.gov
13680.0,13680.0,,,,Schiller International University,Tampa,FL,United States,collegescorecard.ed.gov
2907.0,9987.0,,,,Coconino Community College,Flagstaff,AZ,United States,collegescorecard.ed.gov
,,,,,Emma's Beauty Academy-Juana Diaz,Juana Diaz,PR,United States,collegescorecard.ed.gov
,,,,,Brillare Beauty Institute,Cleveland,TN,United States,collegescorecard.ed.gov
,,,,,Pima Medical Institute-Denver,Denver,CO,United States,collegescorecard.ed.gov
,,,,,Ohio State School of Cosmetology-Heath,Heath,OH,United States,collegescorecard.ed.gov
8640.0,8640.0,0.9038,,,Yeshivas Novominsk,Brooklyn,NY,United States,collegescorecard.ed.gov
,,,,,Southern Careers Institute-Corpus Christi,Corpus Christi,TX,United States,collegescorecard.ed.gov
22300.0,22300.0,,,,Rabbinical College of Ohr Shimon Yisroel,Brooklyn,NY,United States,collegescorecard.ed.gov
4308.0,10158.0,,,,Carroll Community College,Westminster,MD,United States,collegescorecard.ed.gov
17048.0,17048.0,,,,Galen College of Nursing-Tampa Bay,Saint Petersburg,FL,United States,collegescorecard.ed.gov
17048.0,17048.0,,,,Galen College of Nursing-San Antonio,San Antonio,TX,United States,collegescorecard.ed.gov
,,,,,Sarasota School of Massage Therapy,Sarasota,FL,United States,collegescorecard.ed.gov
,,,,,Schuyler Steuben Chemung Tioga Allegany BOCES,Elmira,NY,United States,collegescorecard.ed.gov
,,,,,Delaware Chenango Madison Otsego BOCES-Practical Nursing Program,Norwich,NY,United States,collegescorecard.ed.gov
,,0.6667,,,Central Susquehanna Intermediate Unit LPN Career,Milton,PA,United States,collegescorecard.ed.gov
,,,,,G Skin & Beauty Institute,Oakbrook,IL,United States,collegescorecard.ed.gov
,,,,,Cosmetology Training Center,Lafayette,LA,United States,collegescorecard.ed.gov
,,,,,Stage One-The Hair School,Lake Charles,LA,United States,collegescorecard.ed.gov
,,,,,Empire Beauty School-Malden,Malden,MA,United States,collegescorecard.ed.gov
,,,,,Xenon A Stephanie Moss Academy,Omaha,NE,United States,collegescorecard.ed.gov
,,,,,Orlo School of Hair Design and Cosmetology,Albany,NY,United States,collegescorecard.ed.gov
,,,,,Eastland-Fairfield Career and Technical Schools,Groveport,OH,United States,collegescorecard.ed.gov
,,,,,Empire Beauty School-Cincinnati,Cincinnati,OH,United States,collegescorecard.ed.gov
,,,,,Mahoning County Career and Technical Center,Canfield,OH,United States,collegescorecard.ed.gov
,,,,,Maplewood Area Joint Vocational School,Ravenna,OH,United States,collegescorecard.ed.gov
,,,,,Pickaway Ross Joint Vocational School District,Chillicothe,OH,United States,collegescorecard.ed.gov
,,,,,Pioneer Career and Technology Center,Shelby,OH,United States,collegescorecard.ed.gov
,,,,,Raphael's School of Beauty Culture Inc-Boardman,Boardman,OH,United States,collegescorecard.ed.gov
,,,,,Scioto County Career Technical Center,Lucasville,OH,United States,collegescorecard.ed.gov
7168.0,7168.0,1.0,,,Pacific Bible College,Medford,OR,United States,collegescorecard.ed.gov
,,,,,Lake Erie College of Osteopathic Medicine,Erie,PA,United States,collegescorecard.ed.gov
,,,,,UCAS University of Cosmetology Arts & Sciences-Harlingen,Harlingen,TX,United States,collegescorecard.ed.gov
,,,,,Paul Mitchell the School-Federal Way,Federal Way,WA,United States,collegescorecard.ed.gov
,,,,,Empire Beauty School-Green Bay,Ashwaubenon,WI,United States,collegescorecard.ed.gov
,,,,,Warren County Career Center,Lebanon,OH,United States,collegescorecard.ed.gov
,,,,,Paul Mitchell the School-Wichita,Wichita,KS,United States,collegescorecard.ed.gov
,,,,,Pinnacle Institute of Cosmetology,Mooresville,NC,United States,collegescorecard.ed.gov
,,,,,Southern Careers Institute-Pharr,Pharr,TX,United States,collegescorecard.ed.gov
17368.0,17368.0,,,,Florida National University-Main Campus,Hialeah,FL,United States,collegescorecard.ed.gov
,,,,,Georgia Institute of Cosmetology,Athens,GA,United States,collegescorecard.ed.gov
,,,,,Nouvelle Institute,Miami,FL,United States,collegescorecard.ed.gov
,,,,,Franklin Technology Center Adult Education,Joplin,MO,United States,collegescorecard.ed.gov
,,,,,Professional Technical Institution,Bayamon,PR,United States,collegescorecard.ed.gov
,,,,,Erikson Institute,Chicago,IL,United States,collegescorecard.ed.gov
4920.0,7620.0,,,,South Texas College,McAllen,TX,United States,collegescorecard.ed.gov
,,,,,Pike County Joint Vocational School District,Piketon,OH,United States,collegescorecard.ed.gov
,,,,,Lorain County Joint Vocational School District,Oberlin,OH,United States,collegescorecard.ed.gov
,,,,,Roger Williams University School of Law,Bristol,RI,United States,collegescorecard.ed.gov
7779.0,20379.0,0.974,,,California State University-Monterey Bay,Seaside,CA,United States,collegescorecard.ed.gov
,,,,,Ohio Media School-Valley View,Valley View,OH,United States,collegescorecard.ed.gov
,,,,,EINE Inc,Tewksbury,MA,United States,collegescorecard.ed.gov
,,,,,Marian Health Careers Center-Los Angeles Campus,Los Angeles,CA,United States,collegescorecard.ed.gov
,,,,,Cleveland Clinic School of Health Professions Radiologic Technology Program,Beachwood,OH,United States,collegescorecard.ed.gov
,,,,,Academy for Nursing and Health Occupations,West Palm Beach,FL,United States,collegescorecard.ed.gov
,,,,,Shawsheen Valley School of Practical Nursing,Billerica,MA,United States,collegescorecard.ed.gov
,,,,,Shear Ego International School of Hair Design,Rochester,NY,United States,collegescorecard.ed.gov
17083.0,17083.0,,,,Remington College-Memphis Campus,Memphis,TN,United States,collegescorecard.ed.gov
,,,,,Fayette Institute of Technology,Oak Hill,WV,United States,collegescorecard.ed.gov
14400.0,14400.0,,,,Capella University,Minneapolis,MN,United States,collegescorecard.ed.gov
6200.0,6200.0,,,,College of Menominee Nation,Keshena,WI,United States,collegescorecard.ed.gov
4850.0,4850.0,,,,Leech Lake Tribal College,Cass Lake,MN,United States,collegescorecard.ed.gov
,,,,,Spartan College of Aeronautics & Technology,Inglewood,CA,United States,collegescorecard.ed.gov
,,,,,Yukon Beauty College Inc,Yukon,OK,United States,collegescorecard.ed.gov
,,,,,United Education Institute-Morrow,Morrow,GA,United States,collegescorecard.ed.gov
,,,,,Artistic Academy of Hair Design,Morris Plains,NJ,United States,collegescorecard.ed.gov
,,,,,Motoring Technical Training Institute,Seekonk,MA,United States,collegescorecard.ed.gov
11394.0,11394.0,,,,Mech-Tech College,Caguas,PR,United States,collegescorecard.ed.gov
,,,,,Baldwin Beauty School-North Austin,Austin,TX,United States,collegescorecard.ed.gov
,,,,,Jean Madeline Aveda Institute,Philadelphia,PA,United States,collegescorecard.ed.gov
15804.0,15804.0,,,,Pacific College of Health and Science,New York,NY,United States,collegescorecard.ed.gov
,,,,,Tricoci University of Beauty Culture-Indianapolis,Indianapolis,IN,United States,collegescorecard.ed.gov
7176.0,7176.0,0.3986,,,Trine University-Regional/Non-Traditional Campuses,Angola,IN,United States,collegescorecard.ed.gov
7110.0,13350.0,,,,Pennsylvania Highlands Community College,Johnstown,PA,United States,collegescorecard.ed.gov
,,,,,Nevada Career Institute,Las Vegas,NV,United States,collegescorecard.ed.gov
,,,,,Phillips Theological Seminary,Tulsa,OK,United States,collegescorecard.ed.gov
,,,,,Empire Beauty School-Hanover,Hanover,PA,United States,collegescorecard.ed.gov
,,,,,Industrial Management Training Institute,Waterbury,CT,United States,collegescorecard.ed.gov
,,,,,Allen School-Jamaica,Jamaica,NY,United States,collegescorecard.ed.gov
,,,,,Premiere Career College,Irwindale,CA,United States,collegescorecard.ed.gov
,,,,,The University of Texas MD Anderson Cancer Center,Houston,TX,United States,collegescorecard.ed.gov
,,,,,Estes Institute of Cosmetology Arts and Science,Visalia,CA,United States,collegescorecard.ed.gov
,,,,,Baldwin Park Adult & Community Education,Baldwin Park,CA,United States,collegescorecard.ed.gov
,,,,,Ventura Adult and Continuing Education,Ventura,CA,United States,collegescorecard.ed.gov
,,0.5652,,,Career Center of Southern Illinois,Red Bud,IL,United States,collegescorecard.ed.gov
,,,,,Crave Beauty Academy,Wichita,KS,United States,collegescorecard.ed.gov
,,,,,Hastings Beauty School,Hastings,MN,United States,collegescorecard.ed.gov
,,0.6154,,,Kirksville Area Technical Center,Kirksville,MO,United States,collegescorecard.ed.gov
,,,,,Southern Missouri Technical Institute,West Plains,MO,United States,collegescorecard.ed.gov
,,0.5,,,Saline County Career Center,Marshall,MO,United States,collegescorecard.ed.gov
,,1.0,,,Warrensburg Area Career Center,Warrensburg,MO,United States,collegescorecard.ed.gov
,,1.0,,,Cass Career Center,Harrisonville,MO,United States,collegescorecard.ed.gov
,,0.4074,,,Applied Tech,Sunset Hills,MO,United States,collegescorecard.ed.gov
,,,,,Central College of Cosmetology,Saint Robert,MO,United States,collegescorecard.ed.gov
11064.0,11064.0,1.0,1020.0,22.0,Southeast Missouri Hospital College of Nursing and Health Sciences,Cape Girardeau,MO,United States,collegescorecard.ed.gov
11620.0,11620.0,0.375,,,Messenger College,Bedford,TX,United States,collegescorecard.ed.gov
,,,,,Union County Vocational Technical School,Scotch Plains,NJ,United States,collegescorecard.ed.gov
,,,,,Prism Career Institute-Philadelphia,Philadelphia,PA,United States,collegescorecard.ed.gov
,,0.3111,,,Clinton Essex Warren Washington BOCES,Plattsburgh,NY,United States,collegescorecard.ed.gov
22972.0,22972.0,,,,Jefferson Lewis BOCES-Practical Nursing Program,Watertown,NY,United States,collegescorecard.ed.gov
20230.0,20230.0,,,,Veeb Nassau County School of Practical Nursing,Hicksville,NY,United States,collegescorecard.ed.gov
,,,,,Cattaraugus Allegany BOCES-Practical Nursing Program,Olean,NY,United States,collegescorecard.ed.gov
,,1.0,,,Orange Ulster BOCES,Newburgh,NY,United States,collegescorecard.ed.gov
,,0.4231,,,Broome Delaware Tioga BOCES-Practical Nursing Program,Endicott,NY,United States,collegescorecard.ed.gov
,,0.8776,,,Washington Saratoga Warren Hamilton Essex BOCES-Practical Nursing Program,Hudson Falls,NY,United States,collegescorecard.ed.gov
,,,,,Albany BOCES-Adult Practical Nursing Program,Albany,NY,United States,collegescorecard.ed.gov
,,0.7895,,,Eastern Suffolk BOCES,Sayville,NY,United States,collegescorecard.ed.gov
,,,,,Rockland County BOCES-Practical Nursing Program,West Nyack,NY,United States,collegescorecard.ed.gov
16395.0,16395.0,,,,New York College of Health Professions,Syosset,NY,United States,collegescorecard.ed.gov
,,,,,Charles Stuart School of Diamond Setting,Brooklyn,NY,United States,collegescorecard.ed.gov
,,,,,Career and Technology Education Centers of Licking County,Newark,OH,United States,collegescorecard.ed.gov
16250.0,16250.0,,,,Northern Career Institute,Eastlake,OH,United States,collegescorecard.ed.gov
,,,,,Washington County Career Center-Adult Technical Training,Marietta,OH,United States,collegescorecard.ed.gov
,,,,,Ohio Media School-Cincinnati,Norwood,OH,United States,collegescorecard.ed.gov
,,,,,Vantage Career Center,Van Wert,OH,United States,collegescorecard.ed.gov
,,,,,Indian Capital Technology Center-Muskogee,Muskogee,OK,United States,collegescorecard.ed.gov
,,,,,Western Technology Center,Burns Flat,OK,United States,collegescorecard.ed.gov
,,,,,Mid-America Technology Center,Wayne,OK,United States,collegescorecard.ed.gov
,,,,,Eastern Oklahoma County Technology Center,Choctaw,OK,United States,collegescorecard.ed.gov
,,,,,Wes Watkins Technology Center,Wetumka,OK,United States,collegescorecard.ed.gov
,,,,,York County School of Technology-Adult & Continuing Education,York,PA,United States,collegescorecard.ed.gov
,,0.5833,,,Chester County Intermediate Unit,Downingtown,PA,United States,collegescorecard.ed.gov
,,0.8049,,,Jefferson County DuBois Area Vocational Technical School,Reynoldsville,PA,United States,collegescorecard.ed.gov
,,,,,Greater Johnstown Career and Technology Center,Johnstown,PA,United States,collegescorecard.ed.gov
,,,,,Mifflin County Academy of Science and Technology,Lewistown,PA,United States,collegescorecard.ed.gov
,,,,,Lenape Technical School Practical Nursing Program,Ford City,PA,United States,collegescorecard.ed.gov
,,0.3846,,,Venango County Area Vocational Technical School,Oil City,PA,United States,collegescorecard.ed.gov
,,,,,Lancaster County Career and Technology Center,Willow Street,PA,United States,collegescorecard.ed.gov
,,,,,Indiana County Technology Center,Indiana,PA,United States,collegescorecard.ed.gov
,,0.7451,,,Northern Tier Career Center,Towanda,PA,United States,collegescorecard.ed.gov
,,,,,Hazleton Area Career Center,Hazle TWP.,PA,United States,collegescorecard.ed.gov
,,,,,All-State Career School-Pittsburgh,West Mifflin,PA,United States,collegescorecard.ed.gov
,,,,,D'Mart Institute,Barranquitas,PR,United States,collegescorecard.ed.gov
9095.0,9095.0,,,,Automeca Technical College-Aguadilla,Aguadilla,PR,United States,collegescorecard.ed.gov
,,,,,North Central Institute,Clarksville,TN,United States,collegescorecard.ed.gov
,,,,,Tint School of Makeup and Cosmetology-Dallas,Grand Prairie,TX,United States,collegescorecard.ed.gov
4700.0,4700.0,,,,United Technical Center,Clarksburg,WV,United States,collegescorecard.ed.gov
,,,,,Charles H McCann Technical School,North Adams,MA,United States,collegescorecard.ed.gov
9895.0,9895.0,,,,Central California School of Continuing Education,San Luis Obispo,CA,United States,collegescorecard.ed.gov
,,1.0,,,HCA Florida Mercy Hospital School of Practical Nursing,Miami,FL,United States,collegescorecard.ed.gov
,,,,,Marion Technical College,Ocala,FL,United States,collegescorecard.ed.gov
,,,,,Rivertown School of Beauty Barber Skin Care and Nails,Columbus,GA,United States,collegescorecard.ed.gov
,,,,,Atlanta Institute of Music and Media,Duluth,GA,United States,collegescorecard.ed.gov
,,,,,Illinois Media School,Chicago,IL,United States,collegescorecard.ed.gov
,,,,,New Dimensions School,Joplin,MO,United States,collegescorecard.ed.gov
14575.0,14575.0,,,,Jna Institute of Culinary Arts,Philadelphia,PA,United States,collegescorecard.ed.gov
,,,,,Putnam Career and Technical Center,Eleanor,WV,United States,collegescorecard.ed.gov
,,,,,Texas College of Cosmetology-San Angelo,San Angelon,TX,United States,collegescorecard.ed.gov
9095.0,9095.0,,,,Automeca Technical College-Bayamon,Bayamon,PR,United States,collegescorecard.ed.gov
9095.0,9095.0,,,,Automeca Technical College-Caguas,Caguas,PR,United States,collegescorecard.ed.gov
9095.0,9095.0,,,,Automeca Technical College-Ponce,Ponce,PR,United States,collegescorecard.ed.gov
,,,,,Prism Career Institute-Cherry Hill,Cherry Hill,NJ,United States,collegescorecard.ed.gov
,,,,,Sonoran University of Health Sciences,Tempe,AZ,United States,collegescorecard.ed.gov
9200.0,9200.0,0.3684,,,Yeshiva D'monsey Rabbinical College,Monsey,NY,United States,collegescorecard.ed.gov
,,,,,Lincoln Technical Institute-Mahwah,Mahwah,NJ,United States,collegescorecard.ed.gov
3412.0,9952.0,,,,Northwest Vista College,San Antonio,TX,United States,collegescorecard.ed.gov
3380.0,5948.0,,,,Oconee Fall Line Technical College,Sandersville,GA,United States,collegescorecard.ed.gov
4156.0,7036.0,,,,York County Community College,Wells,ME,United States,collegescorecard.ed.gov
,,,,,Western Suffolk BOCES,Northport,NY,United States,collegescorecard.ed.gov
3312.0,4776.0,,,,Arkansas State University-Mountain Home,Mountain Home,AR,United States,collegescorecard.ed.gov
5940.0,10260.0,,,,Columbia Gorge Community College,The Dalles,OR,United States,collegescorecard.ed.gov
,,,,,Bakke Graduate University,Dallas,TX,United States,collegescorecard.ed.gov
4896.0,5616.0,,,,Tillamook Bay Community College,Tillamook,OR,United States,collegescorecard.ed.gov
,,,,,Manhattan School of Computer Technology,Brooklyn,NY,United States,collegescorecard.ed.gov
,,,,,Ross College-Hopkinsville,Hopkinsville,KY,United States,collegescorecard.ed.gov
,,,,,Paul Mitchell the School-St. George,Saint George,UT,United States,collegescorecard.ed.gov
,,,,,Cadillac Institute of Cosmetology,Cadillac,MI,United States,collegescorecard.ed.gov
26091.0,26091.0,1.0,,,Arizona College of Nursing-Tempe,Tempe,AZ,United States,collegescorecard.ed.gov
,,,,,Vanguard-Sentinel Adult Career and Technology Center,Fremont,OH,United States,collegescorecard.ed.gov
,,,,,Academy of Beauty Professionals,Raymore,MO,United States,collegescorecard.ed.gov
18383.0,18383.0,0.6963,,,Eastern International College-Jersey City,Jersey City,NJ,United States,collegescorecard.ed.gov
,,,,,Academia Serrant Inc,Ponce,PR,United States,collegescorecard.ed.gov
,,,,,San Joaquin Valley College-Trades Education Center,Fresno,CA,United States,collegescorecard.ed.gov
,,0.56,,,Pacific College,Costa Mesa,CA,United States,collegescorecard.ed.gov
,,,,,American College of Healthcare and Technology,Riverside,CA,United States,collegescorecard.ed.gov
,,,,,Compu-Med Vocational Careers Corp,Hialeah,FL,United States,collegescorecard.ed.gov
,,,,,Advantage Technical College,Manati,PR,United States,collegescorecard.ed.gov
,,,,,Mid Cities Barber College,Grand Prairie,TX,United States,collegescorecard.ed.gov
,,,,,Midwestern University-Glendale,Glendale,AZ,United States,collegescorecard.ed.gov
5544.0,5544.0,,,,Oregon Coast Community College,Newport,OR,United States,collegescorecard.ed.gov
,,,,,Gwinnett College,Roswell,GA,United States,collegescorecard.ed.gov
12097.0,12097.0,0.5791,1148.0,,Embry-Riddle Aeronautical University-Worldwide,Daytona Beach,FL,United States,collegescorecard.ed.gov
,,,,,Merkaz Bnos-Business School,Brooklyn,NY,United States,collegescorecard.ed.gov
,,,,,Lia Schorr Institute of Cosmetic Skin Care Training,New York,NY,United States,collegescorecard.ed.gov
16757.0,16757.0,,,,Aviation Institute of Maintenance-Norfolk,Norfolk,VA,United States,collegescorecard.ed.gov
,,,,,Osceola Technical College,Kissimmee,FL,United States,collegescorecard.ed.gov
19400.0,19400.0,,,,Miami Ad School,Miami,FL,United States,collegescorecard.ed.gov
,,,,,Green Country Technology Center,Okmulgee,OK,United States,collegescorecard.ed.gov
,,,,,Nova College de Puerto Rico,Bayamon,PR,United States,collegescorecard.ed.gov
,,,,,John Wesley International Barber and Beauty College,Long Beach,CA,United States,collegescorecard.ed.gov
24480.0,24480.0,0.8704,,,Southeastern College-Boynton Beach,Boynton Beach,FL,United States,collegescorecard.ed.gov
,,,,,Ottawa University-Milwaukee,Brookfield,WI,United States,collegescorecard.ed.gov
4965.0,8025.0,,,,Klamath Community College,Klamath Falls,OR,United States,collegescorecard.ed.gov
,,,,,American College of Acupuncture and Oriental Med,Houston,TX,United States,collegescorecard.ed.gov
7608.0,7608.0,,,,Urban College of Boston,Boston,MA,United States,collegescorecard.ed.gov
13920.0,13920.0,,,,Strayer University-Maryland,Baltimore,MD,United States,collegescorecard.ed.gov
,,,,,Empire Beauty School-Monroeville,Monroeville,PA,United States,collegescorecard.ed.gov
,,,,,Southern Careers Institute-San Antonio,San Antonio,TX,United States,collegescorecard.ed.gov
,,,,,Cayce/Reilly School of Massage,Virginia Beach,VA,United States,collegescorecard.ed.gov
,,,,,Prism Career Institute-West Atlantic City,West  Atlantic City,NJ,United States,collegescorecard.ed.gov
,,,,,Studio Jewelers,New York,NY,United States,collegescorecard.ed.gov
,,,,,Praxis Institute,Miami,FL,United States,collegescorecard.ed.gov
6750.0,12747.0,1.0,,,San Juan Bautista School of Medicine,Caguas,PR,United States,collegescorecard.ed.gov
,,,,,Texas Health and Science University,Austin,TX,United States,collegescorecard.ed.gov
,,,,,Carver Career Center,Charleston,WV,United States,collegescorecard.ed.gov
14085.0,14085.0,0.4286,,,Cayuga Onondaga BOCES-Practical Nursing Program,Auburn,NY,United States,collegescorecard.ed.gov
,,,,,Clearfield County Career and Technology Center,Clearfield,PA,United States,collegescorecard.ed.gov
7796.0,7796.0,,,,Colegio de Cinematografia Artes y Television,Bayamon,PR,United States,collegescorecard.ed.gov
,,1.0,,,Delaware County Technical School-Practical Nursing Program,Broomall,PA,United States,collegescorecard.ed.gov
,,,,,Mid-Del Technology Center,Midwest City,OK,United States,collegescorecard.ed.gov
,,,,,New York Institute of Massage Inc,Williamsville,NY,United States,collegescorecard.ed.gov
,,,,,Dutchess BOCES-Practical Nursing Program,Poughkeepsie,NY,United States,collegescorecard.ed.gov
,,,,,Escuela Tecnica de Electricidad,Ponce,PR,United States,collegescorecard.ed.gov
,,,,,Institute of Technology,Clovis,CA,United States,collegescorecard.ed.gov
,,,,,Genesee Valley BOCES-Practical Nursing Program,Batavia,NY,United States,collegescorecard.ed.gov
,,0.704,,,Henrico County-Saint Marys Hospital School of Practical Nursing,Richmond,VA,United States,collegescorecard.ed.gov
,,,,,Herkimer County BOCES-Practical Nursing Program,Herkimer,NY,United States,collegescorecard.ed.gov
,,,,,Graduate America College,Garland,TX,United States,collegescorecard.ed.gov
,,,,,Cape Coral Technical College,Cape Coral,FL,United States,collegescorecard.ed.gov
16190.0,16190.0,0.8789,,,UPMC Mercy School of Nursing,Pittsburgh,PA,United States,collegescorecard.ed.gov
,,,,,Ocean County Vocational-Technical School,Toms River,NJ,United States,collegescorecard.ed.gov
9600.0,9600.0,1.0,,,Yeshiva of the Telshe Alumni,Riverdale,NY,United States,collegescorecard.ed.gov
,,,,,Kenneth Shuler School of Cosmetology-Rock Hill,Rock Hill,SC,United States,collegescorecard.ed.gov
,,,,,CET-El Paso,El Paso,TX,United States,collegescorecard.ed.gov
,,,,,Appalachian School of Law,Grundy,VA,United States,collegescorecard.ed.gov
14922.0,14922.0,,,,Platt College-Ontario,Ontario,CA,United States,collegescorecard.ed.gov
24575.0,24575.0,0.5,,,American University of Health Sciences,Signal Hill,CA,United States,collegescorecard.ed.gov
,,,,,Career Networks Institute,Santa Ana,CA,United States,collegescorecard.ed.gov
,,0.8305,,,Monty Tech,Fitchburg,MA,United States,collegescorecard.ed.gov
,,,,,Okaloosa Technical College,Fort Walton Beach,FL,United States,collegescorecard.ed.gov
,,,,,Lincoln Technical Institute-Lincoln,Lincoln,RI,United States,collegescorecard.ed.gov
,,,,,Wayne County Schools Career Center,Smithville,OH,United States,collegescorecard.ed.gov
18882.0,18882.0,0.599,1130.0,,Carolinas College of Health Sciences,Charlotte,NC,United States,collegescorecard.ed.gov
8658.0,8658.0,,,,Western Governors University,Salt Lake City,UT,United States,collegescorecard.ed.gov
37667.0,37667.0,,,,California Aeronautical University,Bakersfield,CA,United States,collegescorecard.ed.gov
13450.0,13450.0,0.92,,,Herzing University-New Orleans,Metairie,LA,United States,collegescorecard.ed.gov
6118.0,25162.0,0.6344,1114.0,22.0,Florida Gulf Coast University,Fort Myers,FL,United States,collegescorecard.ed.gov
5400.0,5400.0,,,,Little Priest Tribal College,Winnebago,NE,United States,collegescorecard.ed.gov
4210.0,4210.0,,,,South Louisiana Community College,Lafayette,LA,United States,collegescorecard.ed.gov
,,,,,Pima Medical Institute-Chula Vista,Chula Vista,CA,United States,collegescorecard.ed.gov
,,,,,Lincoln College of Technology-Marietta,Marietta,GA,United States,collegescorecard.ed.gov
,,,,,Academy of Hair Design-Lufkin,Lufkin,TX,United States,collegescorecard.ed.gov
,,,,,Cortiva Institute,Linthicum,MD,United States,collegescorecard.ed.gov
,,,,,COLLECTIV Academy-Worcester,Worcester,MA,United States,collegescorecard.ed.gov
,,,,,Northwest HVAC/R Training Center,Spokane,WA,United States,collegescorecard.ed.gov
16750.0,16750.0,,,,Myotherapy Institute,Lincoln,NE,United States,collegescorecard.ed.gov
,,,,,Florida College of Integrative Medicine,Orlando,FL,United States,collegescorecard.ed.gov
,,,,,New Professions Technical Institute,Miami,FL,United States,collegescorecard.ed.gov
,,,,,Strand College of Hair Design,Myrtle Beach,SC,United States,collegescorecard.ed.gov
5260.0,5260.0,,,,Ilisagvik College,Barrow,AK,United States,collegescorecard.ed.gov
4432.0,11010.0,,,,Community College of Baltimore County,Baltimore,MD,United States,collegescorecard.ed.gov
5490.0,5490.0,,,,White Earth Tribal and Community College,Mahnomen,MN,United States,collegescorecard.ed.gov
,,,,,Blue Cliff College-Metairie,Metairie,LA,United States,collegescorecard.ed.gov
,,,,,Creative Images Institute of Cosmetology-North Dayton,Dayton,OH,United States,collegescorecard.ed.gov
7630.0,7630.0,,,,Dewey University-Carolina,Carolina,PR,United States,collegescorecard.ed.gov
11500.0,11500.0,,,,Yeshiva College of the Nations Capital,Silver  Spring,MD,United States,collegescorecard.ed.gov
,,,,,Louisiana State University Health Sciences Center-Shreveport,Shreveport,LA,United States,collegescorecard.ed.gov
,,,,,Hair Academy II,Hillcrest Heights,MD,United States,collegescorecard.ed.gov
4079.0,4079.0,,,,River Parishes Community College,Gonzales,LA,United States,collegescorecard.ed.gov
,,,,,Los Angeles Film School,Hollywood,CA,United States,collegescorecard.ed.gov
9100.0,9100.0,,,,Century College,San Juan,PR,United States,collegescorecard.ed.gov
19450.0,19450.0,,,,FINE Mortuary College,Norwood,MA,United States,collegescorecard.ed.gov
13800.0,13800.0,,,,International Baptist College and Seminary,Chandler,AZ,United States,collegescorecard.ed.gov
,,,,,Gwinnett College,Raleigh,NC,United States,collegescorecard.ed.gov
,,,,,Delta College South,Baton Rouge,LA,United States,collegescorecard.ed.gov
18140.0,40808.0,0.8666,1060.0,23.0,University of Connecticut-Waterbury Campus,Waterbury,CT,United States,collegescorecard.ed.gov
18140.0,40808.0,0.8818,1090.0,25.0,University of Connecticut-Avery Point,Groton,CT,United States,collegescorecard.ed.gov
18150.0,40818.0,0.8298,1094.0,25.0,University of Connecticut-Stamford,Stamford,CT,United States,collegescorecard.ed.gov
9450.0,9450.0,,,,University of Management and Technology,Arlington,VA,United States,collegescorecard.ed.gov
4321.0,4321.0,,,,Baton Rouge Community College,Baton Rouge,LA,United States,collegescorecard.ed.gov
,,0.8889,,,IYRS School of Technology & Trades,Newport,RI,United States,collegescorecard.ed.gov
,,,,,Midwest Technical Institute-Illinois,Springfield,IL,United States,collegescorecard.ed.gov
,,,,,Advanced Barber College and Hair Design,Weslaco,TX,United States,collegescorecard.ed.gov
,,,,,The College of Health Care Professions-Austin,Austin,TX,United States,collegescorecard.ed.gov
,,,,,New Community Career & Technical Institute,Newark,NJ,United States,collegescorecard.ed.gov
,,,,,The Chicago School-College of Nursing,Richardson,TX,United States,collegescorecard.ed.gov
18840.0,18840.0,,,,Professional Golfers Career College,Temecula,CA,United States,collegescorecard.ed.gov
,,,,,Chester Career College,CHESTER,VA,United States,collegescorecard.ed.gov
,,,,,Milan Institute-San Antonio Ingram,San Antonio,TX,United States,collegescorecard.ed.gov
,,,,,Rudae's School of Beauty Culture-Ft Wayne,Fort Wayne,IN,United States,collegescorecard.ed.gov
,,,,,Carrington College-San Jose,San Jose,CA,United States,collegescorecard.ed.gov
,,,,,Brookline College-Tucson,Tucson,AZ,United States,collegescorecard.ed.gov
,,,,,Miller-Motte College-Berks Technical Institute-Lewisburg,Lewisburg,PA,United States,collegescorecard.ed.gov
,,,,,Carrington College-Pleasant Hill Campus,Pleasant Hill,CA,United States,collegescorecard.ed.gov
,,,,,Cortiva Institute,Maitland,FL,United States,collegescorecard.ed.gov
,,0.8958,,,Modern Hairstyling Institute-Carolina,Carolina,PR,United States,collegescorecard.ed.gov
,,,,,Universal Technical Institute of California Inc,Rancho Cucamonga,CA,United States,collegescorecard.ed.gov
13527.0,13527.0,,,,American InterContinental University-Atlanta,Atlanta,GA,United States,collegescorecard.ed.gov
,,,,,The Academy of Hair Design Six,Hattiesburg,MS,United States,collegescorecard.ed.gov
4722.0,4722.0,,,,Eastern West Virginia Community and Technical College,Moorefield,WV,United States,collegescorecard.ed.gov
16757.0,16757.0,,,,Aviation Institute of Maintenance-Indianapolis,Indianapolis,IN,United States,collegescorecard.ed.gov
,,,,,IVAEM College,Caguas,PR,United States,collegescorecard.ed.gov
,,,,,Midwest College of Oriental Medicine-Skokie,Skokie,IL,United States,collegescorecard.ed.gov
,,,,,Carrington College-Spokane,Spokane,WA,United States,collegescorecard.ed.gov
5157.0,11296.0,,,,Cascadia College,Bothell,WA,United States,collegescorecard.ed.gov
,,,,,CBD College,Los Angeles,CA,United States,collegescorecard.ed.gov
,,,,,Atlantic Institute of Oriental Medicine,Fort Lauderdale,FL,United States,collegescorecard.ed.gov
21870.0,21870.0,0.6421,,,MDT College of Health Sciences,Chicago,IL,United States,collegescorecard.ed.gov
,,,,,Bennett Career Institute,Washington,DC,United States,collegescorecard.ed.gov
,,,,,Blue Cliff College-Lafayette,Lafayette,LA,United States,collegescorecard.ed.gov
,,,,,Community Care College,Tulsa,OK,United States,collegescorecard.ed.gov
,,,,,Erie 1 BOCES,West Seneca,NY,United States,collegescorecard.ed.gov
,,,,,HDS Truck Driving Institute,Tucson,AZ,United States,collegescorecard.ed.gov
12480.0,12480.0,0.6064,,,The King's University,Southlake,TX,United States,collegescorecard.ed.gov
16467.0,16467.0,,,,Fortis College-Baton Rouge,Baton Rouge,LA,United States,collegescorecard.ed.gov
,,,,,My Le's Beauty College,Sacramento,CA,United States,collegescorecard.ed.gov
,,,,,New Concept Massage and Beauty School,Miami,FL,United States,collegescorecard.ed.gov
,,,,,New York College of Traditional Chinese Medicine,Mineola,NY,United States,collegescorecard.ed.gov
14946.0,14946.0,,,,Fortis College-Orange Park,Orange Park,FL,United States,collegescorecard.ed.gov
,,,,,Northeastern Seminary,Rochester,NY,United States,collegescorecard.ed.gov
,,,,,Omega Institute of Cosmetology,Houma,LA,United States,collegescorecard.ed.gov
7203.0,7516.0,1.0,,,Pacific Islands University,Mangilao,GU,United States,collegescorecard.ed.gov
,,,,,PCI College,Cerritos,CA,United States,collegescorecard.ed.gov
10088.0,10088.0,,,,Rosedale Bible College,Irwin,OH,United States,collegescorecard.ed.gov
,,,,,Seattle Institute of East Asian Medicine,Seattle,WA,United States,collegescorecard.ed.gov
,,,,,Shawnee Beauty College,Shawnee,OK,United States,collegescorecard.ed.gov
,,,,,Upper Valley Educators Institute,Lebanon,NH,United States,collegescorecard.ed.gov
,,,,,Keck Graduate Institute,Claremont,CA,United States,collegescorecard.ed.gov
16657.0,16657.0,,,,Aviation Institute of Maintenance-Atlanta,Duluth,GA,United States,collegescorecard.ed.gov
,,,,,Empire Beauty School-Kennesaw,Kennesaw,GA,United States,collegescorecard.ed.gov
,,,,,New York Automotive and Diesel Institute,Jamaica,NY,United States,collegescorecard.ed.gov
15837.0,15837.0,,,,Remington College-Baton Rouge Campus,Baton Rouge,LA,United States,collegescorecard.ed.gov
16800.0,16800.0,0.8389,1262.0,,New Saint Andrews College,Moscow,ID,United States,collegescorecard.ed.gov
3312.0,4752.0,,,,Arkansas State University-Newport,Newport,AR,United States,collegescorecard.ed.gov
8954.0,8954.0,,,,Atenas University,Manati,PR,United States,collegescorecard.ed.gov
,,,,,Onondaga Cortland Madison BOCES,Liverpool,NY,United States,collegescorecard.ed.gov
10970.0,10970.0,,,,Interactive College of Technology,Pasadena,TX,United States,collegescorecard.ed.gov
25900.0,25900.0,,,,Pillar College,Newark,NJ,United States,collegescorecard.ed.gov
13566.0,37356.0,0.6311,1255.0,25.0,Oregon State University-Cascades Campus,Bend,OR,United States,collegescorecard.ed.gov
,,,,,Milan Institute-Amarillo,Amarillo,TX,United States,collegescorecard.ed.gov
,,,,,Southern University Law Center,Baton Rouge,LA,United States,collegescorecard.ed.gov
,,,,,Career Schools of Texas,Houston,TX,United States,collegescorecard.ed.gov
,,,,,American Career College-Anaheim,Anaheim,CA,United States,collegescorecard.ed.gov
2730.0,2730.0,,,,Saginaw Chippewa Tribal College,Mount Pleasant,MI,United States,collegescorecard.ed.gov
,,,,,Richmont Graduate University,Chattanooga,TN,United States,collegescorecard.ed.gov
,,,,,The Seattle School of Theology & Psychology,Seattle,WA,United States,collegescorecard.ed.gov
,,,,,East Valley Institute of Technology,Mesa,AZ,United States,collegescorecard.ed.gov
19040.0,19040.0,,,,Smith Chason College,Los Angeles,CA,United States,collegescorecard.ed.gov
,,,,,Design's School of Cosmetology,Paso Robles,CA,United States,collegescorecard.ed.gov
,,,,,Ultimate Medical Academy,Clearwater,FL,United States,collegescorecard.ed.gov
,,,,,M-DCPS The English Center,Miami,FL,United States,collegescorecard.ed.gov
,,,,,Florida Education Institute,Miami,FL,United States,collegescorecard.ed.gov
19025.0,19025.0,1.0,,,Texas County Technical College,Houston,MO,United States,collegescorecard.ed.gov
16757.0,16757.0,,,,Aviation Institute of Maintenance-Kansas City,Kansas City,MO,United States,collegescorecard.ed.gov
,,,,,Blue Cliff College-Gulfport,Gulfport,MS,United States,collegescorecard.ed.gov
,,,,,Metropolitan Learning Institute,Rego Park,NY,United States,collegescorecard.ed.gov
,,,,,Orleans Niagara BOCES-Practical Nursing Program,Lockport,NY,United States,collegescorecard.ed.gov
13000.0,13000.0,0.3667,,,Yeshiva Shaarei Torah of Rockland,Suffern,NY,United States,collegescorecard.ed.gov
,,,,,Leon Studio One School of Beauty Knowledge,Williamsville,NY,United States,collegescorecard.ed.gov
22947.0,22947.0,0.7829,,,American Institute of Alternative Medicine,Columbus,OH,United States,collegescorecard.ed.gov
,,,,,Brown Aveda Institute-Mentor,Mentor,OH,United States,collegescorecard.ed.gov
,,,,,Institute of Technology,Salem,OR,United States,collegescorecard.ed.gov
,,,,,Susquehanna County Career and Technology Center,Springville,PA,United States,collegescorecard.ed.gov
4560.0,4560.0,,,,Universidad Pentecostal Mizpa,Rio Piedras,PR,United States,collegescorecard.ed.gov
8700.0,8700.0,,,,Caribbean Forensic and Technical College,San Juan,PR,United States,collegescorecard.ed.gov
,,1.0,,,Concorde Career College-Grand Prairie,Grand Prairie,TX,United States,collegescorecard.ed.gov
2844.0,12924.0,,,,Lamar Institute of Technology,Beaumont,TX,United States,collegescorecard.ed.gov
16757.0,16757.0,,,,Aviation Institute of Maintenance-Dallas,Irving,TX,United States,collegescorecard.ed.gov
,,,,,Healing Mountain Massage School,Salt Lake City,UT,United States,collegescorecard.ed.gov
,,0.9596,,,Eastern Virginia Career College,Fredericksburg,VA,United States,collegescorecard.ed.gov
,,,,,Rudy & Kelly Academy A Paul Mitchell Partner School,Virginia Beach,VA,United States,collegescorecard.ed.gov
6765.0,21833.0,0.8682,,,Nevada State University,Henderson,NV,United States,collegescorecard.ed.gov
7159.0,19759.0,0.9481,,,California State University-Channel Islands,Camarillo,CA,United States,collegescorecard.ed.gov
66398.0,66398.0,0.252,1520.0,35.0,Franklin W Olin College of Engineering,Needham,MA,United States,collegescorecard.ed.gov
,,,,,Won Institute of Graduate Studies,Warminster,PA,United States,collegescorecard.ed.gov
,,,,,Lincoln Technical Institute-Paramus,Paramus,NJ,United States,collegescorecard.ed.gov
,,,,,Pima Medical Institute-Colorado Springs,Colorado Springs,CO,United States,collegescorecard.ed.gov
,,,,,Paul Mitchell the School-Costa Mesa,Costa Mesa,CA,United States,collegescorecard.ed.gov
,,,,,Ave Maria School of Law,Naples,FL,United States,collegescorecard.ed.gov
,,,,,Tulsa Welding School-Jacksonville,Jacksonville,FL,United States,collegescorecard.ed.gov
32933.0,32933.0,0.4121,,,Saint Joseph's University - Lancaster,Lancaster,PA,United States,collegescorecard.ed.gov
14798.0,14798.0,,,,West Virginia Junior College-Bridgeport,Bridgeport,WV,United States,collegescorecard.ed.gov
,,0.8,,,St Louis College of Health Careers-Fenton,Fenton,MO,United States,collegescorecard.ed.gov
11210.0,11210.0,,,,Interactive College of Technology-Gainesville,Gainesville,GA,United States,collegescorecard.ed.gov
,,,,,San Joaquin Valley College-Ontario,Ontario,CA,United States,collegescorecard.ed.gov
9660.0,9660.0,0.925,,,Alaska Christian College,Soldotna,AK,United States,collegescorecard.ed.gov
8520.0,8520.0,,,,University of Arkansas Grantham,LIttle Rock,AR,United States,collegescorecard.ed.gov
,,,,,Carrington College-Albuquerque,Albuquerque,NM,United States,collegescorecard.ed.gov
,,,,,Universal Technical Institute-Mooresville,Mooresville,NC,United States,collegescorecard.ed.gov
6660.0,6660.0,,,,University of the Potomac-VA Campus,FALLS CHURCH,VA,United States,collegescorecard.ed.gov
,,,,,Milan Institute-Palm Desert,Palm Desert,CA,United States,collegescorecard.ed.gov
932.0,932.0,,,,Tohono O'odham Community College,Sells,AZ,United States,collegescorecard.ed.gov
,,,,,Edward Via College of Osteopathic Medicine,Blacksburg,VA,United States,collegescorecard.ed.gov
7508.0,7508.0,,,,Pacific College of Health and Science,Chicago,IL,United States,collegescorecard.ed.gov
,,,,,Southwest Institute of Healing Arts,Tempe,AZ,United States,collegescorecard.ed.gov
,,,,,InterCoast Colleges-Riverside,Riverside,CA,United States,collegescorecard.ed.gov
,,,,,Brighton Center's Center for Employment Training,Newport,KY,United States,collegescorecard.ed.gov
,,,,,California Healing Arts College,Carson,CA,United States,collegescorecard.ed.gov
,,,,,Dallas Barber & Stylist College,Dallas,TX,United States,collegescorecard.ed.gov
,,,,,Endeavor Health School of Nurse Anesthesia-DePaul University,Evanston,IL,United States,collegescorecard.ed.gov
8850.0,8850.0,,,,Faith International University,Tacoma,WA,United States,collegescorecard.ed.gov
9600.0,9600.0,0.76,,,Family of Faith Christian University,Shawnee,OK,United States,collegescorecard.ed.gov
,,,,,Hood Theological Seminary,Salisbury,NC,United States,collegescorecard.ed.gov
,,,,,Colegio Educativo Tecnologico Industrial Inc,Arecibo,PR,United States,collegescorecard.ed.gov
,,,,,Irene's Myomassology Institute,Southfield,MI,United States,collegescorecard.ed.gov
,,,,,Jay's Technical Institute,Houston,TX,United States,collegescorecard.ed.gov
,,,,,P C Age-Jersey City,Jersey City,NJ,United States,collegescorecard.ed.gov
,,,,,PC AGE-Metropark,Iselin,NJ,United States,collegescorecard.ed.gov
,,,,,Hollywood Institute,Margate,FL,United States,collegescorecard.ed.gov
,,,,,South Florida Institute of Technology,Miami,FL,United States,collegescorecard.ed.gov
25080.0,25080.0,0.9808,,,Southeastern College-Charleston,North Charleston,SC,United States,collegescorecard.ed.gov
,,,,,TIGI Hairdressing Academy Legacy,Colorado Springs,CO,United States,collegescorecard.ed.gov
,,,,,Trend Barber College,Houston,TX,United States,collegescorecard.ed.gov
,,,,,Valley Grande Institute for Academic Studies,Weslaco,TX,United States,collegescorecard.ed.gov
36854.0,36854.0,,,,West Coast University-Texas,Richardson,TX,United States,collegescorecard.ed.gov
16090.0,16090.0,,,,Williamson Christian College,Franklin,TN,United States,collegescorecard.ed.gov
38950.0,38950.0,0.6442,1297.0,28.0,DigiPen Institute of Technology,Redmond,WA,United States,collegescorecard.ed.gov
5762.0,13660.0,,,,Pierpont Community and Technical College,Fairmont,WV,United States,collegescorecard.ed.gov
8180.0,8180.0,,,,Dewey University-Hato Rey,Hato Rey,PR,United States,collegescorecard.ed.gov
,,,,,InterCoast Colleges-West Covina,West Covina,CA,United States,collegescorecard.ed.gov
13040.0,13040.0,0.5349,,,American College of Healthcare Sciences,Portland,OR,United States,collegescorecard.ed.gov
,,,,,Colorado Media School,Denver,CO,United States,collegescorecard.ed.gov
,,,,,Paul Mitchell the School-Rhode Island,Cranston,RI,United States,collegescorecard.ed.gov
,,,,,Miller-Motte College-Chattanooga,Chattanooga,TN,United States,collegescorecard.ed.gov
,,,,,Milan Institute-Sparks,Sparks,NV,United States,collegescorecard.ed.gov
10970.0,10970.0,,,,Interactive College of Technology,Houston,TX,United States,collegescorecard.ed.gov
,,,,,Bexley Hall Seabury Western Theological Seminary Federation Inc.,Chicago,IL,United States,collegescorecard.ed.gov
13920.0,13920.0,,,,Strayer University-Tennessee,Nashville,TN,United States,collegescorecard.ed.gov
13920.0,13920.0,,,,Strayer University-Pennsylvania,Philadelphia,PA,United States,collegescorecard.ed.gov
,,,,,Charlie's Guard-Detective Bureau and Academy Inc,Aguadilla,PR,United States,collegescorecard.ed.gov
,,,,,PCI Academy-Plymouth,Plymouth,MN,United States,collegescorecard.ed.gov
,,,,,Creative Images Institute of Cosmetology-South Dayton,Dayton,OH,United States,collegescorecard.ed.gov
,,,,,Brookline College-Albuquerque,Albuquerque,NM,United States,collegescorecard.ed.gov
,,,,,Byzantine Catholic Seminary of Saints Cyril and Methodius,Pittsburgh,PA,United States,collegescorecard.ed.gov
,,,,,Northcentral University,San Diego,CA,United States,collegescorecard.ed.gov
8695.0,8695.0,,,,Bayamon Community College,Bayamon,PR,United States,collegescorecard.ed.gov
1288.0,12616.0,,,,Folsom Lake College,Folsom,CA,United States,collegescorecard.ed.gov
,,,,,LeGrand Institute of Cosmetology Inc,Camden,SC,United States,collegescorecard.ed.gov
,,,,,Empire Beauty School-Midlothian,Midlothian,VA,United States,collegescorecard.ed.gov
,,,,,Empire Beauty School-Owings Mills,Owings Mills,MD,United States,collegescorecard.ed.gov
,,,,,Empire Beauty School-West Mifflin,West Mifflin,PA,United States,collegescorecard.ed.gov
,,,,,ATI College-Whittier,Whitter,CA,United States,collegescorecard.ed.gov
,,,,,Advance Science International College,Miami Lakes,FL,United States,collegescorecard.ed.gov
,,,,,ATA College,El Cajon,CA,United States,collegescorecard.ed.gov
,,,,,American Advanced Technicians Institute,Hialeah,FL,United States,collegescorecard.ed.gov
9180.0,9180.0,,,,Baptist University of the Americas,San Antonio,TX,United States,collegescorecard.ed.gov
,,,,,The Beauty Institute,West  Palm Beach,FL,United States,collegescorecard.ed.gov
10480.0,10480.0,0.7895,,,Beis Medrash Heichal Dovid,Far Rockaway,NY,United States,collegescorecard.ed.gov
,,,,,Blue Cliff Career College,Mobile,AL,United States,collegescorecard.ed.gov
,,,,,Lawrenceburg Technical College,Lawrenceburg,TN,United States,collegescorecard.ed.gov
,,,,,Paul Mitchell the School-Charlotte,Charlotte,NC,United States,collegescorecard.ed.gov
,,0.68,,,CES College,Burbank,CA,United States,collegescorecard.ed.gov
,,,,,Stellar Career College,Modesto,CA,United States,collegescorecard.ed.gov
,,,,,Auguste Escoffier School of Culinary Arts-Austin,Austin,TX,United States,collegescorecard.ed.gov
18827.0,18827.0,,,,Culinary Institute Inc,Houston,TX,United States,collegescorecard.ed.gov
15462.0,15462.0,,,,Escuela Hotelera de San Juan,Hato Rey,PR,United States,collegescorecard.ed.gov
,,,,,Orion Institute,Perrysburg,OH,United States,collegescorecard.ed.gov
8400.0,8400.0,,,,Industrial Technical College,Humacao,PR,United States,collegescorecard.ed.gov
,,,,,Institute of Clinical Acupuncture & Oriental Medicine,Honolulu,HI,United States,collegescorecard.ed.gov
,,,,,Gwinnett College-Marietta Campus,Marietta,GA,United States,collegescorecard.ed.gov
,,,,,Leston College,Bayamon,PR,United States,collegescorecard.ed.gov
12858.0,12858.0,,,,Charlotte Christian College and Theological Seminary,Charlotte,NC,United States,collegescorecard.ed.gov
,,,,,Nightingale College,Salt Lake City,UT,United States,collegescorecard.ed.gov
,,,,,PITC Institute,Wyncote,PA,United States,collegescorecard.ed.gov
,,,,,Skinworks School of Advanced Skincare,Salt Lake City,UT,United States,collegescorecard.ed.gov
25080.0,25080.0,0.9732,,,Southeastern College-Columbia,Columbia,SC,United States,collegescorecard.ed.gov
,,,,,Turning Point Beauty College,Chandler,AZ,United States,collegescorecard.ed.gov
,,,,,Unitech Training Academy-Lafayette,Lafayette,LA,United States,collegescorecard.ed.gov
4938.0,12304.0,,,,Mountwest Community and Technical College,Huntington,WV,United States,collegescorecard.ed.gov
12397.0,12397.0,,,,American InterContinental University System,Chandler,AZ,United States,collegescorecard.ed.gov
,,,,,Toyota Technological Institute at Chicago,Chicago,IL,United States,collegescorecard.ed.gov
14829.0,14829.0,,,,American InterContinental University-Houston,Houston,TX,United States,collegescorecard.ed.gov
15623.0,49823.0,0.9053,,,University of California-Merced,Merced,CA,United States,collegescorecard.ed.gov
,,,,,Paul Mitchell the School-Orlando,Oviedo,FL,United States,collegescorecard.ed.gov
,,,,,Pima Medical Institute-Las Vegas,Las Vegas,NV,United States,collegescorecard.ed.gov
16258.0,16258.0,,,,Remington College-Nashville Campus,Nashville,TN,United States,collegescorecard.ed.gov
7440.0,7440.0,0.8753,1120.0,,Central Methodist University-College of Graduate and Extended Studies,Fayette,MO,United States,collegescorecard.ed.gov
,,,,,North-West College-Riverside,Riverside,CA,United States,collegescorecard.ed.gov
,,,,,Colegio Tecnico de Electricidad Galloza,Aguada,PR,United States,collegescorecard.ed.gov
,,,,,Arthur's Beauty College,Conway,AR,United States,collegescorecard.ed.gov
,,,,,Spa Tech Institute-Westboro,Westborough,MA,United States,collegescorecard.ed.gov
,,,,,Spa Tech Institute-Plymouth,Plymouth,MA,United States,collegescorecard.ed.gov
27360.0,27360.0,0.8678,1093.0,,Neumont College of Computer Science,Salt Lake City,UT,United States,collegescorecard.ed.gov
42419.0,42419.0,0.7988,1007.0,,Johnson & Wales University-Charlotte,Charlotte,NC,United States,collegescorecard.ed.gov
,,,,,Roseman University of Health Sciences,Henderson,NV,United States,collegescorecard.ed.gov
14839.0,14839.0,,,,Fortis Institute-Port Saint Lucie,Port Saint Lucie,FL,United States,collegescorecard.ed.gov
16757.0,16757.0,,,,Aviation Institute of Maintenance-Manassas,Manassas,VA,United States,collegescorecard.ed.gov
,,,,,Cosmetology School of Arts & Sciences,Burley,ID,United States,collegescorecard.ed.gov
,,,,,Universal Technical Institute of Pennsylvania Inc,Exton,PA,United States,collegescorecard.ed.gov
,,,,,Kenneth Shuler School of Cosmetology-Spartanburg,Spartanburg,SC,United States,collegescorecard.ed.gov
,,,,,Divine Mercy University,Sterling,VA,United States,collegescorecard.ed.gov
,,,,,Lincoln Technical Institute-Shelton,Shelton,CT,United States,collegescorecard.ed.gov
,,,,,Northwest Career College,Las Vegas,NV,United States,collegescorecard.ed.gov
,,,,,Soma Institute-The National School of Clinical Massage Therapy,Chicago,IL,United States,collegescorecard.ed.gov
,,,,,American Academy of Health and Wellness,Roseville,MN,United States,collegescorecard.ed.gov
,,,,,Arizona School of Acupuncture and Oriental Medicine,Tucson,AZ,United States,collegescorecard.ed.gov
30198.0,30198.0,0.4139,,,Ave Maria University,Ave Maria,FL,United States,collegescorecard.ed.gov
,,,,,CALC Institute of Technology,Alton,IL,United States,collegescorecard.ed.gov
,,,,,Sutter County Career Training Center,Yuba City,CA,United States,collegescorecard.ed.gov
18168.0,18168.0,,,,Cambridge College of Healthcare & Technology,Altamonte Springs,FL,United States,collegescorecard.ed.gov
,,,,,Career Care Institute,Lancaster,CA,United States,collegescorecard.ed.gov
14895.0,14895.0,,,,ATA Career Education,Spring Hill,FL,United States,collegescorecard.ed.gov
9675.0,9675.0,,,,Community Christian College,Quartzsite,AZ,United States,collegescorecard.ed.gov
,,,,,Culpeper Cosmetology Training Center,Culpeper,VA,United States,collegescorecard.ed.gov
,,,,,Eastern School of Acupuncture and Traditional Medicine,Bloomfield,NJ,United States,collegescorecard.ed.gov
16850.0,16850.0,0.7381,,,Ecclesia College,Springdale,AR,United States,collegescorecard.ed.gov
,,,,,Employment Solutions-College for Technical Education,Lexington,KY,United States,collegescorecard.ed.gov
9180.0,9180.0,,,,Estelle Medical Academy,Skokie,IL,United States,collegescorecard.ed.gov
,,,,,Evergreen Beauty and Barber College-Everett,Everett,WA,United States,collegescorecard.ed.gov
,,,,,Paul Mitchell the School-Great Lakes,Port Huron,MI,United States,collegescorecard.ed.gov
,,0.4167,,,Healthcare Training Institute,Union,NJ,United States,collegescorecard.ed.gov
10140.0,10140.0,,,,John D Rockefeller IV Career Center,New Cumberland,WV,United States,collegescorecard.ed.gov
30540.0,30540.0,0.8771,,,Los Angeles College of Music,Pasadena,CA,United States,collegescorecard.ed.gov
7277.0,7277.0,,,,Rosslyn Training Academy of Cosmetology,Aguada,PR,United States,collegescorecard.ed.gov
17514.0,17514.0,,,,SAE Institute of Technology-Nashville,Nashville,TN,United States,collegescorecard.ed.gov
,,,,,Southern Technical College,Orlando,FL,United States,collegescorecard.ed.gov
,,0.1,,,Stanbridge University,Irvine,CA,United States,collegescorecard.ed.gov
11822.0,11822.0,,,,Universal College of Healing Arts,Omaha,NE,United States,collegescorecard.ed.gov
16000.0,16000.0,,,,Uta Mesivta of Kiryas Joel,Monroe,NY,United States,collegescorecard.ed.gov
24400.0,24400.0,0.8735,,,Harrisburg University of Science and Technology,Harrisburg,PA,United States,collegescorecard.ed.gov
4752.0,8808.0,,,,Blue Ridge Community and Technical College,Martinsburg,WV,United States,collegescorecard.ed.gov
,,,,,Daytona College,Ormond Beach,FL,United States,collegescorecard.ed.gov
,,,,,Delta Technical College-Mississippi,Horn Lake,MS,United States,collegescorecard.ed.gov
6780.0,6780.0,,,,United States University,Sandy Springs,CA,United States,collegescorecard.ed.gov
,,,,,Empire Beauty School-Avondale,Avondale,AZ,United States,collegescorecard.ed.gov
,,,,,Empire Beauty School-Littleton,Littleton,CO,United States,collegescorecard.ed.gov
,,,,,Empire Beauty School-Aurora,Aurora,CO,United States,collegescorecard.ed.gov
21680.0,21680.0,0.6188,,,Joyce University of Nursing and Health Sciences,Draper,UT,United States,collegescorecard.ed.gov
,,,,,San Joaquin Valley College-Modesto,Salida,CA,United States,collegescorecard.ed.gov
,,,,,Eagle Gate College-Layton,Layton,UT,United States,collegescorecard.ed.gov
,,,,,Academy Of Hair Design,Jasper,TX,United States,collegescorecard.ed.gov
,,,,,Unitech Training Academy-West Monroe,West Monroe,LA,United States,collegescorecard.ed.gov
5156.0,9646.0,,,,New River Community and Technical College,Beaver,WV,United States,collegescorecard.ed.gov
,,,,,The College of Health Care Professions-Southwest Houston,Houston,TX,United States,collegescorecard.ed.gov
,,,,,UEI College-Chula Vista,Chula Vista,CA,United States,collegescorecard.ed.gov
,,,,,UEI College-West Covina,West Covina,CA,United States,collegescorecard.ed.gov
4532.0,13844.0,0.955,,20.0,Georgia Gwinnett College,Lawrenceville,GA,United States,collegescorecard.ed.gov
,,,,,Phoenix Institute of Herbal Medicine & Acupuncture,Phoenix,AZ,United States,collegescorecard.ed.gov
,,,,,Tucson College of Beauty,Tucson,AZ,United States,collegescorecard.ed.gov
,,,,,California Career College,Canoga Park,CA,United States,collegescorecard.ed.gov
,,,,,Palladium Technical Academy Inc,Temple City,CA,United States,collegescorecard.ed.gov
,,,,,Los Angeles College of Aesthetics,Los Angeles,CA,United States,collegescorecard.ed.gov
,,,,,National Polytechnic College,Lakewood,CA,United States,collegescorecard.ed.gov
,,,,,American Career College-Ontario,Ontario,CA,United States,collegescorecard.ed.gov
,,,,,Asher College,Sacramento,CA,United States,collegescorecard.ed.gov
,,,,,American Institute of Massage Therapy,Santa Ana,CA,United States,collegescorecard.ed.gov
,,,,,University of East-West Medicine,Sunnyvale,CA,United States,collegescorecard.ed.gov
,,,,,Blake Austin College,Vacaville,CA,United States,collegescorecard.ed.gov
44975.0,44975.0,,,,Aviator College of Aeronautical Science and Technology,Fort Pierce,FL,United States,collegescorecard.ed.gov
,,,,,Trendsetters School of Beauty & Barbering,Jacksonville,FL,United States,collegescorecard.ed.gov
,,,,,American Institute of Beauty,Largo,FL,United States,collegescorecard.ed.gov
,,,,,North Florida Cosmetology Institute,Tallahassee,FL,United States,collegescorecard.ed.gov
,,,,,Florida Academy of Health & Beauty,Oakland Park,FL,United States,collegescorecard.ed.gov
,,,,,Augusta School of Massage,Evans,GA,United States,collegescorecard.ed.gov
14200.0,14200.0,,,,ATA College,Louisville,KY,United States,collegescorecard.ed.gov
10460.0,10460.0,0.4068,,,SUM Bible College and Theological Seminary,El Dorado Hills,CA,United States,collegescorecard.ed.gov
,,,,,Compass Career College,Hammond,LA,United States,collegescorecard.ed.gov
,,,,,Nuvo College of Cosmetology,Norton Shores,MI,United States,collegescorecard.ed.gov
,,,,,WellSpring School of Allied Health-Kansas City,Kansas City,MO,United States,collegescorecard.ed.gov
,,,,,The Salon Professional Academy-Fargo,Fargo,ND,United States,collegescorecard.ed.gov
,,,,,Aveda Arts & Sciences Institute-New York,New York,NY,United States,collegescorecard.ed.gov
,,,,,MyrAngel Beauty Institute,San Lorenzo,PR,United States,collegescorecard.ed.gov
,,,,,Texas Health School,Houston,TX,United States,collegescorecard.ed.gov
,,,,,Paul Mitchell the School-Logan,Logan,UT,United States,collegescorecard.ed.gov
,,,,,Careers Unlimited,Orem,UT,United States,collegescorecard.ed.gov
,,,,,Mountainland Technical College,Lehi,UT,United States,collegescorecard.ed.gov
,,,,,Avi Career Training,vienna,VA,United States,collegescorecard.ed.gov
,,,,,Mountain State School of Massage,Charleston,WV,United States,collegescorecard.ed.gov
,,,,,San Joaquin Valley College-Rancho Cordova,Rancho Cordova,CA,United States,collegescorecard.ed.gov
,,,,,Broken Arrow Beauty College,Broken Arrow,OK,United States,collegescorecard.ed.gov
,,,,,Universal Technical Institute of Northern California Inc,Sacramento,CA,United States,collegescorecard.ed.gov
1384.0,10954.0,,,,Lemoore College,Lemoore,CA,United States,collegescorecard.ed.gov
16699.0,16699.0,,,,Stautzenberger College-Brecksville,Brecksville,OH,United States,collegescorecard.ed.gov
,,,,,Unitech Training Academy-Houma,Houma,LA,United States,collegescorecard.ed.gov
14078.0,14078.0,,,,Rasmussen University-Illinois,Rockford,IL,United States,collegescorecard.ed.gov
,,,,,International Institute for Restorative Practices,Bethlehem,PA,United States,collegescorecard.ed.gov
,,,,,Automotive Training Center-Warminster,Warminster,PA,United States,collegescorecard.ed.gov
,,,,,Empire Beauty School-Milwaukee,Milwaukee,WI,United States,collegescorecard.ed.gov
,,,,,Milan Institute-Clovis,Clovis,CA,United States,collegescorecard.ed.gov
13920.0,13920.0,,,,Strayer University-Florida,Tampa,FL,United States,collegescorecard.ed.gov
,,,,,Pima Medical Institute-Renton,Renton,WA,United States,collegescorecard.ed.gov
14030.0,14030.0,,,,College of Business and Technology,Miami,FL,United States,collegescorecard.ed.gov
14030.0,14030.0,,,,College of Business and Technology,Hialeah,FL,United States,collegescorecard.ed.gov
7630.0,7630.0,,,,Dewey University-Juana Diaz,Juana Diaz,PR,United States,collegescorecard.ed.gov
,,,,,The College of Health Care Professions-San Antonio,San Antonio,TX,United States,collegescorecard.ed.gov
,,,,,Brittany Beauty Academy,Bronx,NY,United States,collegescorecard.ed.gov
,,,,,Lincoln Technical Institute-Whitestone,Whitestone,NY,United States,collegescorecard.ed.gov
8400.0,8400.0,,,,American Public University System,Charles Town,WV,United States,collegescorecard.ed.gov
4730.0,4730.0,,,,Huntsville Bible College,Huntsville,AL,United States,collegescorecard.ed.gov
,,,,,Beaumont Adult School,Beaumont,CA,United States,collegescorecard.ed.gov
37635.0,37635.0,0.4182,,,Gnomon,North Hollywood,CA,United States,collegescorecard.ed.gov
,,,,,MJ Barber & Beauty Academy,La Quinta,CA,United States,collegescorecard.ed.gov
,,,,,Academy of Natural Therapy Inc,Greeley,CO,United States,collegescorecard.ed.gov
,,,,,Academy Di Capelli-School of Cosmetology,Wallingford,CT,United States,collegescorecard.ed.gov
,,,,,The Salon Professional Academy,Dagsboro,DE,United States,collegescorecard.ed.gov
,,,,,Dragon Rises College of Oriental Medicine,Bradenton,FL,United States,collegescorecard.ed.gov
,,0.8037,,,SABER College,Miami,FL,United States,collegescorecard.ed.gov
14580.0,14580.0,,,,Taylor College,Ocala,FL,United States,collegescorecard.ed.gov
,,,,,Denmark College,Merrillville,IN,United States,collegescorecard.ed.gov
15575.0,15575.0,0.375,,,Louisiana Culinary Institute,Baton Rouge,LA,United States,collegescorecard.ed.gov
8100.0,8100.0,0.5765,,,Bais Medrash Toras Chesed,Lakewood,NJ,United States,collegescorecard.ed.gov
,,,,,Ace Institute of Technology,New York,NY,United States,collegescorecard.ed.gov
,,,,,New Age Training,New York,NY,United States,collegescorecard.ed.gov
18122.0,18122.0,,,,Dayton School of Medical Massage,Dayton,OH,United States,collegescorecard.ed.gov
18850.0,18850.0,,,,ATA College,Tulsa,OK,United States,collegescorecard.ed.gov
22000.0,22000.0,0.2803,1050.0,19.0,Visible Music College,Memphis,TN,United States,collegescorecard.ed.gov
,,,,,CCI Training Center-Arlington,Arlington,TX,United States,collegescorecard.ed.gov
,,,,,Southeast Texas Career Institute,Silsbee,TX,United States,collegescorecard.ed.gov
,,,,,Southwest Technical College,Cedar City,UT,United States,collegescorecard.ed.gov
,,,,,Virginia Beach Theological Seminary,Virginia Beach,VA,United States,collegescorecard.ed.gov
,,0.7286,,,Milwaukee Career College,Milwaukee,WI,United States,collegescorecard.ed.gov
15446.0,15446.0,1.0,,,University of the West,Rosemead,CA,United States,collegescorecard.ed.gov
,,,,,American College of Education,Indianapolis,IN,United States,collegescorecard.ed.gov
18145.0,18145.0,,,,South University-Tampa,Tampa,FL,United States,collegescorecard.ed.gov
,,,,,Milan Institute of Cosmetology-San Antonio Military,San Antonio,TX,United States,collegescorecard.ed.gov
,,,,,Appalachian College of Pharmacy,Oakwood,VA,United States,collegescorecard.ed.gov
,,,,,Paul Mitchell the School-Tampa,Tampa,FL,United States,collegescorecard.ed.gov
,,,,,Paul Mitchell the School-San Diego,San Diego,CA,United States,collegescorecard.ed.gov
,,,,,Paul Mitchell the School-Michigan,Sterling Heights,MI,United States,collegescorecard.ed.gov
,,,,,Paul Mitchell the School-Sherman Oaks,Sherman Oaks,CA,United States,collegescorecard.ed.gov
14935.0,14935.0,,,,Fortis College-Columbus,Westerville,OH,United States,collegescorecard.ed.gov
14763.0,14763.0,,,,Fortis College-Cincinnati,Cincinnati,OH,United States,collegescorecard.ed.gov
,,,,,Blue Cliff College-Alexandria,Alexandria,LA,United States,collegescorecard.ed.gov
13920.0,13920.0,,,,Strayer University-Delaware,Wilmington,DE,United States,collegescorecard.ed.gov
,,,,,Brite Divinity School,Fort Worth,TX,United States,collegescorecard.ed.gov
13920.0,13920.0,,,,Strayer University-Alabama,Birmingham,AL,United States,collegescorecard.ed.gov
,,,,,Brown Aveda Institute-Strongsville,Strongsville,OH,United States,collegescorecard.ed.gov
,,,,,Clary Sage College,Tulsa,OK,United States,collegescorecard.ed.gov
,,,,,Rasmussen University-Wisconsin,Green Bay,WI,United States,collegescorecard.ed.gov
,,,,,Empire Beauty School-Richmond,Richmond,VA,United States,collegescorecard.ed.gov
,,,,,Empire Beauty School-North Hills,Pittsburgh,PA,United States,collegescorecard.ed.gov
,,,,,Empire Beauty School-Concord,Concord,NC,United States,collegescorecard.ed.gov
,,,,,Lexington Healing Arts Academy,Lexington,KY,United States,collegescorecard.ed.gov
,,,,,Empire Beauty School-Hooksett,Hooksett,NH,United States,collegescorecard.ed.gov
,,,,,The Institute of Beauty and Wellness,Milwaukee,WI,United States,collegescorecard.ed.gov
,,,,,Carrington College-Stockton,Stockton,CA,United States,collegescorecard.ed.gov
,,,,,Trend Barber College,Houston,TX,United States,collegescorecard.ed.gov
6760.0,6760.0,,,,Columbia Southern University,Orange Beach,AL,United States,collegescorecard.ed.gov
,,,,,Arizona Culinary Institute,Scottsdale,AZ,United States,collegescorecard.ed.gov
,,,,,Healthcare Career College,Paramount,CA,United States,collegescorecard.ed.gov
,,,,,Coastline Beauty College,Fountain Valley,CA,United States,collegescorecard.ed.gov
,,,,,Branford Academy of Hair & Cosmetology,Branford,CT,United States,collegescorecard.ed.gov
,,,,,Academy of Massage and Bodywork,Bear,DE,United States,collegescorecard.ed.gov
,,,,,Academy for Five Element Acupuncture,Gainesville,FL,United States,collegescorecard.ed.gov
,,,,,Academy of Career Training,Kissimmee,FL,United States,collegescorecard.ed.gov
,,,,,Miami Regional University,Miami Springs,FL,United States,collegescorecard.ed.gov
,,,,,Aveda Institute-South Florida,Davie,FL,United States,collegescorecard.ed.gov
,,,,,Aveda Institute-Tampa Bay,Clearwater,FL,United States,collegescorecard.ed.gov
,,,,,Shear Excellence Hair Academy,Tampa,FL,United States,collegescorecard.ed.gov
,,,,,Carlson College of Massage Therapy,Anamosa,IA,United States,collegescorecard.ed.gov
,,,,,MyComputerCareer at Indianapolis,Indianapolis,IN,United States,collegescorecard.ed.gov
,,1.0,,,Z Hair Academy,Overland Park,KS,United States,collegescorecard.ed.gov
,,,,,DiGrigoli School of Cosmetology,West Springfield,MA,United States,collegescorecard.ed.gov
,,,,,Elevate Salon Institute,Royal Oak,MI,United States,collegescorecard.ed.gov
,,,,,Lakewood School of Therapeutic Massage,Port Huron,MI,United States,collegescorecard.ed.gov
,,,,,The Salon Professional Academy-Battle Creek,Battle Creek,MI,United States,collegescorecard.ed.gov
,,,,,Trend Setters School,Cape Girardeau,MO,United States,collegescorecard.ed.gov
,,,,,Academy of Hair Design-Springfield,Springfield,MO,United States,collegescorecard.ed.gov
,,,,,Corinth Academy of Cosmetology,Corinth,MS,United States,collegescorecard.ed.gov
25080.0,25080.0,0.9367,,,Southeastern College-Charlotte,Charlotte,NC,United States,collegescorecard.ed.gov
11450.0,11450.0,0.8621,,,Yeshivas Be'er Yitzchok,Elizabeth,NJ,United States,collegescorecard.ed.gov
12750.0,12750.0,0.4425,,,Yeshiva Toras Chaim,Lakewood,NJ,United States,collegescorecard.ed.gov
13200.0,13200.0,0.9787,,,Talmudical Seminary of Bobov,Brooklyn,NY,United States,collegescorecard.ed.gov
,,0.1852,,,Center for Allied Health Education,Brooklyn,NY,United States,collegescorecard.ed.gov
,,,,,Aveda Fredric's Institute-Cincinnati,West Chester,OH,United States,collegescorecard.ed.gov
,,,,,MyComputerCareer at Columbus,Columbus,OH,United States,collegescorecard.ed.gov
,,,,,CDE Career Institute,Tannersville,PA,United States,collegescorecard.ed.gov
,,,,,Instituto Educativo Premier,Ponce,PR,United States,collegescorecard.ed.gov
,,,,,Charleston School of Law,Charleston,SC,United States,collegescorecard.ed.gov
,,,,,Elite College of Cosmetology,Lexington,TN,United States,collegescorecard.ed.gov
,,,,,Manuel and Theresa's School of Hair Design-Bryan,Bryan,TX,United States,collegescorecard.ed.gov
16000.0,16000.0,,,,Southwest University at El Paso,El Paso,TX,United States,collegescorecard.ed.gov
,,,,,Paul Mitchell the School-Austin,Austin,TX,United States,collegescorecard.ed.gov
,,,,,Aveda Institute-Provo,Provo,UT,United States,collegescorecard.ed.gov
,,,,,Dixie Technical College,Saint George,UT,United States,collegescorecard.ed.gov
,,,,,Victoria's Academy of Cosmetology,Kennewick,WA,United States,collegescorecard.ed.gov
,,,,,Paul Mitchell the School-San Antonio,San Antonio,TX,United States,collegescorecard.ed.gov
20288.0,20288.0,,,,Bryant & Stratton College-Wauwatosa,Wauwatosa,WI,United States,collegescorecard.ed.gov
16926.0,16926.0,,,,Remington College-Houston Southeast Campus,League City,TX,United States,collegescorecard.ed.gov
16245.0,16245.0,,,,Remington College-Shreveport Campus,Shreveport,LA,United States,collegescorecard.ed.gov
,,,,,TC Beauty,Johnson City,TN,United States,collegescorecard.ed.gov
28425.0,28425.0,0.7744,1352.0,30.0,Patrick Henry College,Purcellville,VA,United States,collegescorecard.ed.gov
,,,,,The Hair Academy,Bismarck,ND,United States,collegescorecard.ed.gov
,,,,,Ross Medical Education Center-New Baltimore,New Baltimore,MI,United States,collegescorecard.ed.gov
,,,,,Ross College-Sylvania,Sylvania,OH,United States,collegescorecard.ed.gov
3850.0,3850.0,1.0,,,Escuela De Troqueleria Y Herramentaje,Bayamon,PR,United States,collegescorecard.ed.gov
15627.0,15627.0,,,,Fortis Institute-Nashville,Nashville,TN,United States,collegescorecard.ed.gov
14250.0,14250.0,,,,ATA College-Cincinnati,Cincinnati,OH,United States,collegescorecard.ed.gov
,,,,,Dental Assistant Pro LLC-Columbus,Westerville,OH,United States,collegescorecard.ed.gov
,,,,,Dental Assistant Pro-Lebanon,Lebanon,OH,United States,collegescorecard.ed.gov
,,,,,Elite Welding Academy LLC,Cincinnati,OH,United States,collegescorecard.ed.gov
18048.0,18048.0,,,,Galen College of Nursing-Cincinnati,Cincinnati,OH,United States,collegescorecard.ed.gov
13920.0,13920.0,,,,Strayer University-North Carolina,Greensboro,NC,United States,collegescorecard.ed.gov
13920.0,13920.0,,,,Strayer University-New Jersey,Piscataway,NJ,United States,collegescorecard.ed.gov
,,,,,International Culinary Arts and Sciences Institute,Chesterland,OH,United States,collegescorecard.ed.gov
,,,,,Ohio Media School-Columbus,Columbus,OH,United States,collegescorecard.ed.gov
,,,,,Ohio Medical Career College,Dayton,OH,United States,collegescorecard.ed.gov
21536.0,21536.0,0.8264,,,Chamberlain University-Illinois,Addison,IL,United States,collegescorecard.ed.gov
19975.0,19975.0,0.875,,,Chamberlain University-Ohio,Columbus,OH,United States,collegescorecard.ed.gov
20785.0,20785.0,0.9091,,,Chamberlain University-Arizona,Phoenix,AZ,United States,collegescorecard.ed.gov
,,,,,The Salon Professional Academy-Appleton,Appleton,WI,United States,collegescorecard.ed.gov
,,,,,Milan Institute of Cosmetology-Vacaville,Vacaville,CA,United States,collegescorecard.ed.gov
,,,,,Milan Institute of Cosmetology-Reno,Reno,NV,United States,collegescorecard.ed.gov
13296.0,13296.0,,,,Ottawa University-Online,Overland Park,KS,United States,collegescorecard.ed.gov
,,,,,Paul Mitchell the School-Esani,Roswell,GA,United States,collegescorecard.ed.gov
,,,,,Paul Mitchell the School-Birmingham,Hoover,AL,United States,collegescorecard.ed.gov
,,,,,Taft University System,Denver,CO,United States,collegescorecard.ed.gov
,,,,,Mayfield College,Cathedral City,CA,United States,collegescorecard.ed.gov
,,,,,Academy of Esthetics and Cosmetology,San Fernando,CA,United States,collegescorecard.ed.gov
,,,,,Borner's Barber College,Los Angeles,CA,United States,collegescorecard.ed.gov
,,,,,Paul Mitchell the School-Pasadena,Pasadena,CA,United States,collegescorecard.ed.gov
,,,,,San Francisco Institute of Esthetics & Cosmetology Inc,San Francisco,CA,United States,collegescorecard.ed.gov
,,,,,Laurus College,San Luis Obispo,CA,United States,collegescorecard.ed.gov
,,,,,Healing Hands School of Holistic Health,Escondido,CA,United States,collegescorecard.ed.gov
,,,,,Career Development Institute Inc,Los Angeles,CA,United States,collegescorecard.ed.gov
,,,,,Auguste Escoffier School of Culinary Arts-Boulder,Boulder,CO,United States,collegescorecard.ed.gov
6870.0,6870.0,,,,Aspen University,Phoenix,AZ,United States,collegescorecard.ed.gov
,,,,,Institute of Taoist Education and Acupuncture,Louisville,CO,United States,collegescorecard.ed.gov
,,,,,Denver College of Nursing,Denver,CO,United States,collegescorecard.ed.gov
18168.0,18168.0,,,,Cambridge College of Healthcare & Technology,Delray Beach,FL,United States,collegescorecard.ed.gov
,,,,,Cozmo Beauty School,Bonita Springs,FL,United States,collegescorecard.ed.gov
,,,,,Celebrity School of Beauty,Miami,FL,United States,collegescorecard.ed.gov
,,,,,Paul Mitchell the School-Atlanta,Atlanta,GA,United States,collegescorecard.ed.gov
,,,,,Evans Hairstyling College-Rexburg,Rexburg,ID,United States,collegescorecard.ed.gov
,,,,,Paul Mitchell the School-Rexburg,Rexburg,ID,United States,collegescorecard.ed.gov
,,,,,University of Aesthetics & Cosmetology,Chicago,IL,United States,collegescorecard.ed.gov
,,,,,The University of Aesthetics & Cosmetology,Downers Grove,IL,United States,collegescorecard.ed.gov
,,,,,Tricoci University of Beauty Culture-Chicago NW,Chicago,IL,United States,collegescorecard.ed.gov
,,,,,Tricoci University of Beauty Culture-Glendale Heights,Glendale Heights,IL,United States,collegescorecard.ed.gov
,,,,,Tricoci University of Beauty Culture-Peoria,Peoria,IL,United States,collegescorecard.ed.gov
,,,,,Tricoci University of Beauty Culture-Rockford,Rockford,IL,United States,collegescorecard.ed.gov
,,,,,The Omega Studios' School of Applied Arts & Sciences,Rockville,MD,United States,collegescorecard.ed.gov
,,,,,French Academy of Cosmetology,Spring Lake,MI,United States,collegescorecard.ed.gov
,,,,,Paul Mitchell the School-Springfield,Springfield,MO,United States,collegescorecard.ed.gov
,,,,,Urshan Graduate School of Theology,Wentzville,MO,United States,collegescorecard.ed.gov
,,,,,Mississippi Institute of Aesthetics Nails & Cosmetology,Clinton,MS,United States,collegescorecard.ed.gov
3446.0,7454.0,,,,College of Western Idaho,Nampa,ID,United States,collegescorecard.ed.gov
,,,,,Aveda Institute-Chapel Hill,Chapel Hill,NC,United States,collegescorecard.ed.gov
,,,,,Daoist Traditions College of Chinese Medical Arts,Asheville,NC,United States,collegescorecard.ed.gov
,,,,,Total Image Beauty Academy,Union City,NJ,United States,collegescorecard.ed.gov
,,0.6763,1058.0,,Jersey College,Teterboro,NJ,United States,collegescorecard.ed.gov
,,,,,American Institute of Medical Sciences & Education,Piscataway,NJ,United States,collegescorecard.ed.gov
,,,,,Casal Institute of Nevada,Las Vegas,NV,United States,collegescorecard.ed.gov
,,,,,Career School of NY,Staten Island,NY,United States,collegescorecard.ed.gov
10800.0,10800.0,0.7006,,,Yeshiva of Machzikai Hadas,Brooklyn,NY,United States,collegescorecard.ed.gov
,,,,,Aveda Institute-Columbus,Columbus,OH,United States,collegescorecard.ed.gov
,,,,,Paul Mitchell the School-Cincinnati,Cincinnati,OH,United States,collegescorecard.ed.gov
,,,,,Hands on Therapy,Mesquite,TX,United States,collegescorecard.ed.gov
,,,,,MediaTech Institute-Dallas,Dallas,TX,United States,collegescorecard.ed.gov
,,,,,Aveda Arts & Sciences Institute-San Antonio,San Antonio,TX,United States,collegescorecard.ed.gov
,,,,,Skin Science Institute,Sandy,UT,United States,collegescorecard.ed.gov
,,,,,Pacific Northwest University of Health Sciences,Yakima,WA,United States,collegescorecard.ed.gov
,,,,,The Chicago School at Anaheim,Anaheim,CA,United States,collegescorecard.ed.gov
,,,,,Fortis College-Dothan,Dothan,AL,United States,collegescorecard.ed.gov
15069.0,15069.0,,,,Fortis Institute-Pensacola,Pensacola,FL,United States,collegescorecard.ed.gov
,,,,,Fortis College-Montgomery,Montgomery,AL,United States,collegescorecard.ed.gov
1124.0,7656.0,,,,Woodland Community College,Woodland,CA,United States,collegescorecard.ed.gov
15335.0,15335.0,,,,Fortis Institute-Birmingham,Birmingham,AL,United States,collegescorecard.ed.gov
21780.0,21780.0,0.4634,,,The Chicago School at Los Angeles,Los Angeles,CA,United States,collegescorecard.ed.gov
,,,,,Cardiac and Vascular Institute of Ultrasound,Mobile,AL,United States,collegescorecard.ed.gov
,,,,,Alturas Cosmetology of Arizona LLC,Chandler,AZ,United States,collegescorecard.ed.gov
,,,,,California Nurses Educational Institute,Rancho Mirage,CA,United States,collegescorecard.ed.gov
,,,,,Paul Mitchell the School-Sacramento,Sacramento,CA,United States,collegescorecard.ed.gov
36963.0,36963.0,1.0,,,Providence Christian College,Pasadena,CA,United States,collegescorecard.ed.gov
,,,,,Oxford Academy of Hair Design Inc,Seymour,CT,United States,collegescorecard.ed.gov
,,,,,Institute of World Politics,Washington,DC,United States,collegescorecard.ed.gov
,,,,,Pontifical John Paul II Institute for Studies on Marriage and Family,Washington,DC,United States,collegescorecard.ed.gov
,,,,,Medical Institute of Palm Beach,Greenacres,FL,United States,collegescorecard.ed.gov
,,,,,Oliver Finley Academy of Cosmetology,Boise,ID,United States,collegescorecard.ed.gov
,,,,,National Career College,Panorama City,CA,United States,collegescorecard.ed.gov
,,,,,The Aveda Institute of Beauty and Wellness Chicago,Chicago,IL,United States,collegescorecard.ed.gov
,,,,,Tricoci University of Beauty Culture-Libertyville,Libertyville,IL,United States,collegescorecard.ed.gov
,,,,,Tricoci University of Beauty Culture-Bridgeview,Bridgeview,IL,United States,collegescorecard.ed.gov
,,,,,The Temple-A Paul Mitchell Partner School,Frederick,MD,United States,collegescorecard.ed.gov
,,,,,Center for Massage,Asheville,NC,United States,collegescorecard.ed.gov
,,,,,The Academy of Hair Design LLC,Oklahoma City,OK,United States,collegescorecard.ed.gov
,,,,,COLLECTIV Academy-Cranston,Cranston,RI,United States,collegescorecard.ed.gov
13566.0,13566.0,,,,South Texas Training Center,Pharr,TX,United States,collegescorecard.ed.gov
,,,,,Columbia College,Vienna,VA,United States,collegescorecard.ed.gov
,,,,,Vermont College of Fine Arts,Montpelier,VT,United States,collegescorecard.ed.gov
,,,,,Advanced Welding Institute,South Burlington,VT,United States,collegescorecard.ed.gov
,,,,,Paul Mitchell the School-Memphis,Memphis,TN,United States,collegescorecard.ed.gov
,,,,,Pima Medical Institute-East Valley,Mesa,AZ,United States,collegescorecard.ed.gov
,,,,,Paul Mitchell the School-Cleveland,Twinsburg,OH,United States,collegescorecard.ed.gov
,,,,,Paul Mitchell the School-Columbus,Columbus,OH,United States,collegescorecard.ed.gov
,,,,,Empire Beauty School-Spring Lake Park,Spring Lake Park,MN,United States,collegescorecard.ed.gov
,,,,,Miller-Motte College-Raleigh,Raleigh,NC,United States,collegescorecard.ed.gov
,,,,,Lamson Institute,San Antonio,TX,United States,collegescorecard.ed.gov
13474.0,13474.0,,,,Fortis College-Salt Lake City,Salt Lake City,UT,United States,collegescorecard.ed.gov
14367.0,14367.0,,,,Polytechnic University of Puerto Rico-Miami,Miami,FL,United States,collegescorecard.ed.gov
14547.0,14547.0,,,,Polytechnic University of Puerto Rico-Orlando,Orlando,FL,United States,collegescorecard.ed.gov
,,,,,Ross Medical Education Center-Fort Wayne,Fort Wayne,IN,United States,collegescorecard.ed.gov
,,,,,Ross Medical Education Center-Battle Creek,Battle Creek,MI,United States,collegescorecard.ed.gov
15886.0,15886.0,,,,Geisinger Commonwealth School of Medicine,Scranton,PA,United States,collegescorecard.ed.gov
,,,,,Josef's School of Hair Skin & Body-Fargo,Fargo,ND,United States,collegescorecard.ed.gov
,,,,,Miller-Motte College-Berks Technical Institute-Allentown,Allentown,PA,United States,collegescorecard.ed.gov
,,,,,Salon Success Academy-Fontana,Fontana,CA,United States,collegescorecard.ed.gov
,,,,,Salon Success Academy-Redlands,Redlands,CA,United States,collegescorecard.ed.gov
13920.0,13920.0,,,,Strayer University-West Virginia,Scott Depot,WV,United States,collegescorecard.ed.gov
,,,,,Paul Mitchell the School-Baton Rouge,Baton Rouge,LA,United States,collegescorecard.ed.gov
,,,,,San Joaquin Valley College-Hesperia,Hesperia,CA,United States,collegescorecard.ed.gov
,,,,,South Texas Vocational Technical Institute-Brownsville,Brownsville,TX,United States,collegescorecard.ed.gov
,,,,,Miller-Motte College-STVT-Corpus Christi,Corpus Christi,TX,United States,collegescorecard.ed.gov
15016.0,15016.0,0.71,1183.0,26.0,University of Minnesota-Rochester,Rochester,MN,United States,collegescorecard.ed.gov
14030.0,14030.0,,,,College of Business and Technology,Cutler Bay,FL,United States,collegescorecard.ed.gov
,,,,,Capri Beauty College,New Lenox,IL,United States,collegescorecard.ed.gov
,,,,,Milan Institute-Bakersfield,Bakersfield,CA,United States,collegescorecard.ed.gov
,,,,,Homestead Schools,Torrance,CA,United States,collegescorecard.ed.gov
,,,,,Carrington College-Las Vegas,Las Vegas,NV,United States,collegescorecard.ed.gov
,,,,,Carrington College-Reno,Reno,NV,United States,collegescorecard.ed.gov
19975.0,19975.0,0.9091,,,Chamberlain University-Florida,Jacksonville,FL,United States,collegescorecard.ed.gov
,,,,,Washington Barber College Inc,Little Rock,AR,United States,collegescorecard.ed.gov
,,,,,InterCoast Colleges-Rancho Cordova,Rancho Cordova,CA,United States,collegescorecard.ed.gov
9840.0,9840.0,,,,Horizon University,Indianapolis,IN,United States,collegescorecard.ed.gov
,,,,,Beyond 21st Century Beauty Academy,Santa Fe Springs,CA,United States,collegescorecard.ed.gov
,,,,,Academy for Jewish Religion California,Los Angeles,CA,United States,collegescorecard.ed.gov
,,,,,Angeles College,Los Angeles,CA,United States,collegescorecard.ed.gov
,,,,,Angeles Institute,ARTESIA,CA,United States,collegescorecard.ed.gov
,,,,,Paul Mitchell the School-Temecula,Temecula,CA,United States,collegescorecard.ed.gov
,,,,,TIGI Hairdressing Academy Guilford,Guilford,CT,United States,collegescorecard.ed.gov
,,,,,International Institute of Cosmetology,Wethersfield,CT,United States,collegescorecard.ed.gov
,,,,,Florida School of Traditional Midwifery,Gainesville,FL,United States,collegescorecard.ed.gov
,,,,,Emerald Coast Technical College,DeFuniak Springs,FL,United States,collegescorecard.ed.gov
,,,,,Immokalee Technical College,Immokalee,FL,United States,collegescorecard.ed.gov
,,,,,American Academy of Cosmetology,Orange Park,FL,United States,collegescorecard.ed.gov
9810.0,9810.0,,,,University of Fort Lauderdale,Lauderhill,FL,United States,collegescorecard.ed.gov
16757.0,16757.0,,,,Aviation Institute of Maintenance-Orlando,Casselberry,FL,United States,collegescorecard.ed.gov
,,,,,Summit Salon Academy,Tampa,FL,United States,collegescorecard.ed.gov
,,,,,Summit Salon Academy-Gainesville,Gainesville,FL,United States,collegescorecard.ed.gov
,,,,,Tenaj Salon Institute,The Villages,FL,United States,collegescorecard.ed.gov
,,,,,Profile Institute of Barber-Styling,Atlanta,GA,United States,collegescorecard.ed.gov
,,,,,Keune Academy by 124,Lawrenceville,GA,United States,collegescorecard.ed.gov
13580.0,13580.0,,,,Pacific Rim Christian University,Honolulu,HI,United States,collegescorecard.ed.gov
,,,,,Paul Mitchell the School-Twin Falls,TWIN FALLS,ID,United States,collegescorecard.ed.gov
,,,,,Ambria College of Nursing,Hoffman Estates,IL,United States,collegescorecard.ed.gov
,,,,,Midwestern Career College,Chicago,IL,United States,collegescorecard.ed.gov
,,,,,Aveda Fredric's Institute-Indianapolis,Carmel,IN,United States,collegescorecard.ed.gov
,,,,,Summit Salon Academy,Anderson,IN,United States,collegescorecard.ed.gov
,,,,,Eric Fisher Academy,Wichita,KS,United States,collegescorecard.ed.gov
,,,,,My Le's Beauty College,Gretna,LA,United States,collegescorecard.ed.gov
,,,,,Blackstone Valley Vocational Regional School District,Upton,MA,United States,collegescorecard.ed.gov
,,,,,L'esprit Academy,Canton,MI,United States,collegescorecard.ed.gov
,,,,,Marketti Academy of Cosmetology,Waterford,MI,United States,collegescorecard.ed.gov
,,,,,Avalon School of Cosmetology,Worthington,MN,United States,collegescorecard.ed.gov
6600.0,6600.0,,,,City Vision University,Kansas City,MO,United States,collegescorecard.ed.gov
,,,,,Montana Academy of Salons,Great Falls,MT,United States,collegescorecard.ed.gov
,,,,,National Career Institute,East Orange,NJ,United States,collegescorecard.ed.gov
,,,,,Paul Mitchell the School-Albuquerque,Albuquerque,NM,United States,collegescorecard.ed.gov
,,,,,International Academy of Style,Reno,NV,United States,collegescorecard.ed.gov
,,,,,EDP School,Brooklyn,NY,United States,collegescorecard.ed.gov
,,1.0,,,New York Medical Career Training Center,Flushing,NY,United States,collegescorecard.ed.gov
,,,,,Institute of Culinary Education,New York,NY,United States,collegescorecard.ed.gov
,,,,,The Salon Professional Academy-Tonawanda,Tonawanda,NY,United States,collegescorecard.ed.gov
,,,,,Paul Mitchell the School-NYC,Staten Island,NY,United States,collegescorecard.ed.gov
,,,,,Four County Career Center,Archbold,OH,United States,collegescorecard.ed.gov
,,,,,Summit Salon Academy-Perrysburg,Perrysburg,OH,United States,collegescorecard.ed.gov
12115.0,12115.0,0.75,,,Portland Actors Conservatory,Portland,OR,United States,collegescorecard.ed.gov
,,,,,Somerset County Technology Center,Somerset,PA,United States,collegescorecard.ed.gov
,,,,,Metro Beauty Academy,Allentown,PA,United States,collegescorecard.ed.gov
,,,,,Academy for Careers and Technology,Mullins,SC,United States,collegescorecard.ed.gov
,,,,,Love Beauty School Inc,Manchester,TN,United States,collegescorecard.ed.gov
,,,,,DuVall's School of Cosmetology,Bedford,TX,United States,collegescorecard.ed.gov
,,,,,Texas Beauty College,Haltom city,TX,United States,collegescorecard.ed.gov
,,,,,Avenue Five Institute,Austin,TX,United States,collegescorecard.ed.gov
,,,,,The Salon Professional Academy-Lewisville,Lewisville,TX,United States,collegescorecard.ed.gov
,,,,,Renaissance Academie,Provo,UT,United States,collegescorecard.ed.gov
8550.0,8550.0,,,,Ascent College,Gainesville,VA,United States,collegescorecard.ed.gov
,,,,,Institute of Advanced Medical Esthetics,Ashland,VA,United States,collegescorecard.ed.gov
,,,,,Aveda Arts & Sciences Institute Seattle,Seattle,WA,United States,collegescorecard.ed.gov
20025.0,20025.0,,,,Northwest School of Wooden Boat Building,Port Hadlock,WA,United States,collegescorecard.ed.gov
,,,,,The Salon Professional Academy-Onalaska,Onalaska,WI,United States,collegescorecard.ed.gov
22506.0,22506.0,,,,West Coast University-Anaheim-Orange County,Anaheim,CA,United States,collegescorecard.ed.gov
36854.0,36854.0,,,,West Coast University-Ontario,Ontario,CA,United States,collegescorecard.ed.gov
,,,,,Paul Mitchell the School-Chicago,Chicago,IL,United States,collegescorecard.ed.gov
,,,,,Miller-Motte College-Fayetteville,Fayetteville,NC,United States,collegescorecard.ed.gov
,,,,,European Massage Therapy School-Las Vegas,Las Vegas,NV,United States,collegescorecard.ed.gov
,,,,,Miller-Motte College-Columbus,Columbus,GA,United States,collegescorecard.ed.gov
15072.0,15072.0,,,,Fortis College-Indianapolis,Indianapolis,IN,United States,collegescorecard.ed.gov
,,,,,Empire Beauty School-E Memphis,Memphis,TN,United States,collegescorecard.ed.gov
,,,,,Empire Beauty School-Nashville,Brentwood,TN,United States,collegescorecard.ed.gov
,,,,,Empire Beauty School-Jackson,Jackson,TN,United States,collegescorecard.ed.gov
,,,,,Empire Beauty School-Springfield,Springfield,PA,United States,collegescorecard.ed.gov
,,,,,Empire Beauty School-Speedway,Speedway,IN,United States,collegescorecard.ed.gov
,,,,,Empire Beauty School-Morrow,Morrow,GA,United States,collegescorecard.ed.gov
13920.0,13920.0,,,,Strayer University-Arkansas,Little Rock,AR,United States,collegescorecard.ed.gov
13920.0,13920.0,,,,Strayer University-Georgia,Chamblee,GA,United States,collegescorecard.ed.gov
13920.0,13920.0,,,,Strayer University-Mississippi,Jackson,MS,United States,collegescorecard.ed.gov
13920.0,13920.0,,,,Strayer University-South Carolina,Greenville,SC,United States,collegescorecard.ed.gov
13920.0,13920.0,,,,Strayer University-Texas,Farmers Branch,TX,United States,collegescorecard.ed.gov
,,,,,Empire Beauty School-Charlotte,Charlotte,NC,United States,collegescorecard.ed.gov
,,,,,Empire Beauty School-Winston-Salem,Winston-Salem,NC,United States,collegescorecard.ed.gov
,,,,,Empire Beauty School-West Palm,West Palm Beach,FL,United States,collegescorecard.ed.gov
,,,,,Empire Beauty School-Pineville,Charlotte,NC,United States,collegescorecard.ed.gov
,,,,,Paul Mitchell the School-Phoenix,Phoenix,AZ,United States,collegescorecard.ed.gov
,,,,,Paul Mitchell the School-Modesto,Modesto,CA,United States,collegescorecard.ed.gov
,,,,,Paul Mitchell the School-Fresno,Fresno,CA,United States,collegescorecard.ed.gov
,,,,,Unitek College,Fremont,CA,United States,collegescorecard.ed.gov
,,,,,Gurnick Academy of Medical Arts,San Jose,CA,United States,collegescorecard.ed.gov
,,,,,Paul Mitchell the School-East Bay,Pleasant Hill,CA,United States,collegescorecard.ed.gov
18145.0,18145.0,,,,South University-Richmond,Glen Allen,VA,United States,collegescorecard.ed.gov
18145.0,18145.0,,,,South University-Virginia Beach,Virginia Beach,VA,United States,collegescorecard.ed.gov
,,,,,Aveda Institute-Denver,Denver,CO,United States,collegescorecard.ed.gov
,,,,,Paul Mitchell the School-Colorado Springs,Colorado Springs,CO,United States,collegescorecard.ed.gov
,,,,,The Salon Professional Academy-Colorado Springs,Colorado Springs,CO,United States,collegescorecard.ed.gov
,,,,,Paul Mitchell the School-Delaware,Newark,DE,United States,collegescorecard.ed.gov
,,,,,Fred K Marchman Technical College,New Port Richey,FL,United States,collegescorecard.ed.gov
,,,,,The Salon Professional Academy-Ft Myers,Fort Myers,FL,United States,collegescorecard.ed.gov
,,,,,Universal Spa Training Academy,Downers Grove,IL,United States,collegescorecard.ed.gov
,,,,,The Salon Professional Academy-Evansville,Evansville,IN,United States,collegescorecard.ed.gov
,,,,,Tri County Regional Vocational Technical High School,Franklin,MA,United States,collegescorecard.ed.gov
,,,,,Nova Academy of Cosmetology,Rochester,MN,United States,collegescorecard.ed.gov
,,,,,Maestro College,Dallas,TX,United States,collegescorecard.ed.gov
,,,,,ABC Beauty Academy,Richardson,TX,United States,collegescorecard.ed.gov
,,,,,Salon & Spa Institute,Brownsville,TX,United States,collegescorecard.ed.gov
,,,,,Summit Salon Academy,Tacoma,WA,United States,collegescorecard.ed.gov
,,,,,Paul Mitchell the School-Milwaukee,Wauwatosa,WI,United States,collegescorecard.ed.gov
14600.0,14600.0,,,,Touro University Worldwide,Los Alamitos,CA,United States,collegescorecard.ed.gov
20005.0,20005.0,,,,Touro University California,Vallejo,CA,United States,collegescorecard.ed.gov
,,,,,The Chicago School at Washington DC,Washington,DC,United States,collegescorecard.ed.gov
,,,,,Touro University Nevada,Henderson,NV,United States,collegescorecard.ed.gov
13450.0,13450.0,0.92,,,Herzing University-Kenosha,Kenosha,WI,United States,collegescorecard.ed.gov
13450.0,13450.0,0.9306,,,Herzing University-Brookfield,Brookfield,WI,United States,collegescorecard.ed.gov
9654.0,23255.0,0.928,955.0,20.0,Texas A&M University-San Antonio,San Antonio,TX,United States,collegescorecard.ed.gov
,,,,,Fortis Institute,Houston,TX,United States,collegescorecard.ed.gov
,,,,,Southern Careers Institute-Brownsville,Brownsville,TX,United States,collegescorecard.ed.gov
,,,,,Southern Careers Institute-Harlingen,Harlingen,TX,United States,collegescorecard.ed.gov
13920.0,13920.0,,,,Strayer University-Global Region,Washington,DC,United States,collegescorecard.ed.gov
,,,,,Kenneth Shuler School of Cosmetology-Florence,Florence,SC,United States,collegescorecard.ed.gov
14777.0,14777.0,,,,Fortis College-Columbia,Columbia,SC,United States,collegescorecard.ed.gov
,,,,,Ross Medical Education Center-Davison,Davison,MI,United States,collegescorecard.ed.gov
,,,,,Ross Medical Education Center-Granger,Mishawaka,IN,United States,collegescorecard.ed.gov
,,,,,Ross Medical Education Center-Niles,Niles,OH,United States,collegescorecard.ed.gov
,,,,,Ross Medical Education Center-Canton,Canton,MI,United States,collegescorecard.ed.gov
,,,,,Pima Medical Institute-Houston,Houston,TX,United States,collegescorecard.ed.gov
,,,,,Illinois Media School-Chicago Campus,Chicago,IL,United States,collegescorecard.ed.gov
,,,,,Miller-Motte College-STVT-San Antonio,San Antonio,TX,United States,collegescorecard.ed.gov
,,0.9045,,,Concorde Career College-Dallas,Dallas,TX,United States,collegescorecard.ed.gov
,,0.9005,,,Concorde Career Institute-Orlando,Orlando,FL,United States,collegescorecard.ed.gov
,,0.9518,,,Concorde Career College-San Antonio,San Antonio,TX,United States,collegescorecard.ed.gov
13365.0,13365.0,0.9097,,,Johnson & Wales University-Online,Providence,RI,United States,collegescorecard.ed.gov
1428.0,12498.0,,,,Moreno Valley College,Moreno Valley,CA,United States,collegescorecard.ed.gov
1428.0,12498.0,,,,Norco College,Norco,CA,United States,collegescorecard.ed.gov
16990.0,16990.0,,,,Dorsey College-Saginaw,Saginaw,MI,United States,collegescorecard.ed.gov
,,,,,Milan Institute of Cosmetology-El Paso,El Paso,TX,United States,collegescorecard.ed.gov
,,,,,Universal Technical Institute-Dallas Fort Worth,Irving,TX,United States,collegescorecard.ed.gov
8664.0,8664.0,,,,ICPR Junior College,Manati,PR,United States,collegescorecard.ed.gov
,,,,,Artistic Nails and Beauty Academy-Lakeland,Lakeland,FL,United States,collegescorecard.ed.gov
25927.0,25927.0,,,,Hawaii Medical College,Honolulu,HI,United States,collegescorecard.ed.gov
,,,,,Carolina College of Hair Design Inc,Asheville,NC,United States,collegescorecard.ed.gov
,,,,,Integrated Massage Therapy Services,Blackfoot,ID,United States,collegescorecard.ed.gov
,,,,,Miller-Motte College-Jacksonville,Jacksonville,NC,United States,collegescorecard.ed.gov
,,,,,Miller-Motte College-Augusta,Augusta,GA,United States,collegescorecard.ed.gov
,,,,,Aveda Institute-Portland,Portland,OR,United States,collegescorecard.ed.gov
20785.0,20785.0,0.9,,,Chamberlain University-Virginia,Vienna,VA,United States,collegescorecard.ed.gov
,,,,,Penrose Academy,Scottsdale,AZ,United States,collegescorecard.ed.gov
,,,,,Skin Institute,Saint Louis,MO,United States,collegescorecard.ed.gov
,,,,,Beauty Academy of South Florida,Hialeah Gardens,FL,United States,collegescorecard.ed.gov
,,,,,Ogle School Hair Skin Nails-North Dallas,Dallas,TX,United States,collegescorecard.ed.gov
,,,,,The Salon Professional Academy,Sherwood,AR,United States,collegescorecard.ed.gov
,,,,,The Salon Professional Academy-St Charles,St. Charles,MO,United States,collegescorecard.ed.gov
17926.0,17926.0,,,,Mildred Elley-New York Campus,New York,NY,United States,collegescorecard.ed.gov
7995.0,7995.0,,,,Crestpoint University,Phoenix,AZ,United States,collegescorecard.ed.gov
6906.0,6906.0,,,,Carolina College of Biblical Studies,Fayetteville,NC,United States,collegescorecard.ed.gov
,,,,,Northeast Technology Center,Pryor,OK,United States,collegescorecard.ed.gov
,,,,,Allstate Hairstyling & Barber College,Cleveland,OH,United States,collegescorecard.ed.gov
,,,,,Omega Graduate School,Dayton,TN,United States,collegescorecard.ed.gov
,,,,,Jung Tao School of Classical Chinese Medicine,Sugar Grove,NC,United States,collegescorecard.ed.gov
36920.0,36920.0,,,,New York Film Academy,Burbank,CA,United States,collegescorecard.ed.gov
,,,,,Bella Capelli Academy,Monroeville,PA,United States,collegescorecard.ed.gov
,,,,,Institute of Medical Careers,Pittsburgh,PA,United States,collegescorecard.ed.gov
,,,,,Flagler Technical College,Palm Coast,FL,United States,collegescorecard.ed.gov
,,,,,Galaxy Medical College,North Hollywood,CA,United States,collegescorecard.ed.gov
,,,,,American Medical Sciences Center,Glendale,CA,United States,collegescorecard.ed.gov
,,,,,Mandalyn Academy,American Fork,UT,United States,collegescorecard.ed.gov
13660.0,13660.0,,,,Jose Maria Vargas University,Pembroke Pines,FL,United States,collegescorecard.ed.gov
,,,,,D A Dorsey Technical College,Miami,FL,United States,collegescorecard.ed.gov
5000.0,5000.0,,,,Keweenaw Bay Ojibwa Community College,LAnse,MI,United States,collegescorecard.ed.gov
,,,,,Meridian Institute of Surgical Assisting,Nashville,TN,United States,collegescorecard.ed.gov
,,,,,Mauna Loa Helicopters,Kailua Kona,HI,United States,collegescorecard.ed.gov
,,,,,Acaydia School of Aesthetics,Provo,UT,United States,collegescorecard.ed.gov
,,,,,Holistic Massage Training Institute,Baltimore,MD,United States,collegescorecard.ed.gov
,,,,,Diamonds College,Sherman,TX,United States,collegescorecard.ed.gov
,,,,,Northern Virginia School of Therapeutic Massage,Falls Church,VA,United States,collegescorecard.ed.gov
,,,,,Paul Mitchell the School-St Louis,St. Louis,MO,United States,collegescorecard.ed.gov
,,,,,Advanced Training Institute,Las Vegas,NV,United States,collegescorecard.ed.gov
,,,,,Shepherds Theological Seminary,Cary,NC,United States,collegescorecard.ed.gov
,,,,,Taylor Andrews Academy of Hair Design-West Jordan,West Jordan,UT,United States,collegescorecard.ed.gov
,,,,,Santa Ana Beauty Academy,Santa Ana,CA,United States,collegescorecard.ed.gov
9105.0,9105.0,0.5269,,,Manna University,Fayetteville,NC,United States,collegescorecard.ed.gov
,,,,,Evolve Beauty Academy,Washington,MO,United States,collegescorecard.ed.gov
,,,,,Aveda Institute-New Mexico,Albuquerque,NM,United States,collegescorecard.ed.gov
,,,,,American Trade School,Saint Ann,MO,United States,collegescorecard.ed.gov
,,,,,Estelle Skin Care and Spa Institute,Skokie,IL,United States,collegescorecard.ed.gov
,,,,,Elite Cosmetology School,PALM DESERT,CA,United States,collegescorecard.ed.gov
,,,,,American Technical Institute,Bayamon,PR,United States,collegescorecard.ed.gov
,,,,,Aveda Institute-Boise,Boise,ID,United States,collegescorecard.ed.gov
,,,,,Pima Medical Institute-Aurora,Aurora,CO,United States,collegescorecard.ed.gov
,,,,,Capilo School of Hair Design,Augusta,ME,United States,collegescorecard.ed.gov
,,,,,Pure Aesthetics Natural Skincare School,Tucson,AZ,United States,collegescorecard.ed.gov
,,,,,Lindsey Institute of Cosmetology,Bowling Green,KY,United States,collegescorecard.ed.gov
,,,,,Invictus Career College,Dallas,TX,United States,collegescorecard.ed.gov
16398.0,16398.0,1.0,,14.0,Simmons College of Kentucky,Louisville,KY,United States,collegescorecard.ed.gov
,,,,,Atelier Esthetique Institute of Esthetics,New York,NY,United States,collegescorecard.ed.gov
,,,,,Advanced College of Cosmetology,Waupun,WI,United States,collegescorecard.ed.gov
15436.0,15436.0,,,,North American University,Stafford,TX,United States,collegescorecard.ed.gov
,,,,,Cinta Aveda Institute,San Francisco,CA,United States,collegescorecard.ed.gov
,,,,,Long Island Nail Skin & Hair Institute,Bethpage,NY,United States,collegescorecard.ed.gov
12460.0,12460.0,1.0,,,Keser Torah-Mayan Hatalmud,Lakewood,NJ,United States,collegescorecard.ed.gov
,,,,,Southern California Health Institute,North Hollywood,CA,United States,collegescorecard.ed.gov
,,,,,Best Care College,East Orange,NJ,United States,collegescorecard.ed.gov
,,,,,First Class Cosmetology School,Beloit,WI,United States,collegescorecard.ed.gov
13778.0,13778.0,,,,Millennia Atlantic University,Doral,FL,United States,collegescorecard.ed.gov
,,,,,Abcott Institute,Southfield,MI,United States,collegescorecard.ed.gov
,,,,,The Salon Professional Academy-Kenosha,Kenosha,WI,United States,collegescorecard.ed.gov
,,,,,Paul Mitchell the School-Indianapolis,Indianapolis,IN,United States,collegescorecard.ed.gov
,,,,,Taylor Andrews Academy-St George,St. George,UT,United States,collegescorecard.ed.gov
,,,,,Protege Academy,East Lansing,MI,United States,collegescorecard.ed.gov
,,,,,Northeast Technical Institute,Scarborough,ME,United States,collegescorecard.ed.gov
,,,,,Elite School of Cosmetology,Norwalk,OH,United States,collegescorecard.ed.gov
,,,,,Paul Mitchell the School-Las Vegas,Las Vegas,NV,United States,collegescorecard.ed.gov
,,,,,Summit Salon Academy-Kokomo,Kokomo,IN,United States,collegescorecard.ed.gov
,,,,,Florida Academy,Fort Myers,FL,United States,collegescorecard.ed.gov
,,,,,Institute for Doctoral Studies in the Visual Arts,Portland,ME,United States,collegescorecard.ed.gov
,,,,,State Career College,Gurnee,IL,United States,collegescorecard.ed.gov
,,,,,Academy for Salon Professionals,Northridge,CA,United States,collegescorecard.ed.gov
,,,,,Paul Mitchell the School-Spokane,Spokane Valley,WA,United States,collegescorecard.ed.gov
,,,,,International College of Beauty Arts & Sciences,Los Angeles,CA,United States,collegescorecard.ed.gov
30265.0,30265.0,0.7963,1130.0,22.0,John Paul the Great Catholic University,Escondido,CA,United States,collegescorecard.ed.gov
18130.0,40798.0,0.8833,1073.0,19.0,University of Connecticut-Hartford Campus,Hartford,CT,United States,collegescorecard.ed.gov
35880.0,35880.0,0.7815,972.0,19.0,Ottawa University-Surprise,Surprise,AZ,United States,collegescorecard.ed.gov
19975.0,19975.0,1.0,,,Chamberlain University-Missouri,St. Louis,MO,United States,collegescorecard.ed.gov
20380.0,20380.0,0.8387,,,Chamberlain University-Texas,Houston,TX,United States,collegescorecard.ed.gov
,,,,,Continental School of Beauty Culture-Mattydale,Mattydale,NY,United States,collegescorecard.ed.gov
,,,,,Paul Mitchell the School-Columbia,West Columbia,SC,United States,collegescorecard.ed.gov
,,,,,Paul Mitchell the School-Charleston,North Charleston,SC,United States,collegescorecard.ed.gov
,,,,,Kenneth Shuler School of Cosmetology-Greenville,Greenville,SC,United States,collegescorecard.ed.gov
,,,,,Northwest College-Eugene,Springfield,OR,United States,collegescorecard.ed.gov
,,,,,Northwest College-Tualatin,Tualatin,OR,United States,collegescorecard.ed.gov
,,,,,CET-Soledad,Soledad,CA,United States,collegescorecard.ed.gov
,,,,,UEI College-Oceanside,Oceanside,CA,United States,collegescorecard.ed.gov
,,,,,Paul Mitchell the School-New Orleans,Metairie,LA,United States,collegescorecard.ed.gov
,,,,,UEI College-Garden Grove,Garden Grove,CA,United States,collegescorecard.ed.gov
,,,,,New England Tractor Trailer Training School of Massachusetts,North Andover,MA,United States,collegescorecard.ed.gov
7630.0,7630.0,,,,Dewey University-Manati,Manati,PR,United States,collegescorecard.ed.gov
,,,,,Allen School-Phoenix,Phoenix,AZ,United States,collegescorecard.ed.gov
,,,,,Oklahoma Technical College,Tulsa,OK,United States,collegescorecard.ed.gov
,,,,,Unitech Training Academy-Alexandria,Alexandria,LA,United States,collegescorecard.ed.gov
,,,,,UEI College-Riverside,Riverside,CA,United States,collegescorecard.ed.gov
,,,,,WellSpring School of Allied Health-Lawrence,Lawrence,KS,United States,collegescorecard.ed.gov
,,,,,Manuel and Theresa's School of Hair Design-Victoria,Victoria,TX,United States,collegescorecard.ed.gov
,,,,,Tricoci University of Beauty Culture-Chicago NE,Chicago,IL,United States,collegescorecard.ed.gov
12360.0,12360.0,,,,Los Angeles Pacific University,Glendora,CA,United States,collegescorecard.ed.gov
,,,,,Avalon Institute-Phoenix,Phoenix,AZ,United States,collegescorecard.ed.gov
,,,,,Avalon Institute-Layton,Layton,UT,United States,collegescorecard.ed.gov
,,,,,Aveda Institute-Des Moines,West Des Moines,IA,United States,collegescorecard.ed.gov
,,,,,Fortis Institute-Lawrenceville,Lawrenceville,NJ,United States,collegescorecard.ed.gov
,,,,,Relay Graduate School of Education,New York,NY,United States,collegescorecard.ed.gov
,,,,,Miller-Motte College-Macon,Macon,GA,United States,collegescorecard.ed.gov
18145.0,18145.0,,,,South University-Savannah Online,Savannah,GA,United States,collegescorecard.ed.gov
,,,,,San Joaquin Valley College-Temecula,Temecula,CA,United States,collegescorecard.ed.gov
13560.0,13560.0,0.2857,,,Whitworth University-Adult Degree Programs,Spokane,WA,United States,collegescorecard.ed.gov
,,,,,The Colleges of Law at Santa Barbara,Santa Barbara,CA,United States,collegescorecard.ed.gov
,,,,,Springfield College-Regional Online and Continuing Education,Springfield,MA,United States,collegescorecard.ed.gov
,,,,,Marian Health Careers Center-Van Nuys Campus,Van Nuys,CA,United States,collegescorecard.ed.gov
,,,,,Milan Institute-Las Vegas,Las Vegas,NV,United States,collegescorecard.ed.gov
10080.0,10080.0,,,,Catholic International University,Charles Town,WV,United States,collegescorecard.ed.gov
,,,,,New York School of Esthetics & Day Spa,white plains,NY,United States,collegescorecard.ed.gov
13620.0,13620.0,1.0,,,Finger Lakes Health College of Nursing & Health Sciences,Geneva,NY,United States,collegescorecard.ed.gov
,,,,,ASI Career Institute,Turnersville,NJ,United States,collegescorecard.ed.gov
,,,,,Christine Valmy International School of Esthetics & Cosmetology,Wayne,NJ,United States,collegescorecard.ed.gov
,,,,,Paul Mitchell the School-Arlington,Arlington,TX,United States,collegescorecard.ed.gov
,,,,,Rocky Mountain University of Health Professions,Provo,UT,United States,collegescorecard.ed.gov
,,,,,Paul Mitchell the School-Fort Myers,Fort Myers,FL,United States,collegescorecard.ed.gov
,,,,,Paul Mitchell the School-Raleigh,Raleigh,NC,United States,collegescorecard.ed.gov
5194.0,8074.0,,,,CUNY Stella and Charles Guttman Community College,New York,NY,United States,collegescorecard.ed.gov
,,,,,Lil Lou's Beauty and Barber College,Gary,IN,United States,collegescorecard.ed.gov
15750.0,15750.0,1.0,,,Criswell College,Dallas,TX,United States,collegescorecard.ed.gov
,,,,,Reflections Academy of Beauty,Decatur,IL,United States,collegescorecard.ed.gov
,,,,,UCAS University of Cosmetology Arts & Sciences-La Joya,La Joya,TX,United States,collegescorecard.ed.gov
,,1.0,,,Annenberg School of Nursing,Reseda,CA,United States,collegescorecard.ed.gov
,,,,,American Medical Academy,Miami,FL,United States,collegescorecard.ed.gov
,,,,,Tooele Technical College,Tooele,UT,United States,collegescorecard.ed.gov
20515.0,20515.0,0.9143,,,Chamberlain University-Georgia,Sandy Springs,GA,United States,collegescorecard.ed.gov
19975.0,19975.0,1.0,,,Chamberlain University-Indiana,Indianapolis,IN,United States,collegescorecard.ed.gov
7400.0,7400.0,,,,Sessions College,Tempe,AZ,United States,collegescorecard.ed.gov
,,,,,Tulsa Welding School-Jacksonville,Jacksonville,FL,United States,collegescorecard.ed.gov
,,,,,Empire Beauty School-Virginia Beach,Virginia Beach,VA,United States,collegescorecard.ed.gov
,,,,,Ross College-Morgantown,Morgantown,WV,United States,collegescorecard.ed.gov
19400.0,19400.0,,,,Miami Ad School-New York,Astoria,NY,United States,collegescorecard.ed.gov
,,,,,Larry's Barber College,Chicago,IL,United States,collegescorecard.ed.gov
,,,,,Futura Career Institute,Hialeah,FL,United States,collegescorecard.ed.gov
,,,,,Vogue College of Cosmetology-San Antonio Fredericksburg,San Antonio,TX,United States,collegescorecard.ed.gov
,,,,,Vogue College of Cosmetology,San Antonio,TX,United States,collegescorecard.ed.gov
,,,,,Tomorrow's Image Barber And Beauty Academy of Virginia,Newport News,VA,United States,collegescorecard.ed.gov
,,,,,Medical Allied Career Center,Santa Fe Springs,CA,United States,collegescorecard.ed.gov
13100.0,13100.0,1.0,,,Bais HaMedrash and Mesivta of Baltimore,Baltimore,MD,United States,collegescorecard.ed.gov
,,,,,Barber & Beauty Institute of New York,Hempstead,NY,United States,collegescorecard.ed.gov
,,,,,Salon Institute-Toledo Campus,Toledo,OH,United States,collegescorecard.ed.gov
,,0.7805,,,Athena Career Academy,Toledo,OH,United States,collegescorecard.ed.gov
11350.0,11350.0,0.5667,,,Yeshiva Gedolah Zichron Leyma,Union,NJ,United States,collegescorecard.ed.gov
,,,,,The Barber School,Midvale,UT,United States,collegescorecard.ed.gov
12300.0,12300.0,,,,Be'er Yaakov Talmudic Seminary,Spring Valley,NY,United States,collegescorecard.ed.gov
,,,,,Rio Grande Valley College,Pharr,TX,United States,collegescorecard.ed.gov
,,,,,Alexander Academy,Lunenburg,MA,United States,collegescorecard.ed.gov
,,,,,Aveda Institute-Tucson,Tucson,AZ,United States,collegescorecard.ed.gov
,,,,,Diamond Beauty College,South El Monte,CA,United States,collegescorecard.ed.gov
,,,,,Unitek College,South San Francisco,CA,United States,collegescorecard.ed.gov
,,,,,University Academy of Hair Design,Tuscaloosa,AL,United States,collegescorecard.ed.gov
,,,,,Florida Institute of Recording Sound and Technology,Orlando,FL,United States,collegescorecard.ed.gov
,,,,,Paul Mitchell the School-Reno,Reno,NV,United States,collegescorecard.ed.gov
,,,,,Boise Barber College,Boise,ID,United States,collegescorecard.ed.gov
,,,,,Austin Kade Academy,Idaho Falls,ID,United States,collegescorecard.ed.gov
,,,,,Aesthetic Science Institute,Latham,NY,United States,collegescorecard.ed.gov
,,,,,Elaine Sterling Institute,Atlanta,GA,United States,collegescorecard.ed.gov
,,,,,Wade Gordon Hairdressing Academy,Amarillo,TX,United States,collegescorecard.ed.gov
,,,,,Mitsu Sato Hair Academy,Overland Park,KS,United States,collegescorecard.ed.gov
,,0.7358,,,FVI School of Nursing and Technology,Miami,FL,United States,collegescorecard.ed.gov
9000.0,9000.0,0.984,,17.0,Colorado State University Global,Denver,CO,United States,collegescorecard.ed.gov
,,,,,Paul Mitchell the School-Overland Park,Overland Park,KS,United States,collegescorecard.ed.gov
,,,,,Medspa Academies,South Jordan,UT,United States,collegescorecard.ed.gov
,,,,,Brighton Institute of Cosmetology,Brighton,MI,United States,collegescorecard.ed.gov
18080.0,18080.0,0.7405,720.0,,Evangel University-James River Assembly of God Church,Ozark,MO,United States,collegescorecard.ed.gov
,,,,,Empire Beauty School-Savannah,Savannah,GA,United States,collegescorecard.ed.gov
,,,,,Ogle School Hair Skin Nails-Denton,Denton,TX,United States,collegescorecard.ed.gov
,,,,,Empire Beauty School-West Greensboro,Greensboro,NC,United States,collegescorecard.ed.gov
,,,,,Hays Academy of Hair Design,Salina,KS,United States,collegescorecard.ed.gov
,,,,,Bellus Academy,Manhattan,KS,United States,collegescorecard.ed.gov
,,,,,MotoRing Technical Training Institute,East Providence,RI,United States,collegescorecard.ed.gov
,,,,,Unitek College,Hayward,CA,United States,collegescorecard.ed.gov
15356.0,15356.0,0.9115,1248.0,,Pennsylvania State University-World Campus,University Park,PA,United States,collegescorecard.ed.gov
,,,,,MCI Institute of NJ,Ocean,NJ,United States,collegescorecard.ed.gov
,,,,,Advance Beauty Techs Academy,Corona,CA,United States,collegescorecard.ed.gov
,,0.8,,,Brand College,Glendale,CA,United States,collegescorecard.ed.gov
,,,,,Hinton Barber and Beauty College,Vallejo,CA,United States,collegescorecard.ed.gov
,,,,,Advanced Career Institute,Visalia,CA,United States,collegescorecard.ed.gov
,,,,,MyComputerCareer at Raleigh,Raleigh,NC,United States,collegescorecard.ed.gov
18145.0,18145.0,,,,South University-Austin,Round Rock,TX,United States,collegescorecard.ed.gov
16299.0,16299.0,,,,Bryant & Stratton College-Online,Orchard Park,NY,United States,collegescorecard.ed.gov
,,,,,Ogle School Hair Skin Nails-San Antonio,San Antonio,TX,United States,collegescorecard.ed.gov
14640.0,14640.0,0.5935,,,Warner Pacific University Professional and Graduate Studies,Portland,OR,United States,collegescorecard.ed.gov
14922.0,14922.0,,,,Platt College-Riverside,Riverside,CA,United States,collegescorecard.ed.gov
,,,,,Empire Beauty School-Glen Burnie,Glen Burnie,MD,United States,collegescorecard.ed.gov
,,,,,UEI College-Stockton,Stockton,CA,United States,collegescorecard.ed.gov
,,,,,Ross Medical Education Center-Dayton,Fairborn,OH,United States,collegescorecard.ed.gov
,,,,,Ross Medical Education Center-Ontario,Ontario,OH,United States,collegescorecard.ed.gov
,,,,,Ross Medical Education Center-Bowling Green,Bowling Green,KY,United States,collegescorecard.ed.gov
17160.0,17160.0,,,,Rasmussen University-Kansas,Topeka,KS,United States,collegescorecard.ed.gov
,,,,,School of Missionary Aviation Technology,Ionia,MI,United States,collegescorecard.ed.gov
12442.0,12442.0,0.1847,,,California Miramar University,San Diego,CA,United States,collegescorecard.ed.gov
,,,,,Rocky Vista University,Parker,CO,United States,collegescorecard.ed.gov
,,,,,The College of Health Care Professions-Dallas,Dallas,TX,United States,collegescorecard.ed.gov
,,,,,The College of Health Care Professions-Fort Worth,Fort Worth,TX,United States,collegescorecard.ed.gov
,,,,,Shear Finesse Beauty Academy,Jacksonville,FL,United States,collegescorecard.ed.gov
,,,,,Miami Media School,Doral,FL,United States,collegescorecard.ed.gov
,,,,,Academy of Salon Professionals,Sedalia,MO,United States,collegescorecard.ed.gov
,,,,,CyberTex Institute of Technology,Austin,TX,United States,collegescorecard.ed.gov
,,,,,New England Tractor Trailer Training School of CT-Bridgeport,Bridgeport,CT,United States,collegescorecard.ed.gov
,,,,,Designer Barber & Stylist School,Fort Smith,AR,United States,collegescorecard.ed.gov
6600.0,6600.0,,,,College of the Muscogee Nation,Okmulgee,OK,United States,collegescorecard.ed.gov
,,,,,The Salon Professional Academy-Huntsville,Huntsville,AL,United States,collegescorecard.ed.gov
8583.0,8583.0,0.8571,,,Midwives College of Utah,Salt Lake City,UT,United States,collegescorecard.ed.gov
,,,,,Aspen Beauty Academy of Laurel,Laurel,MD,United States,collegescorecard.ed.gov
,,,,,M T Training Center,Desoto,TX,United States,collegescorecard.ed.gov
,,,,,Berks Career & Technology Center,Leesport,PA,United States,collegescorecard.ed.gov
,,,,,Future Generations University,Franklin,WV,United States,collegescorecard.ed.gov
,,,,,Carthage R9 School District-Carthage Technical Center,Carthage,MO,United States,collegescorecard.ed.gov
3370.0,3370.0,,,,Grace Mission University,Fullerton,CA,United States,collegescorecard.ed.gov
,,,,,World A Cuts Barber Institute,York,PA,United States,collegescorecard.ed.gov
,,,,,Verve College,Oak Brook,IL,United States,collegescorecard.ed.gov
,,,,,Sotheby's Institute of Art-NY,New York,NY,United States,collegescorecard.ed.gov
,,,,,Top Nails & Hair Beauty School,Taylorsville,UT,United States,collegescorecard.ed.gov
,,,,,Santa Ana Beauty College,Santa Ana,CA,United States,collegescorecard.ed.gov
17924.0,17924.0,,,,Helms College,Augusta,GA,United States,collegescorecard.ed.gov
,,0.1818,,,Ukiah Adult School,Ukiah,CA,United States,collegescorecard.ed.gov
,,,,,Riverside County Office of Education-School of Career Education,Riverside,CA,United States,collegescorecard.ed.gov
16200.0,16200.0,,,,Institute of Health Sciences,Hunt Valley,MD,United States,collegescorecard.ed.gov
10500.0,10500.0,1.0,,,Mid-South Christian College,Memphis,TN,United States,collegescorecard.ed.gov
,,,,,New York Institute of Beauty,Islandia,NY,United States,collegescorecard.ed.gov
,,,,,Ultrasound Medical Institute,Wellington,FL,United States,collegescorecard.ed.gov
,,0.3562,,,Xavier College School of Nursing,Stockton,CA,United States,collegescorecard.ed.gov
,,,,,Lawrence & Company College of Cosmetology,Hanford,CA,United States,collegescorecard.ed.gov
,,,,,Kaizen Beauty Academy,Pembroke Pines,FL,United States,collegescorecard.ed.gov
,,,,,Sharp Edgez Barber Institute,Rochester,NY,United States,collegescorecard.ed.gov
,,,,,The Salon Professional Academy-Nashville,Nashville,TN,United States,collegescorecard.ed.gov
,,,,,Prestige Health & Beauty Sciences Academy,Hallandale Beach,FL,United States,collegescorecard.ed.gov
,,,,,California Career Institute,Anaheim,CA,United States,collegescorecard.ed.gov
7720.0,7720.0,,,,Grace School of Theology,The Woodlands,TX,United States,collegescorecard.ed.gov
9600.0,9600.0,0.5238,,,Yeshiva Gedolah Kesser Torah,Monsey,NY,United States,collegescorecard.ed.gov
,,,,,Universal Training Institute,Perth Amboy,NJ,United States,collegescorecard.ed.gov
12500.0,12500.0,0.8519,,,Yeshiva Yesodei Hatorah,Lakewood,NJ,United States,collegescorecard.ed.gov
,,,,,Center for the Healing Arts,Voorhees,NJ,United States,collegescorecard.ed.gov
,,1.0,,,Bonnie Joseph Academy of Cosmetology & Barbering,Heber City,UT,United States,collegescorecard.ed.gov
,,,,,Healthcare Training Institute,Kenner,LA,United States,collegescorecard.ed.gov
,,,,,J D Academy of Salon and Spa,Danville,CA,United States,collegescorecard.ed.gov
,,,,,Boca Beauty Academy,Boca Raton,FL,United States,collegescorecard.ed.gov
,,,,,SPBK Enterprises Inc,Webb City,MO,United States,collegescorecard.ed.gov
,,,,,The Chrysm Institute of Esthetics,Virginia Beach,VA,United States,collegescorecard.ed.gov
,,,,,Sanford Burnham Prebys Medical Discovery Institute,La Jolla,CA,United States,collegescorecard.ed.gov
,,,,,Belle Academy of Cosmetology LLC,Waterbury,CT,United States,collegescorecard.ed.gov
,,,,,Empire Beauty School-Augusta,Augusta,GA,United States,collegescorecard.ed.gov
18145.0,18145.0,,,,South University-High Point,High Point,NC,United States,collegescorecard.ed.gov
,,,,,Empire Beauty School-Vernon Hills,Vernon Hills,IL,United States,collegescorecard.ed.gov
,,,,,Empire Beauty School-Stone Park,Stone Park,IL,United States,collegescorecard.ed.gov
,,,,,San Joaquin Valley College-Lancaster,Lancaster,CA,United States,collegescorecard.ed.gov
,,,,,Empire Beauty School-Rochester,Rochester,NY,United States,collegescorecard.ed.gov
,,,,,Ross Medical Education Center-Kokomo,Kokomo,IN,United States,collegescorecard.ed.gov
,,,,,Ross Medical Education Center-Erlanger,Erlanger,KY,United States,collegescorecard.ed.gov
,,,,,Ross Medical Education Center-Charleston,Charleston,WV,United States,collegescorecard.ed.gov
,,,,,InterCoast Colleges-Fairfield,Fairfield,CA,United States,collegescorecard.ed.gov
,,,,,Southern Careers Institute-San Antonio,San Antonio,TX,United States,collegescorecard.ed.gov
,,,,,Milan Institute-Merced,Merced,CA,United States,collegescorecard.ed.gov
,,,,,Midwest Technical Institute-Missouri,Springfield,MO,United States,collegescorecard.ed.gov
8414.0,24734.0,0.8641,1070.0,25.0,Augusta University,Augusta,GA,United States,collegescorecard.ed.gov
5038.0,16390.0,0.9968,1083.0,22.0,Middle Georgia State University,Macon,GA,United States,collegescorecard.ed.gov
,,,,,Trenz Beauty Academy,Calumet City,IL,United States,collegescorecard.ed.gov
,,,,,Paul Mitchell the School-Denver,Lakewood,CO,United States,collegescorecard.ed.gov
25800.0,25800.0,0.416,,,Academy of Interactive Entertainment,Seattle,WA,United States,collegescorecard.ed.gov
,,,,,ARROJO Academy,New York,NY,United States,collegescorecard.ed.gov
,,,,,Cosmetology Academy of Texarkana,Texarkana,TX,United States,collegescorecard.ed.gov
10522.0,10522.0,0.95,,,Veritas Baptist College,Lawrenceburg,IN,United States,collegescorecard.ed.gov
,,,,,Lynnes Welding Training,Fargo,ND,United States,collegescorecard.ed.gov
16757.0,16757.0,,,,Aviation Institute of Maintenance-Las Vegas,Las Vegas,NV,United States,collegescorecard.ed.gov
,,,,,UEI College-Bakersfield,Bakersfield,CA,United States,collegescorecard.ed.gov
17408.0,17408.0,1.0,,,DeVry College of New York,New York,NY,United States,collegescorecard.ed.gov
17408.0,17408.0,,,,DeVry University-Arizona,Phoenix,AZ,United States,collegescorecard.ed.gov
17408.0,17408.0,0.985,,,DeVry University-California,Ontario,CA,United States,collegescorecard.ed.gov
17408.0,17408.0,,,,DeVry University-Florida,Orlando,FL,United States,collegescorecard.ed.gov
17408.0,17408.0,1.0,,,DeVry University-Georgia,Decatur,GA,United States,collegescorecard.ed.gov
17408.0,17408.0,0.9838,868.0,,DeVry University-Illinois,Lisle,IL,United States,collegescorecard.ed.gov
17408.0,17408.0,,,,DeVry University-Nevada,Henderson,NV,United States,collegescorecard.ed.gov
17408.0,17408.0,1.0,,,DeVry University-New Jersey,Iselin,NJ,United States,collegescorecard.ed.gov
17408.0,17408.0,1.0,,,DeVry University-Ohio,Columbus,OH,United States,collegescorecard.ed.gov
17408.0,17408.0,,,,DeVry University-Texas,Irving,TX,United States,collegescorecard.ed.gov
17408.0,17408.0,,,,DeVry University-Virginia,Arlington,VA,United States,collegescorecard.ed.gov
5285.0,16503.0,0.6794,1106.0,23.0,University of North Georgia,Dahlonega,GA,United States,collegescorecard.ed.gov
3314.0,10274.0,,,,South Georgia State College,Douglas,GA,United States,collegescorecard.ed.gov
,,,,,Northeastern University Professional Programs,Boston,MA,United States,collegescorecard.ed.gov
4940.0,21005.0,0.5752,1268.0,29.0,Florida Polytechnic University,Lakeland,FL,United States,collegescorecard.ed.gov
,,,,,American Institute-Toms River,Toms River,NJ,United States,collegescorecard.ed.gov
,,,,,Alamo City Barber College,San Antonio,TX,United States,collegescorecard.ed.gov
,,,,,Arizona College-Mesa,Mesa,AZ,United States,collegescorecard.ed.gov
,,,,,American College of Healthcare and Technology,Huntington Park,CA,United States,collegescorecard.ed.gov
37143.0,37143.0,0.8913,,23.0,Antioch College,Yellow Springs,OH,United States,collegescorecard.ed.gov
7363.0,17154.0,1.0,,,Texas A&M University-Central Texas,Killeen,TX,United States,collegescorecard.ed.gov
3448.0,6016.0,,,,Central Georgia Technical College,Warner Robins,GA,United States,collegescorecard.ed.gov
,,,,,Barber School of Pittsburgh,Pittsburgh,PA,United States,collegescorecard.ed.gov
,,,,,Innovate Salon Academy,South Plainfield,NJ,United States,collegescorecard.ed.gov
,,0.6669,,,Arizona State University Digital Immersion,Scottsdale,AZ,United States,collegescorecard.ed.gov
4159.0,4159.0,,,,Louisiana Delta Community College,Monroe,LA,United States,collegescorecard.ed.gov
,,,,,The Fab School,Rancho Cucamonga,CA,United States,collegescorecard.ed.gov
,,,,,Networks Barber College,Calumet City,IL,United States,collegescorecard.ed.gov
,,,,,JB's Hair Design and Barber College,Oklahoma City,OK,United States,collegescorecard.ed.gov
,,,,,Paul Mitchell the School-Greenville,Greenville,SC,United States,collegescorecard.ed.gov
,,,,,Barber and Beauty Academy of Pennsylvania,Harrisburg,PA,United States,collegescorecard.ed.gov
,,,,,Delta College of Arts & Technology-Lafayette Campus,Lafayette,LA,United States,collegescorecard.ed.gov
,,,,,Delta College-Slidell Campus,Slidell,LA,United States,collegescorecard.ed.gov
,,,,,Integrity College of Health,Pasadena,CA,United States,collegescorecard.ed.gov
,,,,,Electrical and HVAC/R Training Center,Copiague,NY,United States,collegescorecard.ed.gov
,,,,,Alexander Paul Institute of Hair Design,Greenville,NC,United States,collegescorecard.ed.gov
,,,,,More Tech Institute,Hialeah,FL,United States,collegescorecard.ed.gov
15154.0,15154.0,,,,Dorsey College-Dearborn,Detroit,MI,United States,collegescorecard.ed.gov
,,,,,Neecee's Barber College,Abilene,TX,United States,collegescorecard.ed.gov
,,,,,Bella Cosmetology and Barber College,Greenville,TX,United States,collegescorecard.ed.gov
,,,,,Franklin Hair Academy School of Cosmetology,Franklin,TN,United States,collegescorecard.ed.gov
13575.0,13575.0,,,,Ana G. Mendez University,Orlando,FL,United States,collegescorecard.ed.gov
27408.0,27408.0,,,,Ohio Institute of Allied Health,Huber Heights,OH,United States,collegescorecard.ed.gov
,,,,,Access Careers,Hempstead,NY,United States,collegescorecard.ed.gov
,,,,,Luckes Beauty Academy LLC,Newport  News,VA,United States,collegescorecard.ed.gov
,,,,,Total Transformation Institute of Cosmetology,San Marcos,TX,United States,collegescorecard.ed.gov
,,,,,Vibe Barber College,Memphis,TN,United States,collegescorecard.ed.gov
,,,,,Champ's Barber School,Lancaster,PA,United States,collegescorecard.ed.gov
13785.0,13785.0,0.0726,,,Washington University of Science and Technology,Alexandria,VA,United States,collegescorecard.ed.gov
,,,,,East-West Healing Arts Institute,Madison,WI,United States,collegescorecard.ed.gov
,,0.2794,,,Standard Healthcare Services-College of Nursing,Falls Church,VA,United States,collegescorecard.ed.gov
,,,,,Philadelphia Technician Training,Philadelphia,PA,United States,collegescorecard.ed.gov
,,,,,Alliance Computing Solutions,Flushing,NY,United States,collegescorecard.ed.gov
,,,,,InterAmerican Technical Institute,Miami,FL,United States,collegescorecard.ed.gov
,,,,,Bay Area Medical Academy,San Francisco,CA,United States,collegescorecard.ed.gov
,,,,,Mind Body Institute,Madison,TN,United States,collegescorecard.ed.gov
,,,,,Parisian Spa Institute,Jacksonville,FL,United States,collegescorecard.ed.gov
,,,,,Creative Touch Cosmetology School,Waterloo,IL,United States,collegescorecard.ed.gov
,,,,,LaBarberia Institute of Hair,Mayfield Hts,OH,United States,collegescorecard.ed.gov
,,1.0,,,Bos-Man's Barber College,Shreveport,LA,United States,collegescorecard.ed.gov
,,,,,Lawrence & Company College of Cosmetology,Selma,CA,United States,collegescorecard.ed.gov
,,,,,Alabama College of Osteopathic Medicine,Dothan,AL,United States,collegescorecard.ed.gov
,,,,,High Desert Medical College,Lancaster,CA,United States,collegescorecard.ed.gov
,,,,,Paul Mitchell the School-Schenectady,Schenectady,NY,United States,collegescorecard.ed.gov
,,,,,Beyond Measure Barbering Institute,Mebane,NC,United States,collegescorecard.ed.gov
,,,,,Jupiter Beauty Academy,Boston,MA,United States,collegescorecard.ed.gov
,,,,,MedQuest College,Louisville,KY,United States,collegescorecard.ed.gov
,,0.9,,,First Coast Barber Academy,Jacksonville,FL,United States,collegescorecard.ed.gov
,,,,,Debutantes School of Cosmetology and Nail Technology,Dekalb,IL,United States,collegescorecard.ed.gov
,,,,,Paul Mitchell the School-Farmington Hills,Farmington Hills,MI,United States,collegescorecard.ed.gov
,,,,,Paul Mitchell the School-Merrillville,Merrillville,IN,United States,collegescorecard.ed.gov
,,,,,TIGI Hairdressing Academy Newtown,Newtown,CT,United States,collegescorecard.ed.gov
,,,,,Yahweh Beauty Academy,Killeen,TX,United States,collegescorecard.ed.gov
,,,,,Arizona School of Integrative Studies,Mesa,AZ,United States,collegescorecard.ed.gov
,,,,,Lee Professional Institute,Fort Myers,FL,United States,collegescorecard.ed.gov
,,,,,Park Place Premier Barber School,New Orleans,LA,United States,collegescorecard.ed.gov
,,,,,The Salon Professional Academy-San Jose,San Jose,CA,United States,collegescorecard.ed.gov
,,,,,Tri-Community Adult Education,Covina,CA,United States,collegescorecard.ed.gov
,,,,,Ross Medical Education Center-Owensboro,Owensboro,KY,United States,collegescorecard.ed.gov
,,,,,Ross Medical Education Center-Evansville,Evansville,IN,United States,collegescorecard.ed.gov
,,,,,Ross Medical Education Center-Johnson City,Johnson City,TN,United States,collegescorecard.ed.gov
,,,,,North-West College-Anaheim,Anaheim,CA,United States,collegescorecard.ed.gov
,,,,,North-West College-Long Beach,Long Beach,CA,United States,collegescorecard.ed.gov
,,,,,Taylor Andrews Academy of Hair Design-Provo,Provo,UT,United States,collegescorecard.ed.gov
3876.0,16579.0,0.6126,1338.0,29.0,University of Florida-Online,Gainesville,FL,United States,collegescorecard.ed.gov
,,,,,Ogle School Hair Skin Nails-Stafford,Stafford,TX,United States,collegescorecard.ed.gov
9552.0,9552.0,,,,University of Phoenix-Arizona,Phoenix,AZ,United States,collegescorecard.ed.gov
23630.0,23630.0,0.0304,,,Minerva University,San Francisco,CA,United States,collegescorecard.ed.gov
,,,,,University of West Los Angeles,Inglewood,CA,United States,collegescorecard.ed.gov
9000.0,9000.0,,,,Rabbinical College Ohr Yisroel,Brooklyn,NY,United States,collegescorecard.ed.gov
,,,,,Aveda Institute-Phoenix,Tempe,AZ,United States,collegescorecard.ed.gov
9595.0,21894.0,0.8445,940.0,18.0,University of North Texas at Dallas,Dallas,TX,United States,collegescorecard.ed.gov
,,,,,Dermal Science International Aesthetics and Nail Academy,Reston,VA,United States,collegescorecard.ed.gov
5800.0,12428.0,,,,BridgeValley Community & Technical College,South  Charleston,WV,United States,collegescorecard.ed.gov
,,,,,Northwest College-Medford,Medford,OR,United States,collegescorecard.ed.gov
,,,,,Houston Training Schools-Gessner,Houston,TX,United States,collegescorecard.ed.gov
,,,,,Empire Beauty School-Buffalo,Cheektowaga,NY,United States,collegescorecard.ed.gov
,,,,,Paul Mitchell the School-Toledo,Sylvania,OH,United States,collegescorecard.ed.gov
8112.0,8112.0,,,,Georgia Military College,Milledgeville,GA,United States,collegescorecard.ed.gov
,,,,,Beau Monde Academy of Barbering and Cosmetology,Portland,OR,United States,collegescorecard.ed.gov
,,,,,Fountain of Youth Academy of Cosmetology,Pittsburgh,PA,United States,collegescorecard.ed.gov
23317.0,23317.0,,,,West Coast University-Miami,Doral,FL,United States,collegescorecard.ed.gov
,,,,,Aparicio-Levy Technical College,Tampa,FL,United States,collegescorecard.ed.gov
,,1.0,,,Graduate America,Houston,TX,United States,collegescorecard.ed.gov
,,,,,Hollywood Institute of Beauty Careers-West Palm Beach,West Palm Beach,FL,United States,collegescorecard.ed.gov
,,,,,Hollywood Institute of Beauty Careers-Casselberry,Casselberry,FL,United States,collegescorecard.ed.gov
,,,,,Empire Beauty School-Cheltenham,Wyncote,PA,United States,collegescorecard.ed.gov
,,,,,High Tech High Graduate School of Education,San Diego,CA,United States,collegescorecard.ed.gov
,,,,,MJ Barber & Beauty Academy,Hemet,CA,United States,collegescorecard.ed.gov
3268.0,5836.0,,,,Coastal Pines Technical College,Waycross,GA,United States,collegescorecard.ed.gov
,,,,,Studio Beauty School,Spokane Valley,WA,United States,collegescorecard.ed.gov
,,,,,Latin Beauty Academy,greenacres,FL,United States,collegescorecard.ed.gov
,,,,,Associated Barber College of San Diego,San Diego,CA,United States,collegescorecard.ed.gov
9354.0,9354.0,,,,ABCO Technology,Los Angeles,CA,United States,collegescorecard.ed.gov
15265.0,15265.0,,,,Lionel University,Carpinteria,CA,United States,collegescorecard.ed.gov
,,,,,California Intercontinental University,Sioux Falls,SD,United States,collegescorecard.ed.gov
,,,,,Infinity College,Lafayette,LA,United States,collegescorecard.ed.gov
,,,,,Universal Healthcare Careers College,Los Angeles,CA,United States,collegescorecard.ed.gov
,,,,,Dolce The Academy,Waterbury,CT,United States,collegescorecard.ed.gov
21500.0,21500.0,0.4444,1190.0,24.0,American College of the Building Arts,Charleston,SC,United States,collegescorecard.ed.gov
12820.0,12820.0,,,,Atlantis University,Miami,FL,United States,collegescorecard.ed.gov
,,,,,Westchester School for Medical & Dental Assistants,Ardsley,NY,United States,collegescorecard.ed.gov
18915.0,18915.0,1.0,,,Studio Incamminati,Philadelphia,PA,United States,collegescorecard.ed.gov
,,,,,Salon Boutique Academy,Addison,TX,United States,collegescorecard.ed.gov
,,,,,GA Beauty & Barber School,McAllen,TX,United States,collegescorecard.ed.gov
,,,,,The Recording Conservatory of Austin,Austin,TX,United States,collegescorecard.ed.gov
,,,,,VH Barber & Styling Academy,Bossier City,LA,United States,collegescorecard.ed.gov
10700.0,10700.0,0.8889,,,Bet Medrash Gadol Ateret Torah,Brooklyn,NY,United States,collegescorecard.ed.gov
9800.0,9800.0,0.5,,,Yeshiva Ohr Yisrael,Brooklyn,NY,United States,collegescorecard.ed.gov
10750.0,10750.0,1.0,,,Yeshiva Sholom Shachna,Brooklyn,NY,United States,collegescorecard.ed.gov
8200.0,8200.0,,,,Bethlehem College & Seminary,Minneapolis,MN,United States,collegescorecard.ed.gov
,,,,,Elmezzi Graduate School of Molecular Medicine,Manhasset,NY,United States,collegescorecard.ed.gov
,,,,,Treasure Coast Technical College,Vero Beach,FL,United States,collegescorecard.ed.gov
,,,,,American College of Barbering,Louisville,KY,United States,collegescorecard.ed.gov
12600.0,12600.0,0.5278,,,Beth Medrash Meor Yitzchok,Monsey,NY,United States,collegescorecard.ed.gov
,,,,,Mingo Extended Learning Center,Delbarton,WV,United States,collegescorecard.ed.gov
10405.0,10405.0,,,,San Ignacio University,Doral,FL,United States,collegescorecard.ed.gov
,,,,,ZMS The Academy,Los Angeles,CA,United States,collegescorecard.ed.gov
10012.0,10012.0,,,,Valor Christian College,Canal Winchester,OH,United States,collegescorecard.ed.gov
11000.0,11000.0,0.9286,,,Bethany Global University,Bloomington,MN,United States,collegescorecard.ed.gov
,,,,,HVAC Technical Institute,Chicago,IL,United States,collegescorecard.ed.gov
10320.0,10320.0,,,,United International College,Dania Beach,FL,United States,collegescorecard.ed.gov
,,,,,San Francisco Film School,San Francisco,CA,United States,collegescorecard.ed.gov
,,,,,Center for Ultrasound Research & Education,White Plains,NY,United States,collegescorecard.ed.gov
,,,,,Randolph Technical Center,Elkins,WV,United States,collegescorecard.ed.gov
,,,,,AMG School of Nursing,Brooklyn,NY,United States,collegescorecard.ed.gov
19405.0,19405.0,0.7525,,,Saint Michael College of Allied Health,Washington,DC,United States,collegescorecard.ed.gov
,,,,,Sandra Academy of Salon Services,New Tazewell,TN,United States,collegescorecard.ed.gov
,,,,,California Barber and Beauty College,San Diego,CA,United States,collegescorecard.ed.gov
,,,,,Laredo CHI Academy Beauty School,Laredo,TX,United States,collegescorecard.ed.gov
,,0.7912,,,Florida International Training Institute,Miami,FL,United States,collegescorecard.ed.gov
,,,,,Gould's Academy,Memphis,TN,United States,collegescorecard.ed.gov
16757.0,16757.0,,,,Aviation Institute of Maintenance-Fremont,Fremont,CA,United States,collegescorecard.ed.gov
,,,,,Paul Mitchell the School-Tulsa,Tulsa,OK,United States,collegescorecard.ed.gov
8620.0,8620.0,,,,PPG Technical College,Caguas,PR,United States,collegescorecard.ed.gov
,,,,,Academy of Professional Cosmetology,Rogers,AR,United States,collegescorecard.ed.gov
,,,,,Empire Beauty School-Northlake,Atlanta,GA,United States,collegescorecard.ed.gov
,,,,,Ross Medical Education Center-Huntsville,Huntsville,AL,United States,collegescorecard.ed.gov
,,,,,Ross Medical Education Center-Knoxville,Knoxville,TN,United States,collegescorecard.ed.gov
,,,,,Ross Medical Education Center-Muncie,Muncie,IN,United States,collegescorecard.ed.gov
,,,,,Cortiva Institute-Arlington,Arlington,TX,United States,collegescorecard.ed.gov
,,,,,Tulsa Welding School-Houston,Houston,TX,United States,collegescorecard.ed.gov
,,,,,Pima Medical Institute-El Paso,El Paso,TX,United States,collegescorecard.ed.gov
,,,,,Pima Medical Institute-Phoenix,Phoenix,AZ,United States,collegescorecard.ed.gov
5808.0,17736.0,0.6919,1113.0,23.0,Kennesaw State University,Kennesaw,GA,United States,collegescorecard.ed.gov
,,,,,Entourage Institute of Beauty and Esthetics,Lincoln,NE,United States,collegescorecard.ed.gov
,,,,,Eastern Suffolk BOCES,Riverhead,NY,United States,collegescorecard.ed.gov
,,,,,Eastern Suffolk BOCES,Oakdale,NY,United States,collegescorecard.ed.gov
40450.0,40450.0,0.7229,1189.0,25.0,Milligan University,Milligan,TN,United States,collegescorecard.ed.gov
19975.0,19975.0,0.7647,,,Chamberlain University-Nevada,Las Vegas,NV,United States,collegescorecard.ed.gov
20785.0,20785.0,0.8571,,,Chamberlain University-Michigan,Troy,MI,United States,collegescorecard.ed.gov
20785.0,20785.0,1.0,,,Chamberlain University-New Jersey,North Brunswick,NJ,United States,collegescorecard.ed.gov
,,,,,The University of Tennessee Health Science Center,Memphis,TN,United States,collegescorecard.ed.gov
,,,,,Unitech Training Academy-New Orleans,New Orleans,LA,United States,collegescorecard.ed.gov
,,,,,Wade Gordon Hairdressing Academy-Lubbock,Lubbock,TX,United States,collegescorecard.ed.gov
,,,,,Protege Academy,Mt. Pleasant,MI,United States,collegescorecard.ed.gov
64280.0,64280.0,0.1311,1520.0,33.0,Emory University-Oxford College,Oxford,GA,United States,collegescorecard.ed.gov
,,,,,The Chicago School at Xavier University of Louisiana,New Orleans,LA,United States,collegescorecard.ed.gov
3007.0,5575.0,,,,Southern Regional Technical College,Thomasville,GA,United States,collegescorecard.ed.gov
,,,,,Texas College of Cosmetology-Lubbock,Lubbock,TX,United States,collegescorecard.ed.gov
14596.0,14596.0,,,,Fortis College-Cuyahoga Falls,Cuyahoga Falls,OH,United States,collegescorecard.ed.gov
16920.0,16920.0,,,,Jones Technical Institute,Jacksonville,FL,United States,collegescorecard.ed.gov
7212.0,11812.0,,,,Texas State Technical College,Waco,TX,United States,collegescorecard.ed.gov
,,,,,Aveda Institute Portland-Vancouver Campus,Vancouver,WA,United States,collegescorecard.ed.gov
23531.0,23531.0,1.0,,,Arizona College of Nursing-Las Vegas,Las Vegas,NV,United States,collegescorecard.ed.gov
,,,,,UEI College-Phoenix,Phoenix,AZ,United States,collegescorecard.ed.gov
,,,,,The Institute of Beauty and Wellness Madison,Madison,WI,United States,collegescorecard.ed.gov
23304.0,23304.0,0.8095,1180.0,,Husson University,Bangor,ME,United States,collegescorecard.ed.gov
,,,,,Tricoci University of Beauty Culture-Elgin,Elgin,IL,United States,collegescorecard.ed.gov
,,1.0,,,Concorde Career College-Southaven,Southaven,MS,United States,collegescorecard.ed.gov
,,,,,Universal Technical Institute-Southern California,Long Beach,CA,United States,collegescorecard.ed.gov
14652.0,14652.0,,,,Northwest University-Center for Online and Extended Education,Kirkland,WA,United States,collegescorecard.ed.gov
,,,,,Celebrity Barber School,Monroe,LA,United States,collegescorecard.ed.gov
,,,,,California Institute of Advanced Management,Alhambra,CA,United States,collegescorecard.ed.gov
24600.0,24600.0,0.4258,,,Academy of Interactive Entertainment,Lafayette,LA,United States,collegescorecard.ed.gov
,,,,,The Temple Annapolis-A Paul Mitchell Partner School,Annapolis,MD,United States,collegescorecard.ed.gov
9650.0,9650.0,0.25,,,Yeshiva Zichron Aryeh,Far Rockaway,NY,United States,collegescorecard.ed.gov
,,,,,Butte County Regional Occupational Program,Chico,CA,United States,collegescorecard.ed.gov
,,,,,Arclabs,Piedmont,SC,United States,collegescorecard.ed.gov
,,,,,Top of the Line Barber College,Charleston,SC,United States,collegescorecard.ed.gov
,,,,,Midfield Institute of Cosmetology,Midfield,AL,United States,collegescorecard.ed.gov
29731.0,29731.0,0.8542,,,Felbry College,Columbus,OH,United States,collegescorecard.ed.gov
,,,,,Regional Center for Border Health,Somerton,AZ,United States,collegescorecard.ed.gov
,,,,,Kentucky Horseshoeing School,Richmond,KY,United States,collegescorecard.ed.gov
,,,,,Image Maker Beauty Institute,Hendersonville,TN,United States,collegescorecard.ed.gov
,,,,,Dalton Institute of Esthetics and Cosmetology,Dalton,GA,United States,collegescorecard.ed.gov
,,,,,CAAN Academy of Nursing,Matteson,IL,United States,collegescorecard.ed.gov
,,1.0,,,Martinsburg College,Cheyenne,WY,United States,collegescorecard.ed.gov
,,,,,Alhambra Medical University,Alhambra,CA,United States,collegescorecard.ed.gov
10000.0,10000.0,,,,Central Yeshiva Beth Joseph,Airmont,NY,United States,collegescorecard.ed.gov
,,,,,Garden State Science and Technology Institute,Jersey City,NJ,United States,collegescorecard.ed.gov
,,,,,Barber Tech Academy,Orangeburg,SC,United States,collegescorecard.ed.gov
10440.0,10440.0,,,,Abraham Lincoln University,Glendale,CA,United States,collegescorecard.ed.gov
22725.0,22725.0,,,,Med College,Hialeah,FL,United States,collegescorecard.ed.gov
12200.0,12200.0,,,,Sonoran Desert Institute,Tempe,AZ,United States,collegescorecard.ed.gov
,,,,,Northwest Suburban College,Rollng Meadows,IL,United States,collegescorecard.ed.gov
,,,,,Natural Images Beauty College,Clute,TX,United States,collegescorecard.ed.gov
,,,,,Textures Institute of Cosmetology,Indianapolis,IN,United States,collegescorecard.ed.gov
,,,,,Williams Technical College,Houma,LA,United States,collegescorecard.ed.gov
,,,,,Ea La Mar's Cosmetology & Barber College,Kansas City,MO,United States,collegescorecard.ed.gov
,,,,,Regina Webb Academy,Bowling Green,KY,United States,collegescorecard.ed.gov
,,,,,DeHart Technical School,Modesto,CA,United States,collegescorecard.ed.gov
,,,,,Medical Career & Technical College,Richmond,KY,United States,collegescorecard.ed.gov
,,,,,Center for Neurosomatic Studies,Clearwater,FL,United States,collegescorecard.ed.gov
,,,,,Focus Personal Training Institute,New York,NY,United States,collegescorecard.ed.gov
,,,,,Hair Academy School of Barbering & Beauty,Newark,DE,United States,collegescorecard.ed.gov
,,,,,National Personal Training Institute,Orlando,FL,United States,collegescorecard.ed.gov
,,,,,Mission Beauty Institute,Mission,TX,United States,collegescorecard.ed.gov
10480.0,10480.0,1.0,,,Elim Bible College,Lima,NY,United States,collegescorecard.ed.gov
12010.0,12010.0,0.5385,,,Beth Medrash of Asbury Park,Lakewood,NJ,United States,collegescorecard.ed.gov
,,,,,Hope College of Arts and Sciences,Pompano Beach,FL,United States,collegescorecard.ed.gov
10600.0,10600.0,0.5417,,,Yeshiva Gedolah Shaarei Shmuel,Lakewood,NJ,United States,collegescorecard.ed.gov
,,,,,Premier Barber Institute,Norristown,PA,United States,collegescorecard.ed.gov
,,,,,International Beauty Education Center,Spokane,WA,United States,collegescorecard.ed.gov
,,,,,Claremont Lincoln University,Claremont,CA,United States,collegescorecard.ed.gov
,,,,,Phipps Academy of Barbering,Richton Park,IL,United States,collegescorecard.ed.gov
,,,,,Hoss Lee Academy,Roseville,CA,United States,collegescorecard.ed.gov
,,0.8,,,Indiana Wellness College,Carmel,IN,United States,collegescorecard.ed.gov
,,,,,Kenny's Academy of Barbering,Indianapolis,IN,United States,collegescorecard.ed.gov
33000.0,33000.0,,,,Seattle Film Institute,Seattle,WA,United States,collegescorecard.ed.gov
,,,,,Arkansas Colleges of Health Education,Fort Smith,AR,United States,collegescorecard.ed.gov
,,,,,Burrell College of Osteopathic Medicine,Las Cruces,NM,United States,collegescorecard.ed.gov
21985.0,21985.0,1.0,,,California College of Music,Pasadena,CA,United States,collegescorecard.ed.gov
,,,,,California Health Sciences University,Clovis,CA,United States,collegescorecard.ed.gov
,,0.9091,,,Christian Culinary Academy,Cannon Beach,OR,United States,collegescorecard.ed.gov
,,,,,Glitz School of Cosmetology,Las Cruces,NM,United States,collegescorecard.ed.gov
8208.0,8208.0,,,,Indiana Wesleyan University-National & Global,Marion,IN,United States,collegescorecard.ed.gov
3412.0,9952.0,,,,Northeast Lakeview College,Universal City,TX,United States,collegescorecard.ed.gov
,,,,,Paul Mitchell the School-Jessup,Jessup,MD,United States,collegescorecard.ed.gov
20605.0,20605.0,0.8235,,,John Patrick University of Health and Applied Sciences,South Bend,IN,United States,collegescorecard.ed.gov
,,,,,Teachers College of San Joaquin,Stockton,CA,United States,collegescorecard.ed.gov
1400.0,1400.0,,,,University of the People,Pasadena,CA,United States,collegescorecard.ed.gov
,,,,,South Dade Technical College-South Dade Skills Center Campus,HOMESTEAD,FL,United States,collegescorecard.ed.gov
,,,,,Wongu University of Oriental Medicine,Las Vegas,NV,United States,collegescorecard.ed.gov
,,,,,Alabama School of Nail Technology & Cosmetology,Jackson,AL,United States,collegescorecard.ed.gov
,,,,,Tulsa Technology Center,Tulsa,OK,United States,collegescorecard.ed.gov
,,,,,Ross Medical Education Center-Elyria,Elyria,OH,United States,collegescorecard.ed.gov
,,,,,Ross Medical Education Center-Lafayette,Lafayette,IN,United States,collegescorecard.ed.gov
,,,,,Ross Medical Education Center-Midland,Midland,MI,United States,collegescorecard.ed.gov
,,,,,Paul Mitchell the School-Clear Lake,Webster,TX,United States,collegescorecard.ed.gov
,,,,,Paul Mitchell the School-Nampa,Nampa,ID,United States,collegescorecard.ed.gov
,,,,,Academy of Beauty Professionals,Madison,WI,United States,collegescorecard.ed.gov
,,,,,Academy of Beauty Professionals,Appleton,WI,United States,collegescorecard.ed.gov
,,,,,Academy of Beauty Professionals,Green Bay,WI,United States,collegescorecard.ed.gov
,,,,,Kenneth Shuler School of Cosmetology-Goose Creek,Goose Creek,SC,United States,collegescorecard.ed.gov
1378.0,8638.0,,,,Clovis Community College,Fresno,CA,United States,collegescorecard.ed.gov
,,,,,Boca Beauty Academy-Parkland,Parkland,FL,United States,collegescorecard.ed.gov
15480.0,15480.0,,,,Caribbean Aviation Training Institute Inc,Carolina,PR,United States,collegescorecard.ed.gov
,,,,,The College of Health Care Professions-McAllen Campus,McAllen,TX,United States,collegescorecard.ed.gov
,,,,,Institute of Buddhist Studies,Berkeley,CA,United States,collegescorecard.ed.gov
20785.0,20785.0,1.0,,,Chamberlain University-North Carolina,Charlotte,NC,United States,collegescorecard.ed.gov
21271.0,21271.0,0.8,,,Chamberlain University-California,Rancho Cordova,CA,United States,collegescorecard.ed.gov
,,,,,Spartan College of Aeronautics and Technology,Riverside,CA,United States,collegescorecard.ed.gov
10101.0,14412.0,,,,Purdue University Global,West Lafayette,IN,United States,collegescorecard.ed.gov
,,,,,Arthur's Beauty College,Jonesboro,AR,United States,collegescorecard.ed.gov
,,,,,West Coast University-Center for Graduate Studies,Los Angeles,CA,United States,collegescorecard.ed.gov
17575.0,17575.0,0.3954,,,Carolina University,Winston-Salem,NC,United States,collegescorecard.ed.gov
,,,,,National Personal Training Institute-Tampa,Tampa,FL,United States,collegescorecard.ed.gov
9329.0,9329.0,,,,California Prestige University,Santa Fe Springs,CA,United States,collegescorecard.ed.gov
20838.0,20838.0,,,,HCI College,West Palm Beach,FL,United States,collegescorecard.ed.gov
6200.0,6200.0,,,,America Evangelical University,Gardena,CA,United States,collegescorecard.ed.gov
,,,,,Gadsden Technical College,Quincy,FL,United States,collegescorecard.ed.gov
,,,,,Virginia University of Integrative Medicine,Vienna,VA,United States,collegescorecard.ed.gov
,,,,,Nashville Film Institute,Nashville,TN,United States,collegescorecard.ed.gov
17670.0,17670.0,0.7315,,,Westcliff University,Irvine,CA,United States,collegescorecard.ed.gov
,,,,,World Class Academy of Beauty Careers,Tallahassee,FL,United States,collegescorecard.ed.gov
,,0.7067,,,Sacramento Ultrasound Institute,Sacramento,CA,United States,collegescorecard.ed.gov
,,,,,Regan Career Institute,El Monte,CA,United States,collegescorecard.ed.gov
28390.0,28390.0,0.9545,,,Bolivar Technical College,Bolivar,MO,United States,collegescorecard.ed.gov
,,,,,MAK Beauty Institute,Cumming,GA,United States,collegescorecard.ed.gov
,,,,,Mobile Technical Training,South Hackensack,NJ,United States,collegescorecard.ed.gov
,,,,,American Barber and Beauty Academy,Reading,PA,United States,collegescorecard.ed.gov
14175.0,14175.0,,,,Yeshiva Shaar Ephraim,Monsey,NY,United States,collegescorecard.ed.gov
22270.0,22270.0,,,,California Institute of Arts & Technology,National City,CA,United States,collegescorecard.ed.gov
,,,,,Elite Cosmetology Barber & Spa Academy,Yakima,WA,United States,collegescorecard.ed.gov
,,,,,Cutting Edge Academy,Succasunna,NJ,United States,collegescorecard.ed.gov
10350.0,10350.0,0.8182,,,Yeshiva Bais Aharon,Lakewood,NJ,United States,collegescorecard.ed.gov
11800.0,11800.0,,,,Mechon L'hoyroa,Monsey,NY,United States,collegescorecard.ed.gov
14620.0,14620.0,,,,Elyon College,Brooklyn,NY,United States,collegescorecard.ed.gov
,,,,,Western Michigan University Homer Stryker M.D. School of Medicine,Kalamazoo,MI,United States,collegescorecard.ed.gov
,,0.8421,,,Harmony Health Care Institute,Merrimack,NH,United States,collegescorecard.ed.gov
,,,,,American Beauty and Trade School,Miami,FL,United States,collegescorecard.ed.gov
,,,,,Hogan Institute of Cosmetology and Esthetics,Lilburn,GA,United States,collegescorecard.ed.gov
,,,,,J's Barber College,New Iberia,LA,United States,collegescorecard.ed.gov
,,,,,Ann Webb Skin Institute,Austin,TX,United States,collegescorecard.ed.gov
,,,,,Apex Academy Hair Skin Nails School of Cosmetology,Ontario,OH,United States,collegescorecard.ed.gov
,,,,,The Esthetic Institute,Vienna,VA,United States,collegescorecard.ed.gov
,,,,,Massage Institute of Memphis,Memphis,TN,United States,collegescorecard.ed.gov
,,,,,Metro Detroit Barber College,Detroit,MI,United States,collegescorecard.ed.gov
,,0.2609,,,Digital Media Institute,Shreveport,LA,United States,collegescorecard.ed.gov
10870.0,10870.0,1.0,,,Yeshiva Ohr Naftoli,New Windsor,NY,United States,collegescorecard.ed.gov
12000.0,12000.0,0.6842,,,Bais Medrash Mayan Hatorah,Lakewood,NJ,United States,collegescorecard.ed.gov
,,,,,Allgood Beauty Institute,Frisco,TX,United States,collegescorecard.ed.gov
,,,,,Ray J's College of Hair,Baton Rouge,LA,United States,collegescorecard.ed.gov
,,,,,Manuel and Theresa's School of Hair Design,Brenham,TX,United States,collegescorecard.ed.gov
,,,,,Cincinnati School of Barbering & Hair Design,Cincinnati,OH,United States,collegescorecard.ed.gov
,,,,,L Makeup Institute,Las Vegas,NV,United States,collegescorecard.ed.gov
,,,,,Maestro College,Arlington,TX,United States,collegescorecard.ed.gov
,,,,,Northern Technical College,Pine Bluff,AR,United States,collegescorecard.ed.gov
,,,,,Maine Media College,Rockport,ME,United States,collegescorecard.ed.gov
8675.0,16094.0,0.7236,1024.0,23.0,Purdue University Northwest,Hammond,IN,United States,collegescorecard.ed.gov
,,,,,Ross Medical Education Center-Portage,Portage,MI,United States,collegescorecard.ed.gov
,,,,,Ross College-Canton,Canton,OH,United States,collegescorecard.ed.gov
,,,,,Ross College-Grand Rapids North,Grand Rapids,MI,United States,collegescorecard.ed.gov
,,,,,American Institute-Somerset,Somerset,NJ,United States,collegescorecard.ed.gov
14922.0,14922.0,,,,Platt College-Anaheim,Anaheim,CA,United States,collegescorecard.ed.gov
,,,,,Advantage Career Institute,Eatontown,NJ,United States,collegescorecard.ed.gov
,,,,,Bull City Durham Beauty and Barber College,Durham,NC,United States,collegescorecard.ed.gov
13806.0,13806.0,,,,Fortis College-Cutler Bay,Cutler Bay,FL,United States,collegescorecard.ed.gov
12300.0,12300.0,0.7368,,,Yeshiva Kollel Tifereth Elizer,Brooklyn,NY,United States,collegescorecard.ed.gov
,,,,,Strand Institute of Beauty & Esthetics,Corpus Christi,TX,United States,collegescorecard.ed.gov
,,,,,Arkansas Welding Academy,Jacksonville,AR,United States,collegescorecard.ed.gov
,,,,,Unitech Training Academy-Baton Rouge,Baton Rouge,LA,United States,collegescorecard.ed.gov
,,,,,Empire Beauty School-Tampa,Tampa,FL,United States,collegescorecard.ed.gov
,,,,,Empire Beauty School-Lakeland,Lakeland,FL,United States,collegescorecard.ed.gov
16364.0,16364.0,,,,Galen College of Nursing-ARH,Hazard,KY,United States,collegescorecard.ed.gov
21780.0,21780.0,,,,The Chicago School at San Diego,San Diego,CA,United States,collegescorecard.ed.gov
,,,,,Commercial Divers International,Goodyear,AZ,United States,collegescorecard.ed.gov
,,,,,Tricoci University of Beauty Culture-Janesville,Janesville,WI,United States,collegescorecard.ed.gov
,,,,,Unlimited Cosmetology School,Hattiesburg,MS,United States,collegescorecard.ed.gov
,,,,,Johnny Matthew's Hairdressing Training School,Salem,OR,United States,collegescorecard.ed.gov
,,0.7753,,,The Culinary School of Fort Worth,Fort Worth,TX,United States,collegescorecard.ed.gov
,,,,,Centralia Beauty College,Centralia,WA,United States,collegescorecard.ed.gov
,,1.0,,,University of Wisconsin-Milwaukee Flex,Milwaukee,WI,United States,collegescorecard.ed.gov
,,,,,University of Wisconsin-Parkside Flex,Kenosha,WI,United States,collegescorecard.ed.gov
,,,,,Miller-Motte College-STVT-Arlington,Arlington,TX,United States,collegescorecard.ed.gov
10250.0,10250.0,0.8818,,,Bnos Zion Of Bobov Seminary,Brooklyn,NY,United States,collegescorecard.ed.gov
,,,,,ABC Adult School,Cerritos,CA,United States,collegescorecard.ed.gov
,,,,,Polytech Adult Education,Woodside,DE,United States,collegescorecard.ed.gov
6700.0,6700.0,0.9084,,,Union Bible College,Westfield,IN,United States,collegescorecard.ed.gov
,,,,,Pets Playground Grooming School,Pompano Beach,FL,United States,collegescorecard.ed.gov
,,,,,San Bernardino Beauty College,San Bernardino,CA,United States,collegescorecard.ed.gov
,,,,,Christina and Company Education Center,Lafayette,IN,United States,collegescorecard.ed.gov
31052.0,31052.0,,,,Institute of Medical Ultrasound,Atlanta,GA,United States,collegescorecard.ed.gov
,,,,,Mystros Barber Academy,Houston,TX,United States,collegescorecard.ed.gov
,,,,,European Medical School of Massage,Sinking Spring,PA,United States,collegescorecard.ed.gov
10480.0,10480.0,0.8929,,,Yeshiva Gedolah Tiferes Boruch,North Plainfield,NJ,United States,collegescorecard.ed.gov
12150.0,12150.0,0.8,,,Yeshiva Chemdas Hatorah,Lakewood,NJ,United States,collegescorecard.ed.gov
9780.0,9780.0,0.9796,,,Women's Institute of Torah Seminary and College,Baltimore,MD,United States,collegescorecard.ed.gov
9150.0,9150.0,0.8571,,,Yeshiva Gedolah Keren Hatorah,Lakewood,NJ,United States,collegescorecard.ed.gov
,,,,,ICOHS College,San Diego,CA,United States,collegescorecard.ed.gov
,,,,,Neo-Esthetique European Institute,San Juan,PR,United States,collegescorecard.ed.gov
,,,,,Lehigh Valley Barber School,Bethlehem,PA,United States,collegescorecard.ed.gov
,,,,,International Barber College,Chandler,AZ,United States,collegescorecard.ed.gov
,,,,,Brown Beauty Barber School,Bessemer,AL,United States,collegescorecard.ed.gov
,,,,,Rexburg College of Massage Therapy,Rexburg,ID,United States,collegescorecard.ed.gov
8550.0,8550.0,0.7,,,Yeshiva Gedolah of Cliffwood,Keyport,NJ,United States,collegescorecard.ed.gov
,,,,,UR Beauty & Barber Academy,Sebring,FL,United States,collegescorecard.ed.gov
,,,,,Urban Barber College,Concord,CA,United States,collegescorecard.ed.gov
9750.0,9750.0,1.0,,,Yeshivas Emek Hatorah,Howell,NJ,United States,collegescorecard.ed.gov
,,,,,Transitions Career Institute School of Nursing,College Point,NY,United States,collegescorecard.ed.gov
,,,,,Wilton Simpson Technical College,Brooksville,FL,United States,collegescorecard.ed.gov
,,,,,Stacey James Institute,Parker,CO,United States,collegescorecard.ed.gov
,,,,,Meridian University,Petaluma,CA,United States,collegescorecard.ed.gov
13150.0,13150.0,0.4359,,,Seminary Bnos Chaim,Lakewood,NJ,United States,collegescorecard.ed.gov
,,,,,Avenue Academy A Cosmetology Institute,Albuquerque,NM,United States,collegescorecard.ed.gov
,,,,,Salon Professional Academy of San Antonio,San Antonio,TX,United States,collegescorecard.ed.gov
6640.0,6640.0,,,,Red Lake Nation College,Red Lake,MN,United States,collegescorecard.ed.gov
,,,,,Princess Institute of Beauty,Reedley,CA,United States,collegescorecard.ed.gov
,,,,,Vogue International Academy,Houston,TX,United States,collegescorecard.ed.gov
,,,,,Independent Training & Apprenticeship Program,Sacramento,CA,United States,collegescorecard.ed.gov
,,,,,Victory Career College,Carson,CA,United States,collegescorecard.ed.gov
,,,,,Winonah's International School of Cosmetology,Hoover,AL,United States,collegescorecard.ed.gov
9600.0,9600.0,0.5147,,,Yeshiva Gedola Tiferes Yerachmiel,Lakewood,NJ,United States,collegescorecard.ed.gov
,,,,,Southeastern Esthetics Institute,Elgin,SC,United States,collegescorecard.ed.gov
,,,,,Caris College,Jeffersonville,IN,United States,collegescorecard.ed.gov
,,,,,Contra Costa Medical Career College,Antioch,CA,United States,collegescorecard.ed.gov
,,,,,Another Level Barbering and Cosmetology School,Petersburg,VA,United States,collegescorecard.ed.gov
,,,,,The Salon Professional Academy-Georgetown,Georgetown,TX,United States,collegescorecard.ed.gov
,,,,,Elite Academy of Hair Design,Bridgeport,OH,United States,collegescorecard.ed.gov
20500.0,20500.0,1.0,,,Americare Technical School,Park Ridge,IL,United States,collegescorecard.ed.gov
11510.0,11510.0,,,,Champion Christian College,Hot Springs,AR,United States,collegescorecard.ed.gov
,,,,,Chicago Professional Center,Prospect Heights,IL,United States,collegescorecard.ed.gov
,,,,,DSDT,Detroit,MI,United States,collegescorecard.ed.gov
,,,,,Elite Beauty College,Muskogee,OK,United States,collegescorecard.ed.gov
,,,,,GoodFellas Barber College,Little Rock,AR,United States,collegescorecard.ed.gov
,,,,,Escondido Adult School,Escondido,CA,United States,collegescorecard.ed.gov
,,,,,Poway Adult School,Poway,CA,United States,collegescorecard.ed.gov
,,,,,Vista Adult School,Vista,CA,United States,collegescorecard.ed.gov
,,,,,No Grease Barber School,Charlotte,NC,United States,collegescorecard.ed.gov
,,,,,Pima Medical Institute-San Marcos,San Marcos,CA,United States,collegescorecard.ed.gov
7050.0,14125.0,0.7565,,,EDP University of Puerto Rico-Villalba,Villalba,PR,United States,collegescorecard.ed.gov
,,,,,KCK Beauty & Barber Academy,Jacksonville,FL,United States,collegescorecard.ed.gov
,,,,,California College of Barbering and Cosmetology,Stockton,CA,United States,collegescorecard.ed.gov
,,,,,Texas Tech University Health Scienes Center El Paso,El Paso,TX,United States,collegescorecard.ed.gov
,,,,,Ponce Health Sciences University-Centro Universitario de San Juan,San Juan,PR,United States,collegescorecard.ed.gov
,,,,,The College of Health Care Professions-South San Antonio,San Antonio,TX,United States,collegescorecard.ed.gov
,,,,,Innovate Salon Academy,Ewing,NJ,United States,collegescorecard.ed.gov
19975.0,19975.0,1.0,,,Chamberlain University-Louisiana,Jefferson,LA,United States,collegescorecard.ed.gov
8054.0,8054.0,,,,Drury University-College of Continuing Professional Studies,Springfield,MO,United States,collegescorecard.ed.gov
,,,,,Global Medical & Technical Training Institute,Miami,FL,United States,collegescorecard.ed.gov
,,,,,Salon Success Academy-West Covina,West Covina,CA,United States,collegescorecard.ed.gov
9896.0,9896.0,,,,Indiana Institute of Technology-College of Professional Studies,Fort Wayne,IN,United States,collegescorecard.ed.gov
,,,,,Advantage Technical College,San Juan,PR,United States,collegescorecard.ed.gov
,,,,,Institute of Culinary Education,Pasadena,CA,United States,collegescorecard.ed.gov
,,,,,Universal Technical Institute-Bloomfield,Bloomfield,NJ,United States,collegescorecard.ed.gov
,,,,,Gould's Academy,Bartlett,TN,United States,collegescorecard.ed.gov
,,,,,Urban Academy of Beauty,Rio Rancho,NM,United States,collegescorecard.ed.gov
,,,,,WellSpring School of Allied Health-Springfield,Springfield,MO,United States,collegescorecard.ed.gov
19576.0,19576.0,,,,Medical Career College of Northern California,Roseville,CA,United States,collegescorecard.ed.gov
22140.0,22140.0,,,,Premiere International College,Fort Myers,FL,United States,collegescorecard.ed.gov
13774.0,13774.0,,,,San Diego Global Knowledge University,San Diego,CA,United States,collegescorecard.ed.gov
22184.0,22184.0,,,,Global Tech College,Toledo,OH,United States,collegescorecard.ed.gov
,,,,,McAllen Careers Institute,McAllen,TX,United States,collegescorecard.ed.gov
,,,,,Bellasa Professional Institute,Miami Springs,FL,United States,collegescorecard.ed.gov
,,,,,Health and Technology Training Institute,Philadelphia,PA,United States,collegescorecard.ed.gov
9000.0,9000.0,0.36,,,Yeshiva of Ocean,Greenfield Park,NY,United States,collegescorecard.ed.gov
14125.0,14125.0,,,,Congregation Talmidei Mesivta Tiferes Shmiel Aleksander,Brooklyn,NY,United States,collegescorecard.ed.gov
,,,,,Pro Beauty Academy,Edison,NJ,United States,collegescorecard.ed.gov
,,,,,South Eastern Beauty Academy,Paintsville,KY,United States,collegescorecard.ed.gov
9700.0,9700.0,0.9619,,,Ohel Margulia Seminary,Monsey,NY,United States,collegescorecard.ed.gov
12380.0,12380.0,1.0,,,Yeshivat Hechal Shemuel,Brooklyn,NY,United States,collegescorecard.ed.gov
6900.0,6900.0,,,,Professional University Dr. Carlos J. Borrero Rios,Hato Rey,PR,United States,collegescorecard.ed.gov
,,,,,American Institute of Healthcare & Technology,Stratford,CT,United States,collegescorecard.ed.gov
,,,,,Premier Academy of Cosmetology,McAlester,OK,United States,collegescorecard.ed.gov
9030.0,9030.0,0.8372,,,Yeshiva Gedolah of Woodlake Village,Lakewood,NJ,United States,collegescorecard.ed.gov
13700.0,13700.0,0.7667,,,Yeshiva Gedola Tiferes Yaakov Yitzchok,Lakewood,NJ,United States,collegescorecard.ed.gov
,,,,,Houston Barber School,Houston,TX,United States,collegescorecard.ed.gov
,,,,,Health-Tech Institute of Memphis,Memphis,TN,United States,collegescorecard.ed.gov
,,,,,MIXED Institute of Cosmetology & Barber,Sacramento,CA,United States,collegescorecard.ed.gov
,,,,,Vski Cosmetology School,Charleston,SC,United States,collegescorecard.ed.gov
12750.0,12750.0,0.7602,,,New York Seminary,Brooklyn,NY,United States,collegescorecard.ed.gov
,,,,,Deluxe Barber College,San Antonio,TX,United States,collegescorecard.ed.gov
,,1.0,,,Falcon Institute of Health and Science,Bethlehem,PA,United States,collegescorecard.ed.gov
11016.0,11016.0,,,,College Unbound,Providence,RI,United States,collegescorecard.ed.gov
,,,,,A Better U Beauty Barber Academy,Albuquerque,NM,United States,collegescorecard.ed.gov
,,,,,SANS Technology Institute,North Bethesda,MD,United States,collegescorecard.ed.gov
,,,,,Tuana European Beauty Academy,Fort Collins,CO,United States,collegescorecard.ed.gov
,,,,,Idaho College of Osteopathic Medicine,Meridian,ID,United States,collegescorecard.ed.gov
,,,,,Cal Northern School of Law,Chico,CA,United States,collegescorecard.ed.gov
9050.0,9050.0,,,,College of Athens,Watkinsville,GA,United States,collegescorecard.ed.gov
,,,,,Southern Careers Institute-Waco,Waco,TX,United States,collegescorecard.ed.gov
,,,,,Ponce Health Sciences University-St Louis,St. Louis,MO,United States,collegescorecard.ed.gov
,,,,,Lil Lou's Beauty and Barber College-Hammond,Hammond,IN,United States,collegescorecard.ed.gov
23987.0,23987.0,1.0,,,Arizona College of Nursing-Dallas,Dallas,TX,United States,collegescorecard.ed.gov
,,,,,The Salon Professional Academy-Washington DC,Washington,DC,United States,collegescorecard.ed.gov
,,,,,Valley College-Cleveland,Cleveland,OH,United States,collegescorecard.ed.gov
7050.0,14125.0,0.5952,,,EDP University of Puerto Rico-Humacao,Humacao,PR,United States,collegescorecard.ed.gov
7050.0,14125.0,0.6818,,,EDP University of Puerto Rico-Manati,Manati,PR,United States,collegescorecard.ed.gov
,,,,,UEI College-Sacramento,Sacramento,CA,United States,collegescorecard.ed.gov
15120.0,15120.0,,,,Fortis Institute-Cookeville,Cookeville,TN,United States,collegescorecard.ed.gov
11000.0,11000.0,0.9328,,,Derech Hachaim Seminary,Monroe,NY,United States,collegescorecard.ed.gov
,,,,,Evvaylois Academy School of Beauty,Brenham,TX,United States,collegescorecard.ed.gov
,,,,,Avenue Five Institute-South Austin Campus,Austin,TX,United States,collegescorecard.ed.gov
787.0,787.0,0.6905,1190.0,,Sattler College,Boston,MA,United States,collegescorecard.ed.gov
,,,,,Pima Medical Institute-San Antonio,San Antonio,TX,United States,collegescorecard.ed.gov
11934.0,11934.0,0.5771,,25.0,The Southwestern Baptist Theological Seminary,Fort Worth,TX,United States,collegescorecard.ed.gov
,,,,,Lotus Professional College,Richmond,VA,United States,collegescorecard.ed.gov
8806.0,8806.0,1.0,,,Christ Mission College,San Antonio,TX,United States,collegescorecard.ed.gov
,,,,,Esteem Academy of Beauty,South Ogden,UT,United States,collegescorecard.ed.gov
,,,,,KC Beauty Academy,Los Angeles,CA,United States,collegescorecard.ed.gov
8756.0,8756.0,0.8378,988.0,,Urshan University,Wentzville,MO,United States,collegescorecard.ed.gov
,,,,,Texas Healthtech Institute,Beaumont,TX,United States,collegescorecard.ed.gov
,,,,,Xtylo Beauty and Barber College,Phoenix,AZ,United States,collegescorecard.ed.gov
,,,,,Tonsorial Arts Barber College,Texarkana,TX,United States,collegescorecard.ed.gov
,,,,,Michael's Barber & Hair Stylist Academy,Irving,TX,United States,collegescorecard.ed.gov
14000.0,14000.0,,,,Yeshiva Yesoda Hatorah Vetz Chaim,Brooklyn,NY,United States,collegescorecard.ed.gov
,,,,,North-West College-San Diego,San Diego,CA,United States,collegescorecard.ed.gov
14798.0,14798.0,,,,West Virginia Junior College-United Career Institute,Irwin,PA,United States,collegescorecard.ed.gov
16657.0,16657.0,,,,Aviation Institute of Maintenance-Charlotte,Charlotte,NC,United States,collegescorecard.ed.gov
16522.0,16522.0,,,,Fortis College-Landover,Landover,MD,United States,collegescorecard.ed.gov
16699.0,16699.0,,,,Stautzenberger College-Rockford Career College,Rockford,IL,United States,collegescorecard.ed.gov
,,,,,WellSpring School of Allied Health-Wichita,Wichita,KS,United States,collegescorecard.ed.gov
,,,,,Access Careers-Islandia,Islandia,NY,United States,collegescorecard.ed.gov
4440.0,8880.0,,,,Northern Pennsylvania Regional College,Warren,PA,United States,collegescorecard.ed.gov
13850.0,13850.0,,,,Apex College of Veterinary Technology,Colorado Springs,CO,United States,collegescorecard.ed.gov
,,,,,Meryma'at Barber College,Cleveland,OH,United States,collegescorecard.ed.gov
,,,,,Western Maricopa Education Center,Glendale,AZ,United States,collegescorecard.ed.gov
11500.0,11500.0,0.6923,,,Bais Medrash of Dexter Park,Chestnut Ridge,NY,United States,collegescorecard.ed.gov
,,,,,Makana Esthetics Wellness Academy,Honolulu,HI,United States,collegescorecard.ed.gov
24180.0,24180.0,,,,Oak Valley College,Rialto,CA,United States,collegescorecard.ed.gov
,,,,,Paul Mitchell the School-San Jose,San Jose,CA,United States,collegescorecard.ed.gov
,,,,,Zion Massage College,St. George,UT,United States,collegescorecard.ed.gov
25470.0,25470.0,,,,Marine Trades Institute,Cedarville,MI,United States,collegescorecard.ed.gov
,,,,,Austin Career Institute LLC,Austin,TX,United States,collegescorecard.ed.gov
11350.0,11350.0,,,,Pacific Northwest Christian College,Kennewick,WA,United States,collegescorecard.ed.gov
,,,,,Hollywood Cultural College,Los Angeles,CA,United States,collegescorecard.ed.gov
,,,,,Mariano Moreno Culinary Institute,Miami,FL,United States,collegescorecard.ed.gov
,,,,,Alder Graduate School of Education,Redwood City,CA,United States,collegescorecard.ed.gov
,,,,,Webb's Barber School of Arts,Macon,GA,United States,collegescorecard.ed.gov
,,,,,Adrian H. Wallace Barber Academy,Pensacola,FL,United States,collegescorecard.ed.gov
11500.0,11500.0,,,,St. Louis Med Tech,St. Louis,MO,United States,collegescorecard.ed.gov
,,,,,Total Beauty Institute,Jacksonville,FL,United States,collegescorecard.ed.gov
,,,,,Pearlands Innovative School of Beauty,Pearland,TX,United States,collegescorecard.ed.gov
,,,,,Durant Institute of Hair Design,Durant,OK,United States,collegescorecard.ed.gov
,,,,,Premiere Aesthetics Institute,Bend,OR,United States,collegescorecard.ed.gov
7743.0,7743.0,,,,California Indian Nations College,Palm Desert,CA,United States,collegescorecard.ed.gov
7980.0,7980.0,,,,Indian Bible College,Flagstaff,AZ,United States,collegescorecard.ed.gov
,,,,,Florida Professional Institute,Miami,FL,United States,collegescorecard.ed.gov
,,,,,The Professional Cosmetology Academy,Laredo,TX,United States,collegescorecard.ed.gov
,,,,,Hackensack Meridian School of Medicine,Nutley,NJ,United States,collegescorecard.ed.gov
,,,,,Taylor Andrews Academy of Hair Design-Hair Lab Detroit Barber School,Southgate,MI,United States,collegescorecard.ed.gov
,,,,,Paul Mitchell the School-Fort Lauderdale,Plantation,FL,United States,collegescorecard.ed.gov
,,,,,PCI Academy-Iowa City,Iowa City,IA,United States,collegescorecard.ed.gov
,,,,,Larry's Barber College,Chicago,IL,United States,collegescorecard.ed.gov
,,,,,Paul Mitchell the School-Provo,Provo,UT,United States,collegescorecard.ed.gov
23093.0,23093.0,1.0,,,Arizona College of Nursing-Tampa,Tampa,FL,United States,collegescorecard.ed.gov
25973.0,25973.0,,,,Arizona College of Nursing-Fort Lauderdale,Fort Lauderdale,FL,United States,collegescorecard.ed.gov
24944.0,24944.0,1.0,,,Arizona College of Nursing-Tucson,Tucson,AZ,United States,collegescorecard.ed.gov
26041.0,26041.0,1.0,,,Arizona College of Nursing-Phoenix,Phoenix,AZ,United States,collegescorecard.ed.gov
,,,,,Empire Beauty School-Newport News,Newport News,VA,United States,collegescorecard.ed.gov
,,,,,Tricoci University of Beauty Culture-Normal,Normal,IL,United States,collegescorecard.ed.gov
,,,,,Paul Mitchell the School-Murfreesboro-Nashville,Hendersonville,TN,United States,collegescorecard.ed.gov
16990.0,16990.0,,,,Dorsey College-Woodhaven,Woodhaven,MI,United States,collegescorecard.ed.gov
,,,,,Pathways College,Tempe,AZ,United States,collegescorecard.ed.gov
,,,,,San Joaquin Valley College-Delano,Delano,CA,United States,collegescorecard.ed.gov
,,,,,San Joaquin Valley College-Rancho Mirage,Rancho Mirage,CA,United States,collegescorecard.ed.gov
,,,,,San Joaquin Valley College-Santa Maria,Santa Maria,CA,United States,collegescorecard.ed.gov
,,,,,Advantage Technical College-Aguadilla,Aguadilla,PR,United States,collegescorecard.ed.gov
,,,,,San Joaquin Valley College-Porterville,Porterville,CA,United States,collegescorecard.ed.gov
,,,,,California University of Science and Medicine,Colton,CA,United States,collegescorecard.ed.gov
,,,,,Ruben's Five Star Academy,Lake Wales,FL,United States,collegescorecard.ed.gov
19068.0,19068.0,,,,Provo College-Idaho Falls Campus,Idaho Falls,ID,United States,collegescorecard.ed.gov
19068.0,19068.0,,,,Eagle Gate College-Boise Campus,Boise,ID,United States,collegescorecard.ed.gov
,,,,,Elite Welding Academy South Point,South Point,OH,United States,collegescorecard.ed.gov
25672.0,25672.0,,,,Agape College of Business and Science,Fresno,CA,United States,collegescorecard.ed.gov
,,,,,Newlane University,Lehi,UT,United States,collegescorecard.ed.gov
,,,,,Zorganics Institute of Beauty and Wellness,Bellingham,WA,United States,collegescorecard.ed.gov
,,,,,Daybreak University,Anaheim,CA,United States,collegescorecard.ed.gov
,,0.8966,,,Motion Picture Institute,Troy,MI,United States,collegescorecard.ed.gov
,,,,,The  Salon Professional Academy of Holland,Holland,MI,United States,collegescorecard.ed.gov
,,,,,Dymond Designs Beauty School,Detroit,MI,United States,collegescorecard.ed.gov
,,0.2938,,,National Institute for Medical Assistant Advancement (NIMAA),Denver,CO,United States,collegescorecard.ed.gov
57463.0,57463.0,0.9247,,,California Northstate University,Elk Grove,CA,United States,collegescorecard.ed.gov
13400.0,13400.0,,,,Antigua College International,Miami Lakes,FL,United States,collegescorecard.ed.gov
,,,,,Burlington County Institute of Technology-Adult Education,Westampton,NJ,United States,collegescorecard.ed.gov
64500.0,64500.0,,,,Sri Sai Krish Institute,ORANGE,CA,United States,collegescorecard.ed.gov
,,,,,Riggins Urban Barber College,San Diego,CA,United States,collegescorecard.ed.gov
,,,,,Hair Arts Institute,Oklahoma City,OK,United States,collegescorecard.ed.gov
,,0.0549,,,Florida Academy of Nursing,Miramar,FL,United States,collegescorecard.ed.gov
,,,,,Body Wisdom Massage Therapy School,Urbandale,IA,United States,collegescorecard.ed.gov
,,,,,CTK Healthcare & Career Institute,Irving,TX,United States,collegescorecard.ed.gov
,,,,,Aesthetics Institute,St. Louis,MO,United States,collegescorecard.ed.gov
,,,,,Sierra Academy of Style,Carson City,NV,United States,collegescorecard.ed.gov
,,,,,Institute of Allied Healthcare,San Antonio,TX,United States,collegescorecard.ed.gov
16500.0,16500.0,,,,NewU University,Washington,DC,United States,collegescorecard.ed.gov
,,,,,Branford Academy of Hair & Cosmetology-Bridgeport,Bridgeport,CT,United States,collegescorecard.ed.gov
,,,,,United Education Institute-Las Vegas,Las Vegas,NV,United States,collegescorecard.ed.gov
,,,,,UEI College-Mesa,Mesa,AZ,United States,collegescorecard.ed.gov
,,,,,Larry's Barber College-Joliet,Joliet,IL,United States,collegescorecard.ed.gov
13450.0,13450.0,0.8966,,,Herzing University-Tampa,Tampa,FL,United States,collegescorecard.ed.gov
17048.0,17048.0,,,,Galen Health Institutes-Miami Campus,Pembroke Pines,FL,United States,collegescorecard.ed.gov
14520.0,14520.0,1.0,,,Abilene Christian University-Undergraduate Online,Addison,TX,United States,collegescorecard.ed.gov
1378.0,8638.0,,,,Madera Community College,Madera,CA,United States,collegescorecard.ed.gov
,,,,,Ogle School Hair Skin Nails-Willowbrook,Houston,TX,United States,collegescorecard.ed.gov
17048.0,17048.0,,,,Galen Health Institutes-Austin Campus,Round Rock,TX,United States,collegescorecard.ed.gov
17048.0,17048.0,,,,Galen Health Institutes-Nashville Campus,Nashville,TN,United States,collegescorecard.ed.gov
,,,,,Ohio Business College-Dayton-Driving Academy,Trotwood,OH,United States,collegescorecard.ed.gov
,,,,,The Rapha School,Home,PA,United States,collegescorecard.ed.gov
,,,,,Academy of Allied Health Careers,Chattanooga,TN,United States,collegescorecard.ed.gov
,,,,,Mei Barber School,Brownsville,TX,United States,collegescorecard.ed.gov
18300.0,18300.0,1.0,,,Great Northern University,Spokane,WA,United States,collegescorecard.ed.gov
,,,,,Salon Professional Academy-Elevate Salon Institute,Miami Beach,FL,United States,collegescorecard.ed.gov
22587.0,22587.0,1.0,,,Arizona College of Nursing-Salt Lake City,Murray,UT,United States,collegescorecard.ed.gov
18835.0,18835.0,,,,Arizona College-Glendale,Glendale,AZ,United States,collegescorecard.ed.gov
,,,,,Universal Technical Institute-West Texas,Austin,TX,United States,collegescorecard.ed.gov
,,,,,Avalon Institute-Las Vegas,Las Vegas,NV,United States,collegescorecard.ed.gov
,,,,,Medspa Academies-National Institute of Modern Aesthetics,Las Vegas,NV,United States,collegescorecard.ed.gov
,,,,,American Institute-Cherry Hill,Cherry Hill,NJ,United States,collegescorecard.ed.gov
,,,,,Glendale Career College-North-West College-Bakersfield,Bakersfield,CA,United States,collegescorecard.ed.gov
,,,,,Barber Education Academy,Laredo,TX,United States,collegescorecard.ed.gov
,,,,,Legends Barber College,Lufkin,TX,United States,collegescorecard.ed.gov
19150.0,19150.0,0.6427,,,Academia Medical Institute,Columbus,OH,United States,collegescorecard.ed.gov
,,,,,Barbers Trade School,Beaumont,TX,United States,collegescorecard.ed.gov
,,,,,Top of the Line Barber School,San Antonio,TX,United States,collegescorecard.ed.gov
6600.0,6600.0,,,,Bridges Christian College,New Orleans,LA,United States,collegescorecard.ed.gov
,,,,,Kino College,Tucson,AZ,United States,collegescorecard.ed.gov
,,,,,Salon Professional Academy,Howell,NJ,United States,collegescorecard.ed.gov
,,,,,Southern California College of Barber and Beauty,Escondido,CA,United States,collegescorecard.ed.gov
,,,,,Hello Gorgeous Barbers Stillwater's School of Barbering,Stillwater,OK,United States,collegescorecard.ed.gov
,,,,,Jackson Theological Seminary,North Little Rock,AR,United States,collegescorecard.ed.gov
7000.0,7000.0,0.4,,,Redeemers University North America,Greenville,TX,United States,collegescorecard.ed.gov
,,,,,Personal Touch Beauty and Barber College,Kingstree,SC,United States,collegescorecard.ed.gov
12374.0,12374.0,1.0,,,Reach University,Oakland,CA,United States,collegescorecard.ed.gov
,,,,,Technology Learning Center,Oxford,MA,United States,collegescorecard.ed.gov
16560.0,16560.0,0.7778,,,Hawaii Tokai International College,Kapolei,HI,United States,collegescorecard.ed.gov
,,,,,Hair Academy,Chillicothe,OH,United States,collegescorecard.ed.gov
,,,,,Sweetwater Institute of Cosmetology,Sweetwater,TN,United States,collegescorecard.ed.gov
,,,,,Kansas Health Science University,Wichita,KS,United States,collegescorecard.ed.gov
,,,,,Academy for Jewish Religion,Yonkers,NY,United States,collegescorecard.ed.gov
,,,,,American College of Healthcare and Technology-Santa Ana,Santa Ana,CA,United States,collegescorecard.ed.gov
16657.0,16657.0,,,,Aviation Institute of Maintenance-Chicago,Chicago,IL,United States,collegescorecard.ed.gov
8175.0,8175.0,0.4918,,,Evangel University-College of Online Learning,Springfield,MO,United States,collegescorecard.ed.gov
20100.0,20100.0,0.9169,,,Marian University-Ancilla,Plymouth,IN,United States,collegescorecard.ed.gov
,,,,,Spa Tech Institute-North Andover,North Andover,MA,United States,collegescorecard.ed.gov
,,,,,Aveda Arts & Sciences Institute Lafayette-Arlington,Arlington,VA,United States,collegescorecard.ed.gov
,,1.0,,,Concorde Career College-Broadway,Kansas City,MO,United States,collegescorecard.ed.gov
,,,,,United Education Institute-Stone Mountain,Stone Mountain,GA,United States,collegescorecard.ed.gov
,,,,,UEI College-Tacoma,Tacoma,WA,United States,collegescorecard.ed.gov
,,,,,Montgomery Beauty School-Baltimore Beauty & Barber School,Baltimore,MD,United States,collegescorecard.ed.gov
4100.0,4100.0,,,,Commonwealth of Puerto Rico Department of Education-PRAMI,Fajardo,PR,United States,collegescorecard.ed.gov
,,,,,Universal Technical Institute-South Florida Miramar,Miramar,FL,United States,collegescorecard.ed.gov
24944.0,24944.0,1.0,,,Arizona College of Nursing-Southfield,Southfield,MI,United States,collegescorecard.ed.gov
17048.0,17048.0,,,,Galen Health Institutes-Sarasota,Sarasota,FL,United States,collegescorecard.ed.gov
17048.0,17048.0,,,,Galen Health Institutes-Gainesville,Gainesville,FL,United States,collegescorecard.ed.gov
16364.0,16364.0,,,,Galen Health Institutes-Richmond,Richmond,VA,United States,collegescorecard.ed.gov
16364.0,16364.0,,,,Galen Health Institutes-Myrtle Beach,Myrtle Beach,SC,United States,collegescorecard.ed.gov
17048.0,17048.0,,,,Galen Health Institutes-Asheville,Asheville,NC,United States,collegescorecard.ed.gov
,,,,,Larkin University,Miami,FL,United States,collegescorecard.ed.gov
,,,,,The Salon Professional Academy Maplewood,Maplewood,MN,United States,collegescorecard.ed.gov
,,,,,Xtylo Beauty And Barber College,Tolleson,AZ,United States,collegescorecard.ed.gov
,,,,,San Francisco School of Massage & Bodywork,San Francisco,CA,United States,collegescorecard.ed.gov
,,0.6516,,,Chancellor Institute,Ft Laurderdale,FL,United States,collegescorecard.ed.gov
,,,,,The Salon Professional Academy,Collegeville,PA,United States,collegescorecard.ed.gov
,,,,,Studio 75 Hair Academy,Millington,TN,United States,collegescorecard.ed.gov
,,,,,Boone Career and Technical Center,Foster,WV,United States,collegescorecard.ed.gov
,,,,,Edge Academy of Beauty,Manchester,KY,United States,collegescorecard.ed.gov
,,,,,Premier Barber School,Houston,TX,United States,collegescorecard.ed.gov
24413.0,24413.0,1.0,,,Arizona College of Nursing-Falls Church,Falls Church,VA,United States,collegescorecard.ed.gov
31637.0,31637.0,1.0,,,Arizona College of Nursing-Ontario,Ontario,CA,United States,collegescorecard.ed.gov
17048.0,17048.0,,,,Galen Health Institutes-Houston,Houston,TX,United States,collegescorecard.ed.gov
16364.0,16364.0,,,,Galen Health Institutes-Pikeville,Pikeville,KY,United States,collegescorecard.ed.gov
,,,,,Stellar Career College,Chicago,IL,United States,collegescorecard.ed.gov
11046.0,22870.0,0.9309,1090.0,,Commonwealth University of Pennsylvania,Bloomsburg,PA,United States,collegescorecard.ed.gov
11436.0,16054.0,0.9433,1063.0,,Pennsylvania Western University,California,PA,United States,collegescorecard.ed.gov
7500.0,7500.0,,,,Justice University,Chandler,AZ,United States,collegescorecard.ed.gov
,,,,,I M Beauty School,Glenview,IL,United States,collegescorecard.ed.gov
,,,,,Aveda Institute Montana,Billings,MT,United States,collegescorecard.ed.gov
,,,,,Lehigh Career & Technical Institute,Schnecksville,PA,United States,collegescorecard.ed.gov
,,,,,CalCopa Massage School,Huntington Beach,CA,United States,collegescorecard.ed.gov
,,,,,Medical Solutions Academy,Danville,VA,United States,collegescorecard.ed.gov
,,,,,Sami Halaseh Institute,Andover,KS,United States,collegescorecard.ed.gov
,,,,,Beaver Beauty Academy,Decatur,GA,United States,collegescorecard.ed.gov
,,,,,Upper Kutz Barber & Style College,Greenville,MS,United States,collegescorecard.ed.gov
,,,,,All In The Wrist Barber Academy,Smyrna,DE,United States,collegescorecard.ed.gov
14000.0,14000.0,,,,Yeshiva of Kasho,Brooklyn,NY,United States,collegescorecard.ed.gov
,,,,,Cutting Edge Barber Academy,Lancaster,PA,United States,collegescorecard.ed.gov
,,,,,JT's Cuts Academy,Fort Lauderdale,FL,United States,collegescorecard.ed.gov
,,,,,The Nurse Academy,National City,CA,United States,collegescorecard.ed.gov
,,,,,Heartland Welding Academy,Andover,KS,United States,collegescorecard.ed.gov
,,,,,Jazz Barber and Hairstyling Academy,Petersburg,VA,United States,collegescorecard.ed.gov
,,,,,Renaissance Beauty Academy,Cape Girardeau,MO,United States,collegescorecard.ed.gov
,,,,,Central Valley Barber College,Riverbank,CA,United States,collegescorecard.ed.gov
,,,,,One Stop Academy,Fayetteville,NC,United States,collegescorecard.ed.gov
,,,,,East Texas Cosmetology College,Lufkin,TX,United States,collegescorecard.ed.gov
14000.0,14000.0,,,,Yeshivas Sanz Klauzenburg,Brooklyn,NY,United States,collegescorecard.ed.gov
30550.0,30550.0,,,,URBE University,Sweetwater,FL,United States,collegescorecard.ed.gov
,,,,,Art22 Academy,Fort Wayne,IN,United States,collegescorecard.ed.gov
,,,,,Champ's Barber School-Lebanon,Lebanon,PA,United States,collegescorecard.ed.gov
,,,,,Collectiv Hair Dressing Academy-Collectiv Academy-Dallas,Dallas,TX,United States,collegescorecard.ed.gov
,,,,,Homestead Schools-Costa Mesa,Costa Mesa,CA,United States,collegescorecard.ed.gov
,,,,,Innovate Salon Academy,Brick Township,NJ,United States,collegescorecard.ed.gov
13450.0,13450.0,0.9273,,,Herzing University-Nashville,Nashville,TN,United States,collegescorecard.ed.gov
25000.0,25000.0,,,,College of Biomedical Equipment Technology,Schertz,TX,United States,collegescorecard.ed.gov
9695.0,9695.0,,,,Dorsey College-Grand Rapids,Grand Rapids,MI,United States,collegescorecard.ed.gov
,,,,,Baltimore Beauty & Barber School II,Timonium,MD,United States,collegescorecard.ed.gov
17048.0,17048.0,,,,Galen Health Institutes-Dallas,Richardson,TX,United States,collegescorecard.ed.gov
16364.0,16364.0,,,,Galen Health Institutes-Roanoke,Roanoke,VA,United States,collegescorecard.ed.gov
16364.0,16364.0,,,,Galen Health Institutes-Wichita,Wichita,KS,United States,collegescorecard.ed.gov
16364.0,16364.0,,,,Galen Health Institutes-Salt Lake City,Draper,UT,United States,collegescorecard.ed.gov
,,,,,Aveda Institute Tucson-Avondale,Avondale,AZ,United States,collegescorecard.ed.gov
,,,,,Premiere Aesthetics Institute-Meridian,Meridian,ID,United States,collegescorecard.ed.gov
23093.0,23093.0,1.0,,,Arizona College of Nursing-Sarasota,University Park,FL,United States,collegescorecard.ed.gov
24653.0,24653.0,1.0,,,Arizona College of Nursing-Aurora,Aurora,CO,United States,collegescorecard.ed.gov
23760.0,23760.0,1.0,,,Arizona College of Nursing-Cincinnati,Cincinnati,OH,United States,collegescorecard.ed.gov
23760.0,23760.0,1.0,,,Arizona College of Nursing-Cleveland,Beachwood,OH,United States,collegescorecard.ed.gov
,,,,,Glendale Career College-North-West College-MFSON,West Covina,CA,United States,collegescorecard.ed.gov
,,,,,Denver College of Nursing-Houston,Houston,TX,United States,collegescorecard.ed.gov
,,,,,Gwinnett Institute,Orlando,FL,United States,collegescorecard.ed.gov
14497.0,14497.0,,,,Townsend Barber Institute,Roseville,MN,United States,collegescorecard.ed.gov
9395.0,9395.0,,,,Puerto Rico Advance Institute,Bayamon,PR,United States,collegescorecard.ed.gov
,,,,,Austin Medical Assistant Training,Forest Hills,NY,United States,collegescorecard.ed.gov
,,,,,Albany Beauty Academy,Albany,GA,United States,collegescorecard.ed.gov
,,,,,Wade Gordon Hairdressing Academy-Oklahoma,Oklahoma City,OK,United States,collegescorecard.ed.gov
7050.0,14125.0,0.725,,,EDP University of Puerto Rico-Caguas,Caguas,PR,United States,collegescorecard.ed.gov
16657.0,16657.0,,,,Aviation Institute of Maintenance-Phoenix,Phoenix,AZ,United States,collegescorecard.ed.gov
,,,,,Galen Health Institutes-Las Vegas,Las Vegas,NV,United States,collegescorecard.ed.gov
,,,,,Stellar Career College-Crown Point,Crown Point,IN,United States,collegescorecard.ed.gov
,,,,,Tulsa Welding School-Dallas Campus,Irving,TX,United States,collegescorecard.ed.gov
,,,,,Barber Tech Academy-Columbia,Columbia,SC,United States,collegescorecard.ed.gov
0.0,0.0,,,,Ricketts Great Books College,Omaha,NE,United States,collegescorecard.ed.gov
,,,,,Diverse Media Institute,St. Paul,MN,United States,collegescorecard.ed.gov
22700.0,22700.0,0.0183,,,Atlantic Acting School,New York,NY,United States,collegescorecard.ed.gov
8760.0,8760.0,0.8933,,,Mosdos Yaakov V'Yisroel,Lakewood,NJ,United States,collegescorecard.ed.gov
,,,,,Jama's Beauty & Barber College,West Hills,CA,United States,collegescorecard.ed.gov
,,,,,West Coast Barber College,Oceanside,CA,United States,collegescorecard.ed.gov
,,,,,C N K Barber College,Tupelo,MS,United States,collegescorecard.ed.gov
,,,,,South Post Oak Barber College,Houston,TX,United States,collegescorecard.ed.gov
,,1.0,,,Petra College,Hammond,LA,United States,collegescorecard.ed.gov
,,,,,Brighton Barber Institute,Hurst,TX,United States,collegescorecard.ed.gov
,,,,,Kentucky Welding Institute,Flemingsburg,KY,United States,collegescorecard.ed.gov
,,,,,Precision Welding Academy,Katy,TX,United States,collegescorecard.ed.gov
18215.0,18215.0,,,,Southwest Michigan Beauty School,Sturgis,MI,United States,collegescorecard.ed.gov
,,,,,Southwest University of Naprapathic Medicine,Santa Fe,NM,United States,collegescorecard.ed.gov
,,,,,Berea Beauty Academy,Berea,KY,United States,collegescorecard.ed.gov
,,,,,Affinity Hair Academy,Orlando,FL,United States,collegescorecard.ed.gov
,,,,,ICR Florida Education,North Miami Beach,FL,United States,collegescorecard.ed.gov
,,,,,Empire Beauty School-Indianapolis,Indianapolis,IN,United States,collegescorecard.ed.gov
3120.0,3120.0,,,,Doral College,Doral,FL,United States,collegescorecard.ed.gov
,,,,,Lincoln College of Technology-East Point,East Point,GA,United States,collegescorecard.ed.gov
16337.0,16337.0,,,,Tidewater Tech-East Little Creek,Norfolk,VA,United States,collegescorecard.ed.gov
,,,,,Lil Lou's Beauty and Barber College - South Bend,South Bend,IN,United States,collegescorecard.ed.gov
24653.0,24653.0,1.0,,,Arizona College of Nursing - Chesapeake,Chesapeake,VA,United States,collegescorecard.ed.gov
24653.0,24653.0,1.0,,,Arizona College of Nursing - Hartford,East Hartford,CT,United States,collegescorecard.ed.gov
,,,,,UCAS University of Cosmetology Arts & Sciences - 03,Brownsville,TX,United States,collegescorecard.ed.gov
23760.0,23760.0,1.0,,,Arizona College of Nursing-St Louis,Maryland Heights,MO,United States,collegescorecard.ed.gov
12300.0,12300.0,1.0,,,EDvance College,San Francisco,CA,United States,collegescorecard.ed.gov
,,,,,High Alternative Education,San Juan,PR,United States,collegescorecard.ed.gov
,,,,,Virginia Barber School,Richmond,VA,United States,collegescorecard.ed.gov
,,,,,Aguilas International Technical Institute,Tampa,FL,United States,collegescorecard.ed.gov
,,,,,Miami Barber Institute,Miami,FL,United States,collegescorecard.ed.gov
,,,,,Modern Male Barber Academy,Lansdale,PA,United States,collegescorecard.ed.gov
,,,,,Epic Barber College,Houston,TX,United States,collegescorecard.ed.gov
,,,,,Mosley School of Cosmetology,Kentwood,MI,United States,collegescorecard.ed.gov
,,0.7826,,,New Orleans Culinary and Hospitality Institute,New Orleans,LA,United States,collegescorecard.ed.gov
,,,,,Glitz School of Cosmetology -  Santa Fe Campus,Santa Fe,NM,United States,collegescorecard.ed.gov
,,,,,UR Beauty & Barber Academy-At True Family Barber Academy,Winter Haven,FL,United States,collegescorecard.ed.gov
,,,,,Shearz Institute,Lithia Springs,GA,United States,collegescorecard.ed.gov
,,,,,University of Fairfax,Salem,VA,United States,collegescorecard.ed.gov
,,,,,Circle of Love Academy,Dudley,NC,United States,collegescorecard.ed.gov
,,,,,Virginia Christian College,Dumfries,VA,United States,collegescorecard.ed.gov
,,,,,Ideal Institute of Technology,Pleasantville,NJ,United States,collegescorecard.ed.gov
,,,,,Beauty Culture Academy,Staten Island,NY,United States,collegescorecard.ed.gov
,,,,,Congregation YMH,Brooklyn,NY,United States,collegescorecard.ed.gov
,,,,,Eisek Hatorah DRachmistrivka,Staten Island,NY,United States,collegescorecard.ed.gov
,,,,,Centureon Institute,Miami,FL,United States,collegescorecard.ed.gov
,,,,,Dooby Shop School of Cosmetology,Charlotte,NC,United States,collegescorecard.ed.gov
,,,,,New Image Beauty and Barber School,Harlingen,TX,United States,collegescorecard.ed.gov
,,,,,Final Touch Barber Academy,Philadelphia,PA,United States,collegescorecard.ed.gov
,,,,,Metropolitan Barber Academy,Enola,PA,United States,collegescorecard.ed.gov
,,,,,Bet Midrash Ohel Torah,Lakewood,NJ,United States,collegescorecard.ed.gov
,,,,,Northpoint College,Wyoming,MI,United States,collegescorecard.ed.gov
,,,,,Goodwill Technical College,New Orleans,LA,United States,collegescorecard.ed.gov
,,,,,Charm Beauty School,Dearborn Heights,MI,United States,collegescorecard.ed.gov
,,,,,Salon Professional Academy (The),Whitehouse,TX,United States,collegescorecard.ed.gov
,,,,,Noe' Noonan School of Cosmetology,Erie,PA,United States,collegescorecard.ed.gov
,,,,,Salon Professional Academy,Fort Wayne,IN,United States,collegescorecard.ed.gov
,,,,,Champ's Barber School-York,York,PA,United States,collegescorecard.ed.gov
,,,,,United Education Institute-Dallas,Dallas,TX,United States,collegescorecard.ed.gov
,,,,,Galen Health Institutes-Aurora,Aurora,CO,United States,collegescorecard.ed.gov
,,,,,Galen Health Institutes-Savannah,Pooler,GA,United States,collegescorecard.ed.gov
,,,,,Galen Health Institutes-Orlando,Orlando,FL,United States,collegescorecard.ed.gov
,,,,,Carrington College-Bakersfield,Bakersfield,CA,United States,collegescorecard.ed.gov
,,,,,Carrington College-Fresno,Fresno,CA,United States,collegescorecard.ed.gov
,,,,,Carrington College-Hesperia,Hesperia,CA,United States,collegescorecard.ed.gov
,,,,,Carrington College-Lancaster,Lancaster,CA,United States,collegescorecard.ed.gov
,,,,,Carrington College-Modesto,Salida,CA,United States,collegescorecard.ed.gov
,,,,,Carrington College-Ontario,Ontario,CA,United States,collegescorecard.ed.gov
,,,,,Carrington College-Rancho Cordova,Rancho Cordova,CA,United States,collegescorecard.ed.gov
,,,,,Carrington College-Rancho Mirage,Rancho Mirage,CA,United States,collegescorecard.ed.gov
,,,,,Carrington College-Santa Maria,Santa Maria,CA,United States,collegescorecard.ed.gov
,,,,,Carrington College-Temecula,Temecula,CA,United States,collegescorecard.ed.gov
,,,,,Carrington College-Visalia,Visalia,CA,United States,collegescorecard.ed.gov
,,,,,Lyon College-School of Dental Medicine,Little Rock,AR,United States,collegescorecard.ed.gov
,,,,,Premiere Aesthetics Institute-Post Falls,Post Falls,ID,United States,collegescorecard.ed.gov
,,,,,IntelliTec College-Euphoria Institute of Beauty Arts and Sciences,Las Vegas,NV,United States,collegescorecard.ed.gov
,,,,,Tint School of Makeup & Cosmetology-Plano,Plano,TX,United States,collegescorecard.ed.gov
,,,,,College of Health Care Professions-Garland,Garland,TX,United States,collegescorecard.ed.gov
,,,,,Ohio Business College-Columbus,Columbus,OH,United States,collegescorecard.ed.gov
,,,,,Glendale Career College-Nevada Career Institute-MFSON,Las Vegas,NV,United States,collegescorecard.ed.gov
,,,,,UEI College-United Education Institute-Albuquerque,Albuquerque,NM,United States,collegescorecard.ed.gov
,,,,,UEI College-United Education Institute-Houston,Houston,TX,United States,collegescorecard.ed.gov
,,,,,Glendale Career College-North-West College-MFSON-Riverside,Riverside,CA,United States,collegescorecard.ed.gov
,,,,,Activa Training Center,Miami,FL,United States,collegescorecard.ed.gov
,,,,,Chicago College of Oriental Medicine,Chicago,IL,United States,collegescorecard.ed.gov
,,,,,Neihule Academy of Beauty,Los Angeles,CA,United States,collegescorecard.ed.gov
,,,,,Prince's Barber Academy,Zanesville,OH,United States,collegescorecard.ed.gov
,,,,,Style Mobb University School of Cosmetology,College Park,GA,United States,collegescorecard.ed.gov
,,,,,Yeshiva Gedola Amidei Dgirsa,Brooklyn,NY,United States,collegescorecard.ed.gov
,,,,,Care Hope College,Jupiter,FL,United States,collegescorecard.ed.gov
,,,,,UTH Florida University,Miami,FL,United States,collegescorecard.ed.gov
,,,,,University of North America,Fairfax,VA,United States,collegescorecard.ed.gov
,,,,,West Coast University-Los Angeles,North Hollywood,CA,United States,collegescorecard.ed.gov
,,,,,Orange Technical College-Avalon Campus,Orlando,FL,United States,collegescorecard.ed.gov
,,,,,Herzing University-Clarksville,Clarksville,TN,United States,collegescorecard.ed.gov
,,,,,Ogle School Hair Skin Nails-Atlanta,Atlanta,GA,United States,collegescorecard.ed.gov
,,,,,The Chicago School at Dallas,Plano,TX,United States,collegescorecard.ed.gov
,,,,,Elaine Sterling Institute-Dunwoody,Dunwoody,GA,United States,collegescorecard.ed.gov
,,,,,Las Vegas College-Houston Career Institute,Houston,TX,United States,collegescorecard.ed.gov
,,,,,Northwest Educational Center-Construction Technology,Houton,TX,United States,collegescorecard.ed.gov
,,,,,Lincoln College of Technology-Houston,Houston,TX,United States,collegescorecard.ed.gov
,,,,,Glitz School of Cosmetology-Casa Grande Campus,Casa Grande,AZ,United States,collegescorecard.ed.gov
,,,,,San Joaquin Valley College-San Leandro,San Leandro,CA,United States,collegescorecard.ed.gov
,,,,,San Joaquin Valley College-Sacramento,Sacramento,CA,United States,collegescorecard.ed.gov
,,,,,San Joaquin Valley College-Phoenix,Phoenix,AZ,United States,collegescorecard.ed.gov
,,,,,Concorde Career College-Portland,Portland,OR,United States,collegescorecard.ed.gov
,,,,,Riggins Urban Barber College-Palm Avenue,San Diego,CA,United States,collegescorecard.ed.gov
10176.0,20352.0,,,,Troy University-Phenix City Campus,Phenix City,AL,United States,collegescorecard.ed.gov
10176.0,20352.0,,,,Troy University-Montgomery Campus,Montgomery,AL,United States,collegescorecard.ed.gov
10176.0,20352.0,,,,Troy University-Dothan Campus,Dothan,AL,United States,collegescorecard.ed.gov
10176.0,10176.0,,,,Troy University-Online,Troy,AL,United States,collegescorecard.ed.gov
10176.0,10176.0,,,,Troy University-Support Sites,Alpharetta,GA,United States,collegescorecard.ed.gov
12223.0,33139.0,,,,Arizona State University-West Valley,Glendale,AZ,United States,collegescorecard.ed.gov
12223.0,33139.0,,,,Arizona State University-Polytechnic,Mesa,AZ,United States,collegescorecard.ed.gov
12223.0,33139.0,,,,Arizona State University-Downtown Phoenix,Phoenix,AZ,United States,collegescorecard.ed.gov
,,,,,Arizona State University - Tucson,Tucson,AZ,United States,collegescorecard.ed.gov
,,,,,Arizona State University - The Gila Valley,Thatcher,AZ,United States,collegescorecard.ed.gov
,,,,,Arizona State University - Yuma,Yuma,AZ,United States,collegescorecard.ed.gov
,,,,,Arizona State University - Pinal,Coolidge,AZ,United States,collegescorecard.ed.gov
,,,,,Arizona State University - Cochise,Sierra Vista,AZ,United States,collegescorecard.ed.gov
,,,,,Arizona State University - Yavapai,Prescott Valley,AZ,United States,collegescorecard.ed.gov
,,,,,Arizona State University - Pima,Tucson,AZ,United States,collegescorecard.ed.gov
,,,,,Arizona State University - Washington D.C.,Washington,DC,United States,collegescorecard.ed.gov
,,,,,Arizona State University - Northeastern Arizona,Show Low,AZ,United States,collegescorecard.ed.gov
,,,,,Arizona State University - Mesa City Center,Mesa,AZ,United States,collegescorecard.ed.gov
11663.0,25185.0,,,,Arizona State University - ASU California Center - Broadway,Los Angeles,CA,United States,collegescorecard.ed.gov
11663.0,25185.0,,,,Arizona State University - ASU California Center - Grand,Los Angeles,CA,United States,collegescorecard.ed.gov
,,,,,Arkansas Technical School,North Little Rock,AR,United States,collegescorecard.ed.gov
,,,,,Career Academy of Hair Design-Siloam Springs,Siloam Springs,AR,United States,collegescorecard.ed.gov
,,,,,Career Academy of Hair Design-Rogers,Rogers,AR,United States,collegescorecard.ed.gov
,,,,,Career Academy of Hair Design-Fayetteville,Fayetteville,AR,United States,collegescorecard.ed.gov
,,,,,Career Academy of Hair Design - Fort Smith,Fort Smith,AR,United States,collegescorecard.ed.gov
3885.0,5565.0,,,,University of Arkansas Community College at Hope - Texarkana,Texarkana,AR,United States,collegescorecard.ed.gov
,,,,,Alliant International University-Fresno,Fresno,CA,United States,collegescorecard.ed.gov
,,,,,Alliant International University-Los Angeles,Alhambra,CA,United States,collegescorecard.ed.gov
,,,,,Alliant International University-San Francisco Bay Area,Emeryville,CA,United States,collegescorecard.ed.gov
,,,,,Alliant International University-Irvine,Irvine,CA,United States,collegescorecard.ed.gov
,,,,,Alliant International University-Sacramento,Sacramento,CA,United States,collegescorecard.ed.gov
14254.0,14254.0,,,,Alliant International University - Phoenix,Phoenix,AZ,United States,collegescorecard.ed.gov
,,,,,Casa Loma College - Nashville,Nashville,TN,United States,collegescorecard.ed.gov
,,,,,Casa Loma College -  Aurora,Aurora,CO,United States,collegescorecard.ed.gov
,,,,,San Jose Campus,San Jose,CA,United States,collegescorecard.ed.gov
1156.0,11860.0,,,,IDEA at ATEP,Tustin,CA,United States,collegescorecard.ed.gov
16138.0,16138.0,,,,Life Pacific University-Virginia,Christiansburg,VA,United States,collegescorecard.ed.gov
,,,,,Life Chiropractic College West - Bellevue University,Bellevue,NE,United States,collegescorecard.ed.gov
1158.0,9750.0,,,,MiraCosta College - San Elijo Campus,Cardiff,CA,United States,collegescorecard.ed.gov
49564.0,49564.0,,,,Mount Saint Mary's University - Doheny Campus,Los Angeles,CA,United States,collegescorecard.ed.gov
,,,,,RAND School of Public Policy - Virginia,Arlington,VA,United States,collegescorecard.ed.gov
7498.0,20098.0,,,,San Diego State University-Imperial Valley Campus,Calexico,CA,United States,collegescorecard.ed.gov
1180.0,9772.0,,,,San Joaquin Delta College,Stockton,CA,United States,collegescorecard.ed.gov
,,,,,Jesuit School of Theology of Santa Clara University,Berkeley,CA,United States,collegescorecard.ed.gov
30200.0,30200.0,,,,Thomas Aquinas College - New England,Northfield,MA,United States,collegescorecard.ed.gov
1425.0,10125.0,,,,Victor Valley Community College - Aviation Technology,Victorville,CA,United States,collegescorecard.ed.gov
,,,,,Wright Institute (The) -,Berkeley,CA,United States,collegescorecard.ed.gov
,,,,,Denver Seminary - Washington DC,Landover,MD,United States,collegescorecard.ed.gov
21188.0,21188.0,,,,Goodwin University - Bridgeport Campus,Bridgeport,CT,United States,collegescorecard.ed.gov
15856.0,15856.0,,,,Porter and Chester Institute of Waterbury,Waterbury,CT,United States,collegescorecard.ed.gov
15856.0,15856.0,,,,Porter and Chester Institute of Worcester,Worcester,MA,United States,collegescorecard.ed.gov
15856.0,15856.0,,,,Porter and Chester Institute - Brockton,Brockton,MA,United States,collegescorecard.ed.gov
15856.0,15856.0,,,,Porter and Chester Institute - Chicopee,Chicopee,MA,United States,collegescorecard.ed.gov
15856.0,15856.0,,,,Porter and Chester Institute - New London,New London,CT,United States,collegescorecard.ed.gov
5445.0,12308.0,,,,Delaware Technical Community College-Owens,Georgetown,DE,United States,collegescorecard.ed.gov
5445.0,12308.0,,,,Delaware Technical Community College-Stanton/Wilmington,Wilmington,DE,United States,collegescorecard.ed.gov
,,,,,Barry University Law School,Orlando,FL,United States,collegescorecard.ed.gov
25056.0,25056.0,,,,Keiser University-Melbourne,Melbourne,FL,United States,collegescorecard.ed.gov
25056.0,25056.0,,,,Keiser University-Tallahassee,Tallahassee,FL,United States,collegescorecard.ed.gov
25056.0,25056.0,,,,Keiser University-Daytona,Daytona Beach,FL,United States,collegescorecard.ed.gov
25056.0,25056.0,,,,Keiser University-Lakeland,Lakeland,FL,United States,collegescorecard.ed.gov
25056.0,25056.0,,,,Keiser University- Miami,Miami,FL,United States,collegescorecard.ed.gov
25056.0,25056.0,,,,Keiser University-Orlando,Orlando,FL,United States,collegescorecard.ed.gov
25056.0,25056.0,,,,Keiser University-Sarasota,Sarasota,FL,United States,collegescorecard.ed.gov
25056.0,25056.0,,,,Keiser University-Jacksonville,Jacksonville,FL,United States,collegescorecard.ed.gov
25056.0,25056.0,,,,Keiser University-Tampa,Tampa,FL,United States,collegescorecard.ed.gov
25056.0,25056.0,,,,Keiser University-Pembroke Pines,Pembroke Pines,FL,United States,collegescorecard.ed.gov
25056.0,25056.0,,,,Keiser University-Port St Lucie,Port St Lucie,FL,United States,collegescorecard.ed.gov
25056.0,25056.0,,,,Keiser University-West Palm Beach,West Palm Beach,FL,United States,collegescorecard.ed.gov
25056.0,25056.0,,,,Keiser University-Ft Myers,Ft Myers,FL,United States,collegescorecard.ed.gov
25056.0,25056.0,,,,Keiser University -  Clearwater,Clearwater,FL,United States,collegescorecard.ed.gov
25056.0,25056.0,,,,Keiser University - New Port Richey,New Port Richey,FL,United States,collegescorecard.ed.gov
38788.0,38788.0,,,,Keiser University - Residential (Flagship),West Palm Beach,FL,United States,collegescorecard.ed.gov
,,,,,Maynard A. Traviss Technical College - Central Florida Aerospace Academy,Lakeland,FL,United States,collegescorecard.ed.gov
,,,,,Traviss Technical College - ATCFO,Bartow,FL,United States,collegescorecard.ed.gov
,,,,,Miami Lakes Educational Center and Technical College -,Miami Lakes,FL,United States,collegescorecard.ed.gov
15314.0,15314.0,,,,Rasmussen University-Central Pasco,Odessa,FL,United States,collegescorecard.ed.gov
15314.0,15314.0,,,,Rasmussen University-Fort Myers,Fort Myers,FL,United States,collegescorecard.ed.gov
15314.0,15314.0,,,,Rasmussen University-Tampa/Brandon,Brandon,FL,United States,collegescorecard.ed.gov
15314.0,15314.0,,,,Rasmussen University-North Orlando,Altamonte Springs,FL,United States,collegescorecard.ed.gov
4278.0,11238.0,,,,East Georgia State College - Statesboro,Statesboro,GA,United States,collegescorecard.ed.gov
4094.0,11054.0,,,,East Georgia State College - Augusta,Augusta,GA,United States,collegescorecard.ed.gov
5260.0,12460.0,,,,Illinois Eastern Community Colleges-Olney Central College,Olney,IL,United States,collegescorecard.ed.gov
5260.0,12460.0,,,,Illinois Eastern Community Colleges-Frontier Community College,Fairfield,IL,United States,collegescorecard.ed.gov
5260.0,12460.0,,,,Illinois Eastern Community Colleges-Lincoln Trail College,Robinson,IL,United States,collegescorecard.ed.gov
5260.0,12460.0,,,,Illinois Eastern Community Colleges-Wabash Valley College,Mount Carmel,IL,United States,collegescorecard.ed.gov
,,,,,Moody Theological Seminary and Graduate School--Michigan,Plymouth,MI,United States,collegescorecard.ed.gov
14784.0,14784.0,,,,Moody Bible Institute - Spokane,Spokane,WA,United States,collegescorecard.ed.gov
2000.0,2000.0,,,,Triton College - Intl Union of Operating Engr Local 399 Trning Fac.,Chicago,IL,United States,collegescorecard.ed.gov
,,,,,PJ's College of Cosmetology- Brownsburg,Brownsburg,IN,United States,collegescorecard.ed.gov
,,,,,PJ's College of Cosmetology- Jeffersonville,Jeffersonville,IN,United States,collegescorecard.ed.gov
5154.0,9935.0,,,,Ivy Tech Community College-South Bend/Elkhart,South Bend,IN,United States,collegescorecard.ed.gov
5154.0,9935.0,,,,Ivy Tech Community College-Columbus,Columbus,IN,United States,collegescorecard.ed.gov
5154.0,9935.0,,,,Ivy Tech Community College-Muncie,Muncie,IN,United States,collegescorecard.ed.gov
5154.0,9935.0,,,,Ivy Tech Community College-Kokomo,Kokomo,IN,United States,collegescorecard.ed.gov
5154.0,9935.0,,,,Ivy Tech Community College-Lafayette,Lafayette,IN,United States,collegescorecard.ed.gov
5154.0,9935.0,,,,Ivy Tech Community College-Fort Wayne,Fort Wayne,IN,United States,collegescorecard.ed.gov
5154.0,9935.0,,,,Ivy Tech Community College-Sellersburg,Sellersburg,IN,United States,collegescorecard.ed.gov
5154.0,9935.0,,,,Ivy Tech Community College-Evansville,Evansville,IN,United States,collegescorecard.ed.gov
5154.0,9935.0,,,,Ivy Tech Community College-Terre Haute,Terre Haute,IN,United States,collegescorecard.ed.gov
5154.0,9935.0,,,,Ivy Tech Community College-Richmond,Richmond,IN,United States,collegescorecard.ed.gov
5154.0,9935.0,,,,Ivy Tech Community College-Lake County,East Chicago,IN,United States,collegescorecard.ed.gov
5154.0,9935.0,,,,Ivy Tech Community College-Madison,Madison,IN,United States,collegescorecard.ed.gov
5154.0,9935.0,,,,Ivy Tech Community College-Bloomington,Bloomington,IN,United States,collegescorecard.ed.gov
5154.0,9935.0,,,,Ivy Tech Community College-Indianapolis,Indianapolis,IN,United States,collegescorecard.ed.gov
5154.0,9935.0,,,,Ivy Tech Community College-Marion,Marion,IN,United States,collegescorecard.ed.gov
5154.0,9935.0,,,,Ivy Tech Community College-Valparaiso,Valparaiso,IN,United States,collegescorecard.ed.gov
5154.0,9935.0,,,,Ivy Tech Community College-Lawrenceburg,Lawrenceburg,IN,United States,collegescorecard.ed.gov
5154.0,9935.0,,,,Ivy Tech Community College-Hamilton County,Noblesville,IN,United States,collegescorecard.ed.gov
5154.0,9935.0,,,,Ivy Tech Community College-Anderson,Anderson,IN,United States,collegescorecard.ed.gov
10762.0,34891.0,,,,Indiana University Fort Wayne,Fort Wayne,IN,United States,collegescorecard.ed.gov
10762.0,34891.0,,,,Indiana University Columbus,Columbus,IN,United States,collegescorecard.ed.gov
,,,,,University of Notre Dame -,Chicago,IL,United States,collegescorecard.ed.gov
14940.0,14940.0,,,,Graceland University - Independence,Independence,MO,United States,collegescorecard.ed.gov
,,,,,Baker University School of Nursing,Topeka,KS,United States,collegescorecard.ed.gov
3600.0,4680.0,,,,Coffeyville Technical Campus,Coffeyville,KS,United States,collegescorecard.ed.gov
3600.0,4680.0,,,,Columbus Technical Campus,Columbus,KS,United States,collegescorecard.ed.gov
,,,,,Coffeyville Community College - EMS Building,Coffeyville,KS,United States,collegescorecard.ed.gov
,,,,,Old Town Barber College - KC,Kansas City,MO,United States,collegescorecard.ed.gov
,,,,,PJ's College of Cosmetology- Greenfield,Greenfield,IN,United States,collegescorecard.ed.gov
,,,,,PJ's College of Cosmetology- Muncie,Muncie,IN,United States,collegescorecard.ed.gov
,,,,,PJ's College of Cosmetology- Indianapolis,Indianapolis,IN,United States,collegescorecard.ed.gov
,,,,,PJ's College of Cosmetology- Plainfield,Plainfield,IN,United States,collegescorecard.ed.gov
,,,,,PJ's College of Cosmetology- Louisville,Louisville,KY,United States,collegescorecard.ed.gov
,,,,,Southeastern Louisiana University - EBR Parish School System Prof Dev,Baton Rouge,LA,United States,collegescorecard.ed.gov
,,,,,Southeastern Louisiana University - St Amant High School,St Amant,LA,United States,collegescorecard.ed.gov
,,,,,Southeastern Louisiana University - Destrahan High School,Destrehan,LA,United States,collegescorecard.ed.gov
,,,,,Southeastern Louisiana University - Albert Cammon Middle School,St. Rose,LA,United States,collegescorecard.ed.gov
,,,,,Beal University,Wilton,ME,United States,collegescorecard.ed.gov
10050.0,18540.0,,,,University of Maine - Machias,Machias,ME,United States,collegescorecard.ed.gov
17476.0,17476.0,,,,Unity Environmental University - Unity,Unity,ME,United States,collegescorecard.ed.gov
13000.0,13000.0,,,,Baker College of Cadillac,Cadillac,MI,United States,collegescorecard.ed.gov
13000.0,13000.0,,,,Baker College of Jackson,Jackson,MI,United States,collegescorecard.ed.gov
13000.0,13000.0,,,,Baker College of Muskegon,Muskegon,MI,United States,collegescorecard.ed.gov
13000.0,13000.0,,,,Baker College - Royal Oak Campus,Royal Oak,MI,United States,collegescorecard.ed.gov
,,,,,Calvin University - Handlon Campus,Ionia,MI,United States,collegescorecard.ed.gov
24466.0,24466.0,,,,Davenport University-Warren Location,Warren,MI,United States,collegescorecard.ed.gov
,,,,,Davenport University-Kalamazoo Location,Kalamazoo,MI,United States,collegescorecard.ed.gov
24466.0,24466.0,,,,Davenport University-Lansing Location,Lansing,MI,United States,collegescorecard.ed.gov
24466.0,24466.0,,,,Davenport University-Midland Location,Midland,MI,United States,collegescorecard.ed.gov
,,,,,Davenport University-Traverse City Location,Traverse City,MI,United States,collegescorecard.ed.gov
,,,,,Davenport University - Wayne CCCD,Belleville,MI,United States,collegescorecard.ed.gov
,,,,,Davenport University - Detroit,Detroit,MI,United States,collegescorecard.ed.gov
5682.0,5682.0,,,,Anoka-Ramsey Community College-Cambridge Campus,Cambridge,MN,United States,collegescorecard.ed.gov
6249.0,6249.0,,,,Central Lakes College-Staples Campus,Staples,MN,United States,collegescorecard.ed.gov
5825.0,5825.0,,,,M State - Detroit Lakes Campus,Detroit Lakes,MN,United States,collegescorecard.ed.gov
6026.0,6026.0,,,,M State - Moorhead Campus,Moorhead,MN,United States,collegescorecard.ed.gov
5855.0,5855.0,,,,M State - Wadena Campus,Wadena,MN,United States,collegescorecard.ed.gov
6022.0,6022.0,,,,Minnesota North College - Itasca,Grand Rapids,MN,United States,collegescorecard.ed.gov
6022.0,6022.0,,,,Minnesota North College - Mesabi Range Virginia,Virginia,MN,United States,collegescorecard.ed.gov
6022.0,6022.0,,,,Minnesota North College - Mesabi Range Eveleth,Eveleth,MN,United States,collegescorecard.ed.gov
6022.0,6022.0,,,,Minnesota North College - Rainy River,International Falls,MN,United States,collegescorecard.ed.gov
6022.0,6022.0,,,,Minnesota North College - Vermilion,Ely,MN,United States,collegescorecard.ed.gov
6146.0,6146.0,,,,South Central College-Faribault,Faribault,MN,United States,collegescorecard.ed.gov
3257.0,3257.0,,,,Mayo Clinic College of Medicine and Science - Florida,Jacksonville,FL,United States,collegescorecard.ed.gov
3257.0,3257.0,,,,Mayo Clinic College of Medicine and Science - Arizona,Scottsdale,AZ,United States,collegescorecard.ed.gov
,,,,,Mayo Clinic College of Medicine and Science - Arizona,Phoenix,AZ,United States,collegescorecard.ed.gov
6289.0,6289.0,,,,Northland Community and Technical College - East Grand Forks,East Grand Forks,MN,United States,collegescorecard.ed.gov
6289.0,6289.0,,,,Northland Community and Technical College - Aerospace,Thief River Falls,MN,United States,collegescorecard.ed.gov
11490.0,11490.0,,,,Rasmussen University-Bloomington,Bloomington,MN,United States,collegescorecard.ed.gov
11490.0,11490.0,,,,Rasmussen University-Eagan,Eagan,MN,United States,collegescorecard.ed.gov
11490.0,11490.0,,,,Rasmussen University-Mankato,Mankato,MN,United States,collegescorecard.ed.gov
11490.0,11490.0,,,,Rasmussen University-Hennepin/Anoka,Brooklyn Park,MN,United States,collegescorecard.ed.gov
6432.0,6432.0,,,,Minnesota State CollegeSoutheast-Red Wing Campus,Red Wing,MN,United States,collegescorecard.ed.gov
4200.0,5200.0,,,,Copiah-Lincoln Community College Simpson County Center,Mendenhall,MS,United States,collegescorecard.ed.gov
4200.0,5200.0,,,,Copiah-Lincoln Community College-Natchez Campus,Natchez,MS,United States,collegescorecard.ed.gov
,,,,,University of Mississippi Medical Center,Jackson,MS,United States,collegescorecard.ed.gov
3700.0,6100.0,,,,Pearl River Community College-Forrest County Campus,Hattiesburg,MS,United States,collegescorecard.ed.gov
3700.0,6100.0,,,,PRCC Hancock Aviation Aerospace Workforce Academy,Kiln,MS,United States,collegescorecard.ed.gov
,,,,,Avila University -  Arizona,Goodyear,AZ,United States,collegescorecard.ed.gov
8256.0,8256.0,,,,Columbia College - Redstone Arsenal,Redstone Arsenal,AL,United States,collegescorecard.ed.gov
8256.0,8256.0,,,,Columbia College - NAS Jacksonville,Jacksonville,FL,United States,collegescorecard.ed.gov
8256.0,8256.0,,,,Columbia College - Fort Leonard Wood,Fort Leonard Wood,MO,United States,collegescorecard.ed.gov
8256.0,8256.0,,,,Columbia College - Lake Ozark,Osage Beach,MO,United States,collegescorecard.ed.gov
8256.0,8256.0,,,,Columbia College - Fort Worth,Fort Worth,TX,United States,collegescorecard.ed.gov
8256.0,8256.0,,,,Columbia College - Naval Station Everett/Marysville,Marysville,WA,United States,collegescorecard.ed.gov
8256.0,8256.0,,,,Columbia College - Fort Stewart,Ft. Stewart,GA,United States,collegescorecard.ed.gov
8256.0,8256.0,,,,Columbia College - Hunter Army Airfield,Hunter Army Airfield,GA,United States,collegescorecard.ed.gov
8256.0,8256.0,,,,Columbia College - Elgin,Elgin,IL,United States,collegescorecard.ed.gov
8256.0,8256.0,,,,Columbia College - Whidbey Island,Oak Harbor,WA,United States,collegescorecard.ed.gov
8256.0,8256.0,,,,Columbia College - Fort Sill,Fort Sill,OK,United States,collegescorecard.ed.gov
8256.0,8256.0,,,,Columbia College - San Diego,San Diego,CA,United States,collegescorecard.ed.gov
8256.0,8256.0,,,,Columbia College - Denver,Aurora,CO,United States,collegescorecard.ed.gov
8256.0,8256.0,,,,Columbia College - Whiteman AFB,Whiteman AFB,MO,United States,collegescorecard.ed.gov
,,,,,Kansas City University-Joplin,Joplin,MO,United States,collegescorecard.ed.gov
4897.0,10823.0,,,,City College Montana State University Billings,Billings,MT,United States,collegescorecard.ed.gov
,,,,,American Institute,Clifton,NJ,United States,collegescorecard.ed.gov
,,,,,Monmouth University -  Monmouth Park Corporate Center,West Long Branch,NJ,United States,collegescorecard.ed.gov
,,,,,Bard College - Holyoke Microcollege,Holyoke,MA,United States,collegescorecard.ed.gov
,,,,,Bard College - Coxsackie Correctional Facility,Coxsackie,NY,United States,collegescorecard.ed.gov
,,,,,Bard College - Eastern NY Correctional Facility,Napanoch,NY,United States,collegescorecard.ed.gov
,,,,,Bard College - Fishkill Correctional Facility,Beacon,NY,United States,collegescorecard.ed.gov
,,,,,Bard College - Green Haven Correctional Facility,Stormville,NY,United States,collegescorecard.ed.gov
,,,,,Bard College - Taconic Correctional Facility,Bedford Hill,NY,United States,collegescorecard.ed.gov
,,,,,Bard College - Woodbourne Correctional Facility,Woodbourne,NY,United States,collegescorecard.ed.gov
,,,,,Bard College - BHSEC Newark,Newark,NJ,United States,collegescorecard.ed.gov
,,,,,Bard College - Brooklyn Public Library,Brooklyn,NY,United States,collegescorecard.ed.gov
